ISO-10303-21;
HEADER;
FILE_DESCRIPTION(('Open CASCADE Model'),'2;1');
FILE_NAME('Open CASCADE Shape Model','2026-03-13T08:13:12',('Author'),(
    'Open CASCADE'),'Open CASCADE STEP processor 7.5','Open CASCADE 7.5'
  ,'Unknown');
FILE_SCHEMA(('AUTOMOTIVE_DESIGN { 1 0 10303 214 1 1 1 1 }'));
ENDSEC;
DATA;
#1 = APPLICATION_PROTOCOL_DEFINITION('international standard',
  'automotive_design',2000,#2);
#2 = APPLICATION_CONTEXT(
  'core data for automotive mechanical design processes');
#3 = SHAPE_DEFINITION_REPRESENTATION(#4,#10);
#4 = PRODUCT_DEFINITION_SHAPE('','',#5);
#5 = PRODUCT_DEFINITION('design','',#6,#9);
#6 = PRODUCT_DEFINITION_FORMATION('','',#7);
#7 = PRODUCT('PCB','PCB','',(#8));
#8 = PRODUCT_CONTEXT('',#2,'mechanical');
#9 = PRODUCT_DEFINITION_CONTEXT('part definition',#2,'design');
#10 = SHAPE_REPRESENTATION('',(#11,#15,#19,#23,#27,#31),#35);
#11 = AXIS2_PLACEMENT_3D('',#12,#13,#14);
#12 = CARTESIAN_POINT('',(0.,0.,0.));
#13 = DIRECTION('',(0.,0.,1.));
#14 = DIRECTION('',(1.,0.,-0.));
#15 = AXIS2_PLACEMENT_3D('',#16,#17,#18);
#16 = CARTESIAN_POINT('',(0.,0.,0.));
#17 = DIRECTION('',(0.,0.,1.));
#18 = DIRECTION('',(1.,0.,-0.));
#19 = AXIS2_PLACEMENT_3D('',#20,#21,#22);
#20 = CARTESIAN_POINT('',(0.,0.,0.));
#21 = DIRECTION('',(0.,0.,1.));
#22 = DIRECTION('',(1.,0.,-0.));
#23 = AXIS2_PLACEMENT_3D('',#24,#25,#26);
#24 = CARTESIAN_POINT('',(0.,0.,0.));
#25 = DIRECTION('',(0.,0.,1.));
#26 = DIRECTION('',(1.,0.,-0.));
#27 = AXIS2_PLACEMENT_3D('',#28,#29,#30);
#28 = CARTESIAN_POINT('',(0.,0.,0.));
#29 = DIRECTION('',(0.,0.,1.));
#30 = DIRECTION('',(1.,0.,-0.));
#31 = AXIS2_PLACEMENT_3D('',#32,#33,#34);
#32 = CARTESIAN_POINT('',(0.,0.,0.));
#33 = DIRECTION('',(0.,0.,1.));
#34 = DIRECTION('',(1.,0.,-0.));
#35 = ( GEOMETRIC_REPRESENTATION_CONTEXT(3) 
GLOBAL_UNCERTAINTY_ASSIGNED_CONTEXT((#39)) GLOBAL_UNIT_ASSIGNED_CONTEXT(
(#36,#37,#38)) REPRESENTATION_CONTEXT('Context #1',
  '3D Context with UNIT and UNCERTAINTY') );
#36 = ( LENGTH_UNIT() NAMED_UNIT(*) SI_UNIT(.MILLI.,.METRE.) );
#37 = ( NAMED_UNIT(*) PLANE_ANGLE_UNIT() SI_UNIT($,.RADIAN.) );
#38 = ( NAMED_UNIT(*) SI_UNIT($,.STERADIAN.) SOLID_ANGLE_UNIT() );
#39 = UNCERTAINTY_MEASURE_WITH_UNIT(LENGTH_MEASURE(5.E-06),#36,
  'distance_accuracy_value','confusion accuracy');
#40 = PRODUCT_RELATED_PRODUCT_CATEGORY('part',$,(#7));
#41 = SHAPE_DEFINITION_REPRESENTATION(#42,#48);
#42 = PRODUCT_DEFINITION_SHAPE('','',#43);
#43 = PRODUCT_DEFINITION('design','',#44,#47);
#44 = PRODUCT_DEFINITION_FORMATION('','',#45);
#45 = PRODUCT('Board','Board','',(#46));
#46 = PRODUCT_CONTEXT('',#2,'mechanical');
#47 = PRODUCT_DEFINITION_CONTEXT('part definition',#2,'design');
#48 = SHAPE_REPRESENTATION('',(#11,#49),#53);
#49 = AXIS2_PLACEMENT_3D('',#50,#51,#52);
#50 = CARTESIAN_POINT('',(0.,0.,-1.5940024));
#51 = DIRECTION('',(0.,0.,1.));
#52 = DIRECTION('',(1.,0.,-0.));
#53 = ( GEOMETRIC_REPRESENTATION_CONTEXT(3) 
GLOBAL_UNCERTAINTY_ASSIGNED_CONTEXT((#57)) GLOBAL_UNIT_ASSIGNED_CONTEXT(
(#54,#55,#56)) REPRESENTATION_CONTEXT('Context #1',
  '3D Context with UNIT and UNCERTAINTY') );
#54 = ( LENGTH_UNIT() NAMED_UNIT(*) SI_UNIT(.MILLI.,.METRE.) );
#55 = ( NAMED_UNIT(*) PLANE_ANGLE_UNIT() SI_UNIT($,.RADIAN.) );
#56 = ( NAMED_UNIT(*) SI_UNIT($,.STERADIAN.) SOLID_ANGLE_UNIT() );
#57 = UNCERTAINTY_MEASURE_WITH_UNIT(LENGTH_MEASURE(1.E-07),#54,
  'distance_accuracy_value','confusion accuracy');
#58 = ADVANCED_BREP_SHAPE_REPRESENTATION('',(#11,#59),#466);
#59 = MANIFOLD_SOLID_BREP('',#60);
#60 = CLOSED_SHELL('',(#61,#101,#134,#165,#198,#229,#262,#293,#317,#350,
    #383,#416,#441));
#61 = ADVANCED_FACE('',(#62),#96,.T.);
#62 = FACE_BOUND('',#63,.T.);
#63 = EDGE_LOOP('',(#64,#74,#82,#90));
#64 = ORIENTED_EDGE('',*,*,#65,.T.);
#65 = EDGE_CURVE('',#66,#68,#70,.T.);
#66 = VERTEX_POINT('',#67);
#67 = CARTESIAN_POINT('',(-5.4E-02,0.873,0.));
#68 = VERTEX_POINT('',#69);
#69 = CARTESIAN_POINT('',(-5.4E-02,0.873,1.5940024));
#70 = LINE('',#71,#72);
#71 = CARTESIAN_POINT('',(-5.4E-02,0.873,0.));
#72 = VECTOR('',#73,1.);
#73 = DIRECTION('',(0.,0.,1.));
#74 = ORIENTED_EDGE('',*,*,#75,.T.);
#75 = EDGE_CURVE('',#68,#76,#78,.T.);
#76 = VERTEX_POINT('',#77);
#77 = CARTESIAN_POINT('',(-5.4E-02,36.673,1.5940024));
#78 = LINE('',#79,#80);
#79 = CARTESIAN_POINT('',(-5.4E-02,0.873,1.5940024));
#80 = VECTOR('',#81,1.);
#81 = DIRECTION('',(0.,1.,0.));
#82 = ORIENTED_EDGE('',*,*,#83,.F.);
#83 = EDGE_CURVE('',#84,#76,#86,.T.);
#84 = VERTEX_POINT('',#85);
#85 = CARTESIAN_POINT('',(-5.4E-02,36.673,0.));
#86 = LINE('',#87,#88);
#87 = CARTESIAN_POINT('',(-5.4E-02,36.673,0.));
#88 = VECTOR('',#89,1.);
#89 = DIRECTION('',(0.,0.,1.));
#90 = ORIENTED_EDGE('',*,*,#91,.F.);
#91 = EDGE_CURVE('',#66,#84,#92,.T.);
#92 = LINE('',#93,#94);
#93 = CARTESIAN_POINT('',(-5.4E-02,0.873,0.));
#94 = VECTOR('',#95,1.);
#95 = DIRECTION('',(0.,1.,0.));
#96 = PLANE('',#97);
#97 = AXIS2_PLACEMENT_3D('',#98,#99,#100);
#98 = CARTESIAN_POINT('',(-5.4E-02,0.873,0.));
#99 = DIRECTION('',(-1.,0.,0.));
#100 = DIRECTION('',(0.,1.,0.));
#101 = ADVANCED_FACE('',(#102),#129,.T.);
#102 = FACE_BOUND('',#103,.T.);
#103 = EDGE_LOOP('',(#104,#105,#114,#122));
#104 = ORIENTED_EDGE('',*,*,#83,.T.);
#105 = ORIENTED_EDGE('',*,*,#106,.T.);
#106 = EDGE_CURVE('',#76,#107,#109,.T.);
#107 = VERTEX_POINT('',#108);
#108 = CARTESIAN_POINT('',(0.946,37.673,1.5940024));
#109 = CIRCLE('',#110,1.000364800791);
#110 = AXIS2_PLACEMENT_3D('',#111,#112,#113);
#111 = CARTESIAN_POINT('',(0.9463647343,36.6726352657,1.5940024));
#112 = DIRECTION('',(0.,0.,-1.));
#113 = DIRECTION('',(-0.999999933533,3.646012926767E-04,0.));
#114 = ORIENTED_EDGE('',*,*,#115,.F.);
#115 = EDGE_CURVE('',#116,#107,#118,.T.);
#116 = VERTEX_POINT('',#117);
#117 = CARTESIAN_POINT('',(0.946,37.673,0.));
#118 = LINE('',#119,#120);
#119 = CARTESIAN_POINT('',(0.946,37.673,0.));
#120 = VECTOR('',#121,1.);
#121 = DIRECTION('',(0.,0.,1.));
#122 = ORIENTED_EDGE('',*,*,#123,.F.);
#123 = EDGE_CURVE('',#84,#116,#124,.T.);
#124 = CIRCLE('',#125,1.000364800791);
#125 = AXIS2_PLACEMENT_3D('',#126,#127,#128);
#126 = CARTESIAN_POINT('',(0.9463647343,36.6726352657,0.));
#127 = DIRECTION('',(0.,0.,-1.));
#128 = DIRECTION('',(-0.999999933533,3.646012926767E-04,0.));
#129 = CYLINDRICAL_SURFACE('',#130,1.000364800791);
#130 = AXIS2_PLACEMENT_3D('',#131,#132,#133);
#131 = CARTESIAN_POINT('',(0.9463647343,36.6726352657,0.));
#132 = DIRECTION('',(0.,0.,-1.));
#133 = DIRECTION('',(-0.999999933533,3.646012926767E-04,0.));
#134 = ADVANCED_FACE('',(#135),#160,.T.);
#135 = FACE_BOUND('',#136,.T.);
#136 = EDGE_LOOP('',(#137,#138,#146,#154));
#137 = ORIENTED_EDGE('',*,*,#115,.T.);
#138 = ORIENTED_EDGE('',*,*,#139,.T.);
#139 = EDGE_CURVE('',#107,#140,#142,.T.);
#140 = VERTEX_POINT('',#141);
#141 = CARTESIAN_POINT('',(28.946,37.673,1.5940024));
#142 = LINE('',#143,#144);
#143 = CARTESIAN_POINT('',(0.946,37.673,1.5940024));
#144 = VECTOR('',#145,1.);
#145 = DIRECTION('',(1.,0.,0.));
#146 = ORIENTED_EDGE('',*,*,#147,.F.);
#147 = EDGE_CURVE('',#148,#140,#150,.T.);
#148 = VERTEX_POINT('',#149);
#149 = CARTESIAN_POINT('',(28.946,37.673,0.));
#150 = LINE('',#151,#152);
#151 = CARTESIAN_POINT('',(28.946,37.673,0.));
#152 = VECTOR('',#153,1.);
#153 = DIRECTION('',(0.,0.,1.));
#154 = ORIENTED_EDGE('',*,*,#155,.F.);
#155 = EDGE_CURVE('',#116,#148,#156,.T.);
#156 = LINE('',#157,#158);
#157 = CARTESIAN_POINT('',(0.946,37.673,0.));
#158 = VECTOR('',#159,1.);
#159 = DIRECTION('',(1.,0.,0.));
#160 = PLANE('',#161);
#161 = AXIS2_PLACEMENT_3D('',#162,#163,#164);
#162 = CARTESIAN_POINT('',(0.946,37.673,0.));
#163 = DIRECTION('',(0.,1.,0.));
#164 = DIRECTION('',(1.,0.,0.));
#165 = ADVANCED_FACE('',(#166),#193,.T.);
#166 = FACE_BOUND('',#167,.T.);
#167 = EDGE_LOOP('',(#168,#169,#178,#186));
#168 = ORIENTED_EDGE('',*,*,#147,.T.);
#169 = ORIENTED_EDGE('',*,*,#170,.T.);
#170 = EDGE_CURVE('',#140,#171,#173,.T.);
#171 = VERTEX_POINT('',#172);
#172 = CARTESIAN_POINT('',(29.946,36.673,1.5940024));
#173 = CIRCLE('',#174,1.000364800791);
#174 = AXIS2_PLACEMENT_3D('',#175,#176,#177);
#175 = CARTESIAN_POINT('',(28.9456352657,36.6726352657,1.5940024));
#176 = DIRECTION('',(0.,0.,-1.));
#177 = DIRECTION('',(3.646012926802E-04,0.999999933533,0.));
#178 = ORIENTED_EDGE('',*,*,#179,.F.);
#179 = EDGE_CURVE('',#180,#171,#182,.T.);
#180 = VERTEX_POINT('',#181);
#181 = CARTESIAN_POINT('',(29.946,36.673,0.));
#182 = LINE('',#183,#184);
#183 = CARTESIAN_POINT('',(29.946,36.673,0.));
#184 = VECTOR('',#185,1.);
#185 = DIRECTION('',(0.,0.,1.));
#186 = ORIENTED_EDGE('',*,*,#187,.F.);
#187 = EDGE_CURVE('',#148,#180,#188,.T.);
#188 = CIRCLE('',#189,1.000364800791);
#189 = AXIS2_PLACEMENT_3D('',#190,#191,#192);
#190 = CARTESIAN_POINT('',(28.9456352657,36.6726352657,0.));
#191 = DIRECTION('',(0.,0.,-1.));
#192 = DIRECTION('',(3.646012926802E-04,0.999999933533,0.));
#193 = CYLINDRICAL_SURFACE('',#194,1.000364800791);
#194 = AXIS2_PLACEMENT_3D('',#195,#196,#197);
#195 = CARTESIAN_POINT('',(28.9456352657,36.6726352657,0.));
#196 = DIRECTION('',(0.,0.,-1.));
#197 = DIRECTION('',(3.646012926802E-04,0.999999933533,0.));
#198 = ADVANCED_FACE('',(#199),#224,.T.);
#199 = FACE_BOUND('',#200,.T.);
#200 = EDGE_LOOP('',(#201,#202,#210,#218));
#201 = ORIENTED_EDGE('',*,*,#179,.T.);
#202 = ORIENTED_EDGE('',*,*,#203,.T.);
#203 = EDGE_CURVE('',#171,#204,#206,.T.);
#204 = VERTEX_POINT('',#205);
#205 = CARTESIAN_POINT('',(29.946,0.873,1.5940024));
#206 = LINE('',#207,#208);
#207 = CARTESIAN_POINT('',(29.946,36.673,1.5940024));
#208 = VECTOR('',#209,1.);
#209 = DIRECTION('',(0.,-1.,0.));
#210 = ORIENTED_EDGE('',*,*,#211,.F.);
#211 = EDGE_CURVE('',#212,#204,#214,.T.);
#212 = VERTEX_POINT('',#213);
#213 = CARTESIAN_POINT('',(29.946,0.873,0.));
#214 = LINE('',#215,#216);
#215 = CARTESIAN_POINT('',(29.946,0.873,0.));
#216 = VECTOR('',#217,1.);
#217 = DIRECTION('',(0.,0.,1.));
#218 = ORIENTED_EDGE('',*,*,#219,.F.);
#219 = EDGE_CURVE('',#180,#212,#220,.T.);
#220 = LINE('',#221,#222);
#221 = CARTESIAN_POINT('',(29.946,36.673,0.));
#222 = VECTOR('',#223,1.);
#223 = DIRECTION('',(0.,-1.,0.));
#224 = PLANE('',#225);
#225 = AXIS2_PLACEMENT_3D('',#226,#227,#228);
#226 = CARTESIAN_POINT('',(29.946,36.673,0.));
#227 = DIRECTION('',(1.,0.,-0.));
#228 = DIRECTION('',(0.,-1.,0.));
#229 = ADVANCED_FACE('',(#230),#257,.T.);
#230 = FACE_BOUND('',#231,.T.);
#231 = EDGE_LOOP('',(#232,#233,#242,#250));
#232 = ORIENTED_EDGE('',*,*,#211,.T.);
#233 = ORIENTED_EDGE('',*,*,#234,.T.);
#234 = EDGE_CURVE('',#204,#235,#237,.T.);
#235 = VERTEX_POINT('',#236);
#236 = CARTESIAN_POINT('',(28.946,-0.127,1.5940024));
#237 = CIRCLE('',#238,1.000364800791);
#238 = AXIS2_PLACEMENT_3D('',#239,#240,#241);
#239 = CARTESIAN_POINT('',(28.9456352657,0.8733647343,1.5940024));
#240 = DIRECTION('',(0.,0.,-1.));
#241 = DIRECTION('',(0.999999933533,-3.646012926821E-04,0.));
#242 = ORIENTED_EDGE('',*,*,#243,.F.);
#243 = EDGE_CURVE('',#244,#235,#246,.T.);
#244 = VERTEX_POINT('',#245);
#245 = CARTESIAN_POINT('',(28.946,-0.127,0.));
#246 = LINE('',#247,#248);
#247 = CARTESIAN_POINT('',(28.946,-0.127,0.));
#248 = VECTOR('',#249,1.);
#249 = DIRECTION('',(0.,0.,1.));
#250 = ORIENTED_EDGE('',*,*,#251,.F.);
#251 = EDGE_CURVE('',#212,#244,#252,.T.);
#252 = CIRCLE('',#253,1.000364800791);
#253 = AXIS2_PLACEMENT_3D('',#254,#255,#256);
#254 = CARTESIAN_POINT('',(28.9456352657,0.8733647343,0.));
#255 = DIRECTION('',(0.,0.,-1.));
#256 = DIRECTION('',(0.999999933533,-3.646012926821E-04,0.));
#257 = CYLINDRICAL_SURFACE('',#258,1.000364800791);
#258 = AXIS2_PLACEMENT_3D('',#259,#260,#261);
#259 = CARTESIAN_POINT('',(28.9456352657,0.8733647343,0.));
#260 = DIRECTION('',(0.,0.,-1.));
#261 = DIRECTION('',(0.999999933533,-3.646012926821E-04,0.));
#262 = ADVANCED_FACE('',(#263),#288,.T.);
#263 = FACE_BOUND('',#264,.T.);
#264 = EDGE_LOOP('',(#265,#266,#274,#282));
#265 = ORIENTED_EDGE('',*,*,#243,.T.);
#266 = ORIENTED_EDGE('',*,*,#267,.T.);
#267 = EDGE_CURVE('',#235,#268,#270,.T.);
#268 = VERTEX_POINT('',#269);
#269 = CARTESIAN_POINT('',(0.946,-0.127,1.5940024));
#270 = LINE('',#271,#272);
#271 = CARTESIAN_POINT('',(28.946,-0.127,1.5940024));
#272 = VECTOR('',#273,1.);
#273 = DIRECTION('',(-1.,0.,0.));
#274 = ORIENTED_EDGE('',*,*,#275,.F.);
#275 = EDGE_CURVE('',#276,#268,#278,.T.);
#276 = VERTEX_POINT('',#277);
#277 = CARTESIAN_POINT('',(0.946,-0.127,0.));
#278 = LINE('',#279,#280);
#279 = CARTESIAN_POINT('',(0.946,-0.127,0.));
#280 = VECTOR('',#281,1.);
#281 = DIRECTION('',(0.,0.,1.));
#282 = ORIENTED_EDGE('',*,*,#283,.F.);
#283 = EDGE_CURVE('',#244,#276,#284,.T.);
#284 = LINE('',#285,#286);
#285 = CARTESIAN_POINT('',(28.946,-0.127,0.));
#286 = VECTOR('',#287,1.);
#287 = DIRECTION('',(-1.,0.,0.));
#288 = PLANE('',#289);
#289 = AXIS2_PLACEMENT_3D('',#290,#291,#292);
#290 = CARTESIAN_POINT('',(28.946,-0.127,0.));
#291 = DIRECTION('',(0.,-1.,0.));
#292 = DIRECTION('',(-1.,0.,0.));
#293 = ADVANCED_FACE('',(#294),#312,.T.);
#294 = FACE_BOUND('',#295,.T.);
#295 = EDGE_LOOP('',(#296,#297,#304,#305));
#296 = ORIENTED_EDGE('',*,*,#275,.T.);
#297 = ORIENTED_EDGE('',*,*,#298,.T.);
#298 = EDGE_CURVE('',#268,#68,#299,.T.);
#299 = CIRCLE('',#300,1.000364800791);
#300 = AXIS2_PLACEMENT_3D('',#301,#302,#303);
#301 = CARTESIAN_POINT('',(0.9463647343,0.8733647343,1.5940024));
#302 = DIRECTION('',(0.,0.,-1.));
#303 = DIRECTION('',(-3.646012926771E-04,-0.999999933533,-0.));
#304 = ORIENTED_EDGE('',*,*,#65,.F.);
#305 = ORIENTED_EDGE('',*,*,#306,.F.);
#306 = EDGE_CURVE('',#276,#66,#307,.T.);
#307 = CIRCLE('',#308,1.000364800791);
#308 = AXIS2_PLACEMENT_3D('',#309,#310,#311);
#309 = CARTESIAN_POINT('',(0.9463647343,0.8733647343,0.));
#310 = DIRECTION('',(0.,0.,-1.));
#311 = DIRECTION('',(-3.646012926771E-04,-0.999999933533,-0.));
#312 = CYLINDRICAL_SURFACE('',#313,1.000364800791);
#313 = AXIS2_PLACEMENT_3D('',#314,#315,#316);
#314 = CARTESIAN_POINT('',(0.9463647343,0.8733647343,0.));
#315 = DIRECTION('',(0.,0.,-1.));
#316 = DIRECTION('',(-3.646012926771E-04,-0.999999933533,-0.));
#317 = ADVANCED_FACE('',(#318),#345,.F.);
#318 = FACE_BOUND('',#319,.T.);
#319 = EDGE_LOOP('',(#320,#330,#337,#338));
#320 = ORIENTED_EDGE('',*,*,#321,.T.);
#321 = EDGE_CURVE('',#322,#324,#326,.T.);
#322 = VERTEX_POINT('',#323);
#323 = CARTESIAN_POINT('',(3.74,35.346,0.));
#324 = VERTEX_POINT('',#325);
#325 = CARTESIAN_POINT('',(3.74,35.346,1.5940024));
#326 = LINE('',#327,#328);
#327 = CARTESIAN_POINT('',(3.74,35.346,0.));
#328 = VECTOR('',#329,1.);
#329 = DIRECTION('',(0.,0.,1.));
#330 = ORIENTED_EDGE('',*,*,#331,.T.);
#331 = EDGE_CURVE('',#324,#324,#332,.T.);
#332 = CIRCLE('',#333,1.2);
#333 = AXIS2_PLACEMENT_3D('',#334,#335,#336);
#334 = CARTESIAN_POINT('',(2.54,35.346,1.5940024));
#335 = DIRECTION('',(0.,0.,1.));
#336 = DIRECTION('',(1.,0.,-0.));
#337 = ORIENTED_EDGE('',*,*,#321,.F.);
#338 = ORIENTED_EDGE('',*,*,#339,.F.);
#339 = EDGE_CURVE('',#322,#322,#340,.T.);
#340 = CIRCLE('',#341,1.2);
#341 = AXIS2_PLACEMENT_3D('',#342,#343,#344);
#342 = CARTESIAN_POINT('',(2.54,35.346,0.));
#343 = DIRECTION('',(0.,0.,1.));
#344 = DIRECTION('',(1.,0.,-0.));
#345 = CYLINDRICAL_SURFACE('',#346,1.2);
#346 = AXIS2_PLACEMENT_3D('',#347,#348,#349);
#347 = CARTESIAN_POINT('',(2.54,35.346,0.));
#348 = DIRECTION('',(-0.,-0.,-1.));
#349 = DIRECTION('',(1.,0.,-0.));
#350 = ADVANCED_FACE('',(#351),#378,.F.);
#351 = FACE_BOUND('',#352,.T.);
#352 = EDGE_LOOP('',(#353,#363,#370,#371));
#353 = ORIENTED_EDGE('',*,*,#354,.T.);
#354 = EDGE_CURVE('',#355,#357,#359,.T.);
#355 = VERTEX_POINT('',#356);
#356 = CARTESIAN_POINT('',(19.992,2.65,0.));
#357 = VERTEX_POINT('',#358);
#358 = CARTESIAN_POINT('',(19.992,2.65,1.5940024));
#359 = LINE('',#360,#361);
#360 = CARTESIAN_POINT('',(19.992,2.65,0.));
#361 = VECTOR('',#362,1.);
#362 = DIRECTION('',(0.,0.,1.));
#363 = ORIENTED_EDGE('',*,*,#364,.T.);
#364 = EDGE_CURVE('',#357,#357,#365,.T.);
#365 = CIRCLE('',#366,1.2);
#366 = AXIS2_PLACEMENT_3D('',#367,#368,#369);
#367 = CARTESIAN_POINT('',(18.792,2.65,1.5940024));
#368 = DIRECTION('',(0.,0.,1.));
#369 = DIRECTION('',(1.,0.,-0.));
#370 = ORIENTED_EDGE('',*,*,#354,.F.);
#371 = ORIENTED_EDGE('',*,*,#372,.F.);
#372 = EDGE_CURVE('',#355,#355,#373,.T.);
#373 = CIRCLE('',#374,1.2);
#374 = AXIS2_PLACEMENT_3D('',#375,#376,#377);
#375 = CARTESIAN_POINT('',(18.792,2.65,0.));
#376 = DIRECTION('',(0.,0.,1.));
#377 = DIRECTION('',(1.,0.,-0.));
#378 = CYLINDRICAL_SURFACE('',#379,1.2);
#379 = AXIS2_PLACEMENT_3D('',#380,#381,#382);
#380 = CARTESIAN_POINT('',(18.792,2.65,0.));
#381 = DIRECTION('',(-0.,-0.,-1.));
#382 = DIRECTION('',(1.,0.,-0.));
#383 = ADVANCED_FACE('',(#384),#411,.F.);
#384 = FACE_BOUND('',#385,.T.);
#385 = EDGE_LOOP('',(#386,#396,#403,#404));
#386 = ORIENTED_EDGE('',*,*,#387,.T.);
#387 = EDGE_CURVE('',#388,#390,#392,.T.);
#388 = VERTEX_POINT('',#389);
#389 = CARTESIAN_POINT('',(28.577,35.346,0.));
#390 = VERTEX_POINT('',#391);
#391 = CARTESIAN_POINT('',(28.577,35.346,1.5940024));
#392 = LINE('',#393,#394);
#393 = CARTESIAN_POINT('',(28.577,35.346,0.));
#394 = VECTOR('',#395,1.);
#395 = DIRECTION('',(0.,0.,1.));
#396 = ORIENTED_EDGE('',*,*,#397,.T.);
#397 = EDGE_CURVE('',#390,#390,#398,.T.);
#398 = CIRCLE('',#399,1.2);
#399 = AXIS2_PLACEMENT_3D('',#400,#401,#402);
#400 = CARTESIAN_POINT('',(27.377,35.346,1.5940024));
#401 = DIRECTION('',(0.,0.,1.));
#402 = DIRECTION('',(1.,0.,-0.));
#403 = ORIENTED_EDGE('',*,*,#387,.F.);
#404 = ORIENTED_EDGE('',*,*,#405,.F.);
#405 = EDGE_CURVE('',#388,#388,#406,.T.);
#406 = CIRCLE('',#407,1.2);
#407 = AXIS2_PLACEMENT_3D('',#408,#409,#410);
#408 = CARTESIAN_POINT('',(27.377,35.346,0.));
#409 = DIRECTION('',(0.,0.,1.));
#410 = DIRECTION('',(1.,0.,-0.));
#411 = CYLINDRICAL_SURFACE('',#412,1.2);
#412 = AXIS2_PLACEMENT_3D('',#413,#414,#415);
#413 = CARTESIAN_POINT('',(27.377,35.346,0.));
#414 = DIRECTION('',(-0.,-0.,-1.));
#415 = DIRECTION('',(1.,0.,-0.));
#416 = ADVANCED_FACE('',(#417,#427,#430,#433),#436,.T.);
#417 = FACE_BOUND('',#418,.T.);
#418 = EDGE_LOOP('',(#419,#420,#421,#422,#423,#424,#425,#426));
#419 = ORIENTED_EDGE('',*,*,#91,.T.);
#420 = ORIENTED_EDGE('',*,*,#123,.T.);
#421 = ORIENTED_EDGE('',*,*,#155,.T.);
#422 = ORIENTED_EDGE('',*,*,#187,.T.);
#423 = ORIENTED_EDGE('',*,*,#219,.T.);
#424 = ORIENTED_EDGE('',*,*,#251,.T.);
#425 = ORIENTED_EDGE('',*,*,#283,.T.);
#426 = ORIENTED_EDGE('',*,*,#306,.T.);
#427 = FACE_BOUND('',#428,.T.);
#428 = EDGE_LOOP('',(#429));
#429 = ORIENTED_EDGE('',*,*,#339,.T.);
#430 = FACE_BOUND('',#431,.T.);
#431 = EDGE_LOOP('',(#432));
#432 = ORIENTED_EDGE('',*,*,#372,.T.);
#433 = FACE_BOUND('',#434,.T.);
#434 = EDGE_LOOP('',(#435));
#435 = ORIENTED_EDGE('',*,*,#405,.T.);
#436 = PLANE('',#437);
#437 = AXIS2_PLACEMENT_3D('',#438,#439,#440);
#438 = CARTESIAN_POINT('',(14.946,18.773,0.));
#439 = DIRECTION('',(-0.,-0.,-1.));
#440 = DIRECTION('',(-1.,0.,0.));
#441 = ADVANCED_FACE('',(#442,#452,#455,#458),#461,.F.);
#442 = FACE_BOUND('',#443,.F.);
#443 = EDGE_LOOP('',(#444,#445,#446,#447,#448,#449,#450,#451));
#444 = ORIENTED_EDGE('',*,*,#75,.T.);
#445 = ORIENTED_EDGE('',*,*,#106,.T.);
#446 = ORIENTED_EDGE('',*,*,#139,.T.);
#447 = ORIENTED_EDGE('',*,*,#170,.T.);
#448 = ORIENTED_EDGE('',*,*,#203,.T.);
#449 = ORIENTED_EDGE('',*,*,#234,.T.);
#450 = ORIENTED_EDGE('',*,*,#267,.T.);
#451 = ORIENTED_EDGE('',*,*,#298,.T.);
#452 = FACE_BOUND('',#453,.F.);
#453 = EDGE_LOOP('',(#454));
#454 = ORIENTED_EDGE('',*,*,#331,.T.);
#455 = FACE_BOUND('',#456,.F.);
#456 = EDGE_LOOP('',(#457));
#457 = ORIENTED_EDGE('',*,*,#364,.T.);
#458 = FACE_BOUND('',#459,.F.);
#459 = EDGE_LOOP('',(#460));
#460 = ORIENTED_EDGE('',*,*,#397,.T.);
#461 = PLANE('',#462);
#462 = AXIS2_PLACEMENT_3D('',#463,#464,#465);
#463 = CARTESIAN_POINT('',(14.946,18.773,1.5940024));
#464 = DIRECTION('',(-0.,-0.,-1.));
#465 = DIRECTION('',(-1.,0.,0.));
#466 = ( GEOMETRIC_REPRESENTATION_CONTEXT(3) 
GLOBAL_UNCERTAINTY_ASSIGNED_CONTEXT((#470)) GLOBAL_UNIT_ASSIGNED_CONTEXT
((#467,#468,#469)) REPRESENTATION_CONTEXT('Context #1',
  '3D Context with UNIT and UNCERTAINTY') );
#467 = ( LENGTH_UNIT() NAMED_UNIT(*) SI_UNIT(.MILLI.,.METRE.) );
#468 = ( NAMED_UNIT(*) PLANE_ANGLE_UNIT() SI_UNIT($,.RADIAN.) );
#469 = ( NAMED_UNIT(*) SI_UNIT($,.STERADIAN.) SOLID_ANGLE_UNIT() );
#470 = UNCERTAINTY_MEASURE_WITH_UNIT(LENGTH_MEASURE(1.E-07),#467,
  'distance_accuracy_value','confusion accuracy');
#471 = SHAPE_DEFINITION_REPRESENTATION(#472,#58);
#472 = PRODUCT_DEFINITION_SHAPE('','',#473);
#473 = PRODUCT_DEFINITION('design','',#474,#477);
#474 = PRODUCT_DEFINITION_FORMATION('','',#475);
#475 = PRODUCT('Open CASCADE STEP translator 7.5 1.1.1',
  'Open CASCADE STEP translator 7.5 1.1.1','',(#476));
#476 = PRODUCT_CONTEXT('',#2,'mechanical');
#477 = PRODUCT_DEFINITION_CONTEXT('part definition',#2,'design');
#478 = CONTEXT_DEPENDENT_SHAPE_REPRESENTATION(#479,#481);
#479 = ( REPRESENTATION_RELATIONSHIP('','',#58,#48) 
REPRESENTATION_RELATIONSHIP_WITH_TRANSFORMATION(#480) 
SHAPE_REPRESENTATION_RELATIONSHIP() );
#480 = ITEM_DEFINED_TRANSFORMATION('','',#11,#49);
#481 = PRODUCT_DEFINITION_SHAPE('Placement','Placement of an item',#482
  );
#482 = NEXT_ASSEMBLY_USAGE_OCCURRENCE('1','','',#43,#473,$);
#483 = PRODUCT_RELATED_PRODUCT_CATEGORY('part',$,(#475));
#484 = CONTEXT_DEPENDENT_SHAPE_REPRESENTATION(#485,#487);
#485 = ( REPRESENTATION_RELATIONSHIP('','',#48,#10) 
REPRESENTATION_RELATIONSHIP_WITH_TRANSFORMATION(#486) 
SHAPE_REPRESENTATION_RELATIONSHIP() );
#486 = ITEM_DEFINED_TRANSFORMATION('','',#11,#15);
#487 = PRODUCT_DEFINITION_SHAPE('Placement','Placement of an item',#488
  );
#488 = NEXT_ASSEMBLY_USAGE_OCCURRENCE('2','','',#5,#43,$);
#489 = PRODUCT_RELATED_PRODUCT_CATEGORY('part',$,(#45));
#490 = SHAPE_DEFINITION_REPRESENTATION(#491,#497);
#491 = PRODUCT_DEFINITION_SHAPE('','',#492);
#492 = PRODUCT_DEFINITION('design','',#493,#496);
#493 = PRODUCT_DEFINITION_FORMATION('','',#494);
#494 = PRODUCT('R1','R1','',(#495));
#495 = PRODUCT_CONTEXT('',#2,'mechanical');
#496 = PRODUCT_DEFINITION_CONTEXT('part definition',#2,'design');
#497 = SHAPE_REPRESENTATION('',(#11,#498),#502);
#498 = AXIS2_PLACEMENT_3D('',#499,#500,#501);
#499 = CARTESIAN_POINT('',(4.461994721875,5.406177046094,0.));
#500 = DIRECTION('',(-8.742277657348E-08,1.,-4.371140912996E-08));
#501 = DIRECTION('',(-1.,-8.742277657348E-08,9.466853158302E-31));
#502 = ( GEOMETRIC_REPRESENTATION_CONTEXT(3) 
GLOBAL_UNCERTAINTY_ASSIGNED_CONTEXT((#506)) GLOBAL_UNIT_ASSIGNED_CONTEXT
((#503,#504,#505)) REPRESENTATION_CONTEXT('Context #1',
  '3D Context with UNIT and UNCERTAINTY') );
#503 = ( LENGTH_UNIT() NAMED_UNIT(*) SI_UNIT(.MILLI.,.METRE.) );
#504 = ( NAMED_UNIT(*) PLANE_ANGLE_UNIT() SI_UNIT($,.RADIAN.) );
#505 = ( NAMED_UNIT(*) SI_UNIT($,.STERADIAN.) SOLID_ANGLE_UNIT() );
#506 = UNCERTAINTY_MEASURE_WITH_UNIT(LENGTH_MEASURE(1.E-07),#503,
  'distance_accuracy_value','confusion accuracy');
#507 = SHAPE_REPRESENTATION('',(#11,#508,#658),#2467);
#508 = MANIFOLD_SOLID_BREP('',#509);
#509 = CLOSED_SHELL('',(#510,#550,#581,#612,#634,#646));
#510 = ADVANCED_FACE('',(#511),#545,.F.);
#511 = FACE_BOUND('',#512,.T.);
#512 = EDGE_LOOP('',(#513,#523,#531,#539));
#513 = ORIENTED_EDGE('',*,*,#514,.T.);
#514 = EDGE_CURVE('',#515,#517,#519,.T.);
#515 = VERTEX_POINT('',#516);
#516 = CARTESIAN_POINT('',(-0.98,0.58,0.));
#517 = VERTEX_POINT('',#518);
#518 = CARTESIAN_POINT('',(-0.98,2.E-02,0.));
#519 = LINE('',#520,#521);
#520 = CARTESIAN_POINT('',(-0.98,0.58,0.));
#521 = VECTOR('',#522,1.);
#522 = DIRECTION('',(0.,-1.,0.));
#523 = ORIENTED_EDGE('',*,*,#524,.F.);
#524 = EDGE_CURVE('',#525,#517,#527,.T.);
#525 = VERTEX_POINT('',#526);
#526 = CARTESIAN_POINT('',(-0.98,2.E-02,1.25));
#527 = LINE('',#528,#529);
#528 = CARTESIAN_POINT('',(-0.98,2.E-02,1.25));
#529 = VECTOR('',#530,1.);
#530 = DIRECTION('',(-0.,-0.,-1.));
#531 = ORIENTED_EDGE('',*,*,#532,.F.);
#532 = EDGE_CURVE('',#533,#525,#535,.T.);
#533 = VERTEX_POINT('',#534);
#534 = CARTESIAN_POINT('',(-0.98,0.58,1.25));
#535 = LINE('',#536,#537);
#536 = CARTESIAN_POINT('',(-0.98,0.58,1.25));
#537 = VECTOR('',#538,1.);
#538 = DIRECTION('',(0.,-1.,0.));
#539 = ORIENTED_EDGE('',*,*,#540,.T.);
#540 = EDGE_CURVE('',#533,#515,#541,.T.);
#541 = LINE('',#542,#543);
#542 = CARTESIAN_POINT('',(-0.98,0.58,1.25));
#543 = VECTOR('',#544,1.);
#544 = DIRECTION('',(-0.,-0.,-1.));
#545 = PLANE('',#546);
#546 = AXIS2_PLACEMENT_3D('',#547,#548,#549);
#547 = CARTESIAN_POINT('',(-0.98,0.58,1.25));
#548 = DIRECTION('',(1.,0.,-0.));
#549 = DIRECTION('',(-0.,0.,-1.));
#550 = ADVANCED_FACE('',(#551),#576,.F.);
#551 = FACE_BOUND('',#552,.T.);
#552 = EDGE_LOOP('',(#553,#561,#569,#575));
#553 = ORIENTED_EDGE('',*,*,#554,.T.);
#554 = EDGE_CURVE('',#517,#555,#557,.T.);
#555 = VERTEX_POINT('',#556);
#556 = CARTESIAN_POINT('',(0.98,2.E-02,0.));
#557 = LINE('',#558,#559);
#558 = CARTESIAN_POINT('',(-0.98,2.E-02,0.));
#559 = VECTOR('',#560,1.);
#560 = DIRECTION('',(1.,3.457277335732E-18,0.));
#561 = ORIENTED_EDGE('',*,*,#562,.F.);
#562 = EDGE_CURVE('',#563,#555,#565,.T.);
#563 = VERTEX_POINT('',#564);
#564 = CARTESIAN_POINT('',(0.98,2.E-02,1.25));
#565 = LINE('',#566,#567);
#566 = CARTESIAN_POINT('',(0.98,2.E-02,1.25));
#567 = VECTOR('',#568,1.);
#568 = DIRECTION('',(-0.,-0.,-1.));
#569 = ORIENTED_EDGE('',*,*,#570,.F.);
#570 = EDGE_CURVE('',#525,#563,#571,.T.);
#571 = LINE('',#572,#573);
#572 = CARTESIAN_POINT('',(-0.98,2.E-02,1.25));
#573 = VECTOR('',#574,1.);
#574 = DIRECTION('',(1.,3.457277335732E-18,0.));
#575 = ORIENTED_EDGE('',*,*,#524,.T.);
#576 = PLANE('',#577);
#577 = AXIS2_PLACEMENT_3D('',#578,#579,#580);
#578 = CARTESIAN_POINT('',(-0.98,2.E-02,1.25));
#579 = DIRECTION('',(-3.457277335732E-18,1.,0.));
#580 = DIRECTION('',(-1.,-3.457277335732E-18,0.));
#581 = ADVANCED_FACE('',(#582),#607,.F.);
#582 = FACE_BOUND('',#583,.T.);
#583 = EDGE_LOOP('',(#584,#592,#600,#606));
#584 = ORIENTED_EDGE('',*,*,#585,.T.);
#585 = EDGE_CURVE('',#555,#586,#588,.T.);
#586 = VERTEX_POINT('',#587);
#587 = CARTESIAN_POINT('',(0.98,0.58,0.));
#588 = LINE('',#589,#590);
#589 = CARTESIAN_POINT('',(0.98,0.58,0.));
#590 = VECTOR('',#591,1.);
#591 = DIRECTION('',(-0.,1.,-0.));
#592 = ORIENTED_EDGE('',*,*,#593,.F.);
#593 = EDGE_CURVE('',#594,#586,#596,.T.);
#594 = VERTEX_POINT('',#595);
#595 = CARTESIAN_POINT('',(0.98,0.58,1.25));
#596 = LINE('',#597,#598);
#597 = CARTESIAN_POINT('',(0.98,0.58,1.25));
#598 = VECTOR('',#599,1.);
#599 = DIRECTION('',(-0.,-0.,-1.));
#600 = ORIENTED_EDGE('',*,*,#601,.F.);
#601 = EDGE_CURVE('',#563,#594,#602,.T.);
#602 = LINE('',#603,#604);
#603 = CARTESIAN_POINT('',(0.98,0.58,1.25));
#604 = VECTOR('',#605,1.);
#605 = DIRECTION('',(-0.,1.,-0.));
#606 = ORIENTED_EDGE('',*,*,#562,.T.);
#607 = PLANE('',#608);
#608 = AXIS2_PLACEMENT_3D('',#609,#610,#611);
#609 = CARTESIAN_POINT('',(0.98,0.58,1.25));
#610 = DIRECTION('',(-1.,0.,0.));
#611 = DIRECTION('',(0.,0.,1.));
#612 = ADVANCED_FACE('',(#613),#629,.F.);
#613 = FACE_BOUND('',#614,.T.);
#614 = EDGE_LOOP('',(#615,#621,#622,#628));
#615 = ORIENTED_EDGE('',*,*,#616,.T.);
#616 = EDGE_CURVE('',#586,#515,#617,.T.);
#617 = LINE('',#618,#619);
#618 = CARTESIAN_POINT('',(-0.98,0.58,0.));
#619 = VECTOR('',#620,1.);
#620 = DIRECTION('',(-1.,-0.,-0.));
#621 = ORIENTED_EDGE('',*,*,#540,.F.);
#622 = ORIENTED_EDGE('',*,*,#623,.F.);
#623 = EDGE_CURVE('',#594,#533,#624,.T.);
#624 = LINE('',#625,#626);
#625 = CARTESIAN_POINT('',(-0.98,0.58,1.25));
#626 = VECTOR('',#627,1.);
#627 = DIRECTION('',(-1.,-0.,-0.));
#628 = ORIENTED_EDGE('',*,*,#593,.T.);
#629 = PLANE('',#630);
#630 = AXIS2_PLACEMENT_3D('',#631,#632,#633);
#631 = CARTESIAN_POINT('',(-0.98,0.58,1.25));
#632 = DIRECTION('',(0.,-1.,0.));
#633 = DIRECTION('',(0.,-0.,-1.));
#634 = ADVANCED_FACE('',(#635),#641,.T.);
#635 = FACE_BOUND('',#636,.T.);
#636 = EDGE_LOOP('',(#637,#638,#639,#640));
#637 = ORIENTED_EDGE('',*,*,#532,.T.);
#638 = ORIENTED_EDGE('',*,*,#570,.T.);
#639 = ORIENTED_EDGE('',*,*,#601,.T.);
#640 = ORIENTED_EDGE('',*,*,#623,.T.);
#641 = PLANE('',#642);
#642 = AXIS2_PLACEMENT_3D('',#643,#644,#645);
#643 = CARTESIAN_POINT('',(-0.98,2.E-02,1.25));
#644 = DIRECTION('',(-0.,0.,1.));
#645 = DIRECTION('',(1.,0.,0.));
#646 = ADVANCED_FACE('',(#647),#653,.F.);
#647 = FACE_BOUND('',#648,.T.);
#648 = EDGE_LOOP('',(#649,#650,#651,#652));
#649 = ORIENTED_EDGE('',*,*,#514,.F.);
#650 = ORIENTED_EDGE('',*,*,#616,.F.);
#651 = ORIENTED_EDGE('',*,*,#585,.F.);
#652 = ORIENTED_EDGE('',*,*,#554,.F.);
#653 = PLANE('',#654);
#654 = AXIS2_PLACEMENT_3D('',#655,#656,#657);
#655 = CARTESIAN_POINT('',(-0.98,2.E-02,0.));
#656 = DIRECTION('',(-0.,0.,1.));
#657 = DIRECTION('',(1.,0.,0.));
#658 = MANIFOLD_SOLID_BREP('',#659);
#659 = CLOSED_SHELL('',(#660,#1284,#1347,#1372,#1422,#1434,#1544,#1557,
    #1570,#1620,#1632,#1663,#1735,#1798,#1829,#1860,#1884,#1931,#1955,
    #1979,#2003,#2027,#2051,#2176,#2200,#2224,#2241,#2262,#2283,#2300,
    #2317,#2329,#2346,#2363,#2375,#2392,#2409,#2421,#2438,#2455));
#660 = ADVANCED_FACE('',(#661,#759,#953,#1051,#1213),#1279,.F.);
#661 = FACE_BOUND('',#662,.T.);
#662 = EDGE_LOOP('',(#663,#681,#689,#705,#713,#729,#737,#753));
#663 = ORIENTED_EDGE('',*,*,#664,.T.);
#664 = EDGE_CURVE('',#665,#667,#669,.T.);
#665 = VERTEX_POINT('',#666);
#666 = CARTESIAN_POINT('',(-0.338493975904,0.6,0.325));
#667 = VERTEX_POINT('',#668);
#668 = CARTESIAN_POINT('',(-0.29421686747,0.6,0.369277108434));
#669 = B_SPLINE_CURVE_WITH_KNOTS('',3,(#670,#671,#672,#673,#674,#675,
    #676,#677,#678,#679,#680),.UNSPECIFIED.,.F.,.F.,(4,1,1,1,1,1,1,1,4),
  (0.,0.127496530193,0.250064446803,0.374669761678,0.503931498062,
    0.632339469157,0.754734267154,0.875746151733,1.),.UNSPECIFIED.);
#670 = CARTESIAN_POINT('',(-0.338493975904,0.6,0.325));
#671 = CARTESIAN_POINT('',(-0.335537255856,0.6,0.325133089795));
#672 = CARTESIAN_POINT('',(-0.32973811323,0.6,0.325394124555));
#673 = CARTESIAN_POINT('',(-0.321394657703,0.6,0.328041117374));
#674 = CARTESIAN_POINT('',(-0.313700468296,0.6,0.332242018992));
#675 = CARTESIAN_POINT('',(-0.307060676111,0.6,0.338162983266));
#676 = CARTESIAN_POINT('',(-0.301399861896,0.6,0.344941222414));
#677 = CARTESIAN_POINT('',(-0.297266962494,0.6,0.35253326164));
#678 = CARTESIAN_POINT('',(-0.294619211595,0.6,0.36070771794));
#679 = CARTESIAN_POINT('',(-0.294352158828,0.6,0.36639558388));
#680 = CARTESIAN_POINT('',(-0.29421686747,0.6,0.369277108434));
#681 = ORIENTED_EDGE('',*,*,#682,.T.);
#682 = EDGE_CURVE('',#667,#683,#685,.T.);
#683 = VERTEX_POINT('',#684);
#684 = CARTESIAN_POINT('',(-0.29421686747,0.6,0.880722891566));
#685 = LINE('',#686,#687);
#686 = CARTESIAN_POINT('',(-0.29421686747,0.6,1.25));
#687 = VECTOR('',#688,1.);
#688 = DIRECTION('',(0.,0.,1.));
#689 = ORIENTED_EDGE('',*,*,#690,.T.);
#690 = EDGE_CURVE('',#683,#691,#693,.T.);
#691 = VERTEX_POINT('',#692);
#692 = CARTESIAN_POINT('',(-0.338493975904,0.6,0.925));
#693 = B_SPLINE_CURVE_WITH_KNOTS('',3,(#694,#695,#696,#697,#698,#699,
    #700,#701,#702,#703,#704),.UNSPECIFIED.,.F.,.F.,(4,1,1,1,1,1,1,1,4),
  (0.,0.124207723637,0.245174687046,0.368955211744,0.497315516145,
    0.625469320566,0.750028380342,0.872550798161,1.),.UNSPECIFIED.);
#694 = CARTESIAN_POINT('',(-0.29421686747,0.6,0.880722891566));
#695 = CARTESIAN_POINT('',(-0.29435068819,0.6,0.883605132538));
#696 = CARTESIAN_POINT('',(-0.294614838054,0.6,0.889294412621));
#697 = CARTESIAN_POINT('',(-0.297294399932,0.6,0.897490226846));
#698 = CARTESIAN_POINT('',(-0.301367690872,0.6,0.905148491768));
#699 = CARTESIAN_POINT('',(-0.307027965934,0.6,0.91195349652));
#700 = CARTESIAN_POINT('',(-0.313739760744,0.6,0.917748713142));
#701 = CARTESIAN_POINT('',(-0.321390106546,0.6,0.921964333067));
#702 = CARTESIAN_POINT('',(-0.329739296384,0.6,0.924604458506));
#703 = CARTESIAN_POINT('',(-0.335537655389,0.6,0.924866431726));
#704 = CARTESIAN_POINT('',(-0.338493975904,0.6,0.925));
#705 = ORIENTED_EDGE('',*,*,#706,.T.);
#706 = EDGE_CURVE('',#691,#707,#709,.T.);
#707 = VERTEX_POINT('',#708);
#708 = CARTESIAN_POINT('',(-0.488493975904,0.6,0.925));
#709 = LINE('',#710,#711);
#710 = CARTESIAN_POINT('',(0.,0.6,0.925));
#711 = VECTOR('',#712,1.);
#712 = DIRECTION('',(-1.,0.,0.));
#713 = ORIENTED_EDGE('',*,*,#714,.T.);
#714 = EDGE_CURVE('',#707,#715,#717,.T.);
#715 = VERTEX_POINT('',#716);
#716 = CARTESIAN_POINT('',(-0.532771084337,0.6,0.880722891566));
#717 = B_SPLINE_CURVE_WITH_KNOTS('',3,(#718,#719,#720,#721,#722,#723,
    #724,#725,#726,#727,#728),.UNSPECIFIED.,.F.,.F.,(4,1,1,1,1,1,1,1,4),
  (0.,0.128853565614,0.252725032213,0.377075035684,0.505013750484,
    0.632134891009,0.755707666072,0.876000742996,1.),.UNSPECIFIED.);
#718 = CARTESIAN_POINT('',(-0.488493975904,0.6,0.925));
#719 = CARTESIAN_POINT('',(-0.491486888386,0.6,0.924864936636));
#720 = CARTESIAN_POINT('',(-0.497356992948,0.6,0.924600032107));
#721 = CARTESIAN_POINT('',(-0.505796599339,0.6,0.921992318713));
#722 = CARTESIAN_POINT('',(-0.513465809503,0.6,0.917740460139));
#723 = CARTESIAN_POINT('',(-0.520197072861,0.6,0.911991915241));
#724 = CARTESIAN_POINT('',(-0.525710654373,0.6,0.90510528791));
#725 = CARTESIAN_POINT('',(-0.529845838568,0.6,0.897516462423));
#726 = CARTESIAN_POINT('',(-0.532336750796,0.6,0.889271442682));
#727 = CARTESIAN_POINT('',(-0.532624849566,0.6,0.883601083773));
#728 = CARTESIAN_POINT('',(-0.532771084337,0.6,0.880722891566));
#729 = ORIENTED_EDGE('',*,*,#730,.T.);
#730 = EDGE_CURVE('',#715,#731,#733,.T.);
#731 = VERTEX_POINT('',#732);
#732 = CARTESIAN_POINT('',(-0.532771084337,0.6,0.369277108434));
#733 = LINE('',#734,#735);
#734 = CARTESIAN_POINT('',(-0.532771084337,0.6,1.25));
#735 = VECTOR('',#736,1.);
#736 = DIRECTION('',(0.,0.,-1.));
#737 = ORIENTED_EDGE('',*,*,#738,.T.);
#738 = EDGE_CURVE('',#731,#739,#741,.T.);
#739 = VERTEX_POINT('',#740);
#740 = CARTESIAN_POINT('',(-0.488493975904,0.6,0.325));
#741 = B_SPLINE_CURVE_WITH_KNOTS('',3,(#742,#743,#744,#745,#746,#747,
    #748,#749,#750,#751,#752),.UNSPECIFIED.,.F.,.F.,(4,1,1,1,1,1,1,1,4),
  (0.,0.124045226906,0.244382899751,0.36657219772,0.493740465514,
    0.622785172329,0.747181275733,0.871098664859,1.),.UNSPECIFIED.);
#742 = CARTESIAN_POINT('',(-0.532771084337,0.6,0.369277108434));
#743 = CARTESIAN_POINT('',(-0.53262336097,0.6,0.36639963805));
#744 = CARTESIAN_POINT('',(-0.5323323295,0.6,0.360730701211));
#745 = CARTESIAN_POINT('',(-0.529872692457,0.6,0.352507230277));
#746 = CARTESIAN_POINT('',(-0.525678999759,0.6,0.34498407976));
#747 = CARTESIAN_POINT('',(-0.520164833552,0.6,0.338124124472));
#748 = CARTESIAN_POINT('',(-0.513505071868,0.6,0.332250308446));
#749 = CARTESIAN_POINT('',(-0.505791981783,0.6,0.328013213567));
#750 = CARTESIAN_POINT('',(-0.497358199723,0.6,0.32539852206));
#751 = CARTESIAN_POINT('',(-0.491487295896,0.6,0.325134575128));
#752 = CARTESIAN_POINT('',(-0.488493975904,0.6,0.325));
#753 = ORIENTED_EDGE('',*,*,#754,.T.);
#754 = EDGE_CURVE('',#739,#665,#755,.T.);
#755 = LINE('',#756,#757);
#756 = CARTESIAN_POINT('',(0.,0.6,0.325));
#757 = VECTOR('',#758,1.);
#758 = DIRECTION('',(1.,0.,0.));
#759 = FACE_BOUND('',#760,.T.);
#760 = EDGE_LOOP('',(#761,#775,#783,#799,#807,#823,#831,#843,#851,#859,
    #871,#879,#895,#903,#919,#927,#939,#947));
#761 = ORIENTED_EDGE('',*,*,#762,.T.);
#762 = EDGE_CURVE('',#763,#765,#767,.T.);
#763 = VERTEX_POINT('',#764);
#764 = CARTESIAN_POINT('',(-4.005271084337E-02,0.6,0.647929216867));
#765 = VERTEX_POINT('',#766);
#766 = CARTESIAN_POINT('',(-2.096385542169E-02,0.6,0.689608433735));
#767 = B_SPLINE_CURVE_WITH_KNOTS('',3,(#768,#769,#770,#771,#772,#773,
    #774),.UNSPECIFIED.,.F.,.F.,(4,1,1,1,4),(0.,0.236375956967,
    0.471562892525,0.721733139709,1.),.UNSPECIFIED.);
#768 = CARTESIAN_POINT('',(-4.005271084337E-02,0.6,0.647929216867));
#769 = CARTESIAN_POINT('',(-3.710758528674E-02,0.6,0.650302278348));
#770 = CARTESIAN_POINT('',(-3.123214878231E-02,0.6,0.655036464305));
#771 = CARTESIAN_POINT('',(-2.514491716547E-02,0.6,0.665014671286));
#772 = CARTESIAN_POINT('',(-2.16294705793E-02,0.6,0.676760843153));
#773 = CARTESIAN_POINT('',(-2.119345468917E-02,0.6,0.685176747718));
#774 = CARTESIAN_POINT('',(-2.096385542169E-02,0.6,0.689608433735));
#775 = ORIENTED_EDGE('',*,*,#776,.T.);
#776 = EDGE_CURVE('',#765,#777,#779,.T.);
#777 = VERTEX_POINT('',#778);
#778 = CARTESIAN_POINT('',(-2.096385542169E-02,0.6,0.880722891566));
#779 = LINE('',#780,#781);
#780 = CARTESIAN_POINT('',(-2.096385542169E-02,0.6,1.25));
#781 = VECTOR('',#782,1.);
#782 = DIRECTION('',(0.,0.,1.));
#783 = ORIENTED_EDGE('',*,*,#784,.T.);
#784 = EDGE_CURVE('',#777,#785,#787,.T.);
#785 = VERTEX_POINT('',#786);
#786 = CARTESIAN_POINT('',(-6.524096385542E-02,0.6,0.925));
#787 = B_SPLINE_CURVE_WITH_KNOTS('',3,(#788,#789,#790,#791,#792,#793,
    #794,#795,#796,#797,#798),.UNSPECIFIED.,.F.,.F.,(4,1,1,1,1,1,1,1,4),
  (0.,0.124648763436,0.246538631576,0.371539978684,0.502451109895,
    0.633565835524,0.757140020603,0.876977464001,1.),.UNSPECIFIED.);
#788 = CARTESIAN_POINT('',(-2.096385542169E-02,0.6,0.880722891566));
#789 = CARTESIAN_POINT('',(-2.108774065361E-02,0.6,0.883608062789));
#790 = CARTESIAN_POINT('',(-2.133276912169E-02,0.6,0.889314546717));
#791 = CARTESIAN_POINT('',(-2.417225428026E-02,0.6,0.897494748777));
#792 = CARTESIAN_POINT('',(-2.833994242556E-02,0.6,0.905188550113));
#793 = CARTESIAN_POINT('',(-3.42376741888E-02,0.6,0.911969670355));
#794 = CARTESIAN_POINT('',(-4.111914558253E-02,0.6,0.917655942302));
#795 = CARTESIAN_POINT('',(-4.865980689304E-02,0.6,0.921947339005));
#796 = CARTESIAN_POINT('',(-5.678465343882E-02,0.6,0.924593742296));
#797 = CARTESIAN_POINT('',(-6.23976556653E-02,0.6,0.924863401909));
#798 = CARTESIAN_POINT('',(-6.524096385542E-02,0.6,0.925));
#799 = ORIENTED_EDGE('',*,*,#800,.T.);
#800 = EDGE_CURVE('',#785,#801,#803,.T.);
#801 = VERTEX_POINT('',#802);
#802 = CARTESIAN_POINT('',(-0.208012048193,0.6,0.925));
#803 = LINE('',#804,#805);
#804 = CARTESIAN_POINT('',(0.,0.6,0.925));
#805 = VECTOR('',#806,1.);
#806 = DIRECTION('',(-1.,0.,0.));
#807 = ORIENTED_EDGE('',*,*,#808,.T.);
#808 = EDGE_CURVE('',#801,#809,#811,.T.);
#809 = VERTEX_POINT('',#810);
#810 = CARTESIAN_POINT('',(-0.252289156627,0.6,0.880722891566));
#811 = B_SPLINE_CURVE_WITH_KNOTS('',3,(#812,#813,#814,#815,#816,#817,
    #818,#819,#820,#821,#822),.UNSPECIFIED.,.F.,.F.,(4,1,1,1,1,1,1,1,4),
  (0.,0.125940992666,0.247016221323,0.37168676127,0.501200667585,
    0.6307145739,0.75460588198,0.875681110638,1.),.UNSPECIFIED.);
#812 = CARTESIAN_POINT('',(-0.208012048193,0.6,0.925));
#813 = CARTESIAN_POINT('',(-0.210931366708,0.6,0.924867428976));
#814 = CARTESIAN_POINT('',(-0.216657215086,0.6,0.924607408846));
#815 = CARTESIAN_POINT('',(-0.224921763558,0.6,0.921941554313));
#816 = CARTESIAN_POINT('',(-0.232555489931,0.6,0.91772176002));
#817 = CARTESIAN_POINT('',(-0.239355148371,0.6,0.911957286711));
#818 = CARTESIAN_POINT('',(-0.245145211106,0.6,0.90518362159));
#819 = CARTESIAN_POINT('',(-0.249206985184,0.6,0.897486703585));
#820 = CARTESIAN_POINT('',(-0.251892370655,0.6,0.889295312322));
#821 = CARTESIAN_POINT('',(-0.252155734241,0.6,0.88360543507));
#822 = CARTESIAN_POINT('',(-0.252289156627,0.6,0.880722891566));
#823 = ORIENTED_EDGE('',*,*,#824,.T.);
#824 = EDGE_CURVE('',#809,#825,#827,.T.);
#825 = VERTEX_POINT('',#826);
#826 = CARTESIAN_POINT('',(-0.252289156627,0.6,0.689608433735));
#827 = LINE('',#828,#829);
#828 = CARTESIAN_POINT('',(-0.252289156627,0.6,1.25));
#829 = VECTOR('',#830,1.);
#830 = DIRECTION('',(0.,0.,-1.));
#831 = ORIENTED_EDGE('',*,*,#832,.T.);
#832 = EDGE_CURVE('',#825,#833,#835,.T.);
#833 = VERTEX_POINT('',#834);
#834 = CARTESIAN_POINT('',(-0.234103915663,0.6,0.647929216867));
#835 = B_SPLINE_CURVE_WITH_KNOTS('',3,(#836,#837,#838,#839,#840,#841,
    #842),.UNSPECIFIED.,.F.,.F.,(4,1,1,1,4),(0.,0.287581945446,
    0.539209772662,0.771863879103,1.),.UNSPECIFIED.);
#836 = CARTESIAN_POINT('',(-0.252289156627,0.6,0.689608433735));
#837 = CARTESIAN_POINT('',(-0.25210684688,0.6,0.685063948735));
#838 = CARTESIAN_POINT('',(-0.251765020145,0.6,0.6765431401));
#839 = CARTESIAN_POINT('',(-0.248343884024,0.6,0.664744596222));
#840 = CARTESIAN_POINT('',(-0.24252329659,0.6,0.654898298326));
#841 = CARTESIAN_POINT('',(-0.236891971178,0.6,0.650237009586));
#842 = CARTESIAN_POINT('',(-0.234103915663,0.6,0.647929216867));
#843 = ORIENTED_EDGE('',*,*,#844,.T.);
#844 = EDGE_CURVE('',#833,#845,#847,.T.);
#845 = VERTEX_POINT('',#846);
#846 = CARTESIAN_POINT('',(-0.18,0.6,0.610542168675));
#847 = LINE('',#848,#849);
#848 = CARTESIAN_POINT('',(-0.35724385018,0.6,0.733021739467));
#849 = VECTOR('',#850,1.);
#850 = DIRECTION('',(0.822686523621,0.,-0.568495280414));
#851 = ORIENTED_EDGE('',*,*,#852,.T.);
#852 = EDGE_CURVE('',#845,#853,#855,.T.);
#853 = VERTEX_POINT('',#854);
#854 = CARTESIAN_POINT('',(-0.232635542169,0.6,0.575527108434));
#855 = LINE('',#856,#857);
#856 = CARTESIAN_POINT('',(0.23967004084,0.6,0.889721809577));
#857 = VECTOR('',#858,1.);
#858 = DIRECTION('',(-0.832599637856,0.,-0.553875295569));
#859 = ORIENTED_EDGE('',*,*,#860,.T.);
#860 = EDGE_CURVE('',#853,#861,#863,.T.);
#861 = VERTEX_POINT('',#862);
#862 = CARTESIAN_POINT('',(-0.250707831325,0.6,0.537010542169));
#863 = B_SPLINE_CURVE_WITH_KNOTS('',3,(#864,#865,#866,#867,#868,#869,
    #870),.UNSPECIFIED.,.F.,.F.,(4,1,1,1,4),(0.,0.262204031611,
    0.507230188685,0.748989547153,1.),.UNSPECIFIED.);
#864 = CARTESIAN_POINT('',(-0.232635542169,0.6,0.575527108434));
#865 = CARTESIAN_POINT('',(-0.235399350711,0.6,0.572848705949));
#866 = CARTESIAN_POINT('',(-0.240745901333,0.6,0.5676673722));
#867 = CARTESIAN_POINT('',(-0.246514402712,0.6,0.558230365001));
#868 = CARTESIAN_POINT('',(-0.250104156529,0.6,0.547919683161));
#869 = CARTESIAN_POINT('',(-0.250504103569,0.6,0.54069215158));
#870 = CARTESIAN_POINT('',(-0.250707831325,0.6,0.537010542169));
#871 = ORIENTED_EDGE('',*,*,#872,.T.);
#872 = EDGE_CURVE('',#861,#873,#875,.T.);
#873 = VERTEX_POINT('',#874);
#874 = CARTESIAN_POINT('',(-0.250707831325,0.6,0.369277108434));
#875 = LINE('',#876,#877);
#876 = CARTESIAN_POINT('',(-0.250707831325,0.6,1.25));
#877 = VECTOR('',#878,1.);
#878 = DIRECTION('',(0.,0.,-1.));
#879 = ORIENTED_EDGE('',*,*,#880,.T.);
#880 = EDGE_CURVE('',#873,#881,#883,.T.);
#881 = VERTEX_POINT('',#882);
#882 = CARTESIAN_POINT('',(-0.20609186747,0.6,0.325));
#883 = B_SPLINE_CURVE_WITH_KNOTS('',3,(#884,#885,#886,#887,#888,#889,
    #890,#891,#892,#893,#894),.UNSPECIFIED.,.F.,.F.,(4,1,1,1,1,1,1,1,4),
  (0.,0.12402061746,0.245296242601,0.367461299323,0.497712726435,
    0.629205007615,0.753576431962,0.874361171066,1.),.UNSPECIFIED.);
#884 = CARTESIAN_POINT('',(-0.250707831325,0.6,0.369277108434));
#885 = CARTESIAN_POINT('',(-0.250585057541,0.6,0.36639123363));
#886 = CARTESIAN_POINT('',(-0.250342227367,0.6,0.360683358113));
#887 = CARTESIAN_POINT('',(-0.247503442823,0.6,0.352562264519));
#888 = CARTESIAN_POINT('',(-0.243434904079,0.6,0.344868006284));
#889 = CARTESIAN_POINT('',(-0.237502440648,0.6,0.338157275374));
#890 = CARTESIAN_POINT('',(-0.230689408456,0.6,0.332297642571));
#891 = CARTESIAN_POINT('',(-0.222999715359,0.6,0.328060056328));
#892 = CARTESIAN_POINT('',(-0.214737517233,0.6,0.325392174694));
#893 = CARTESIAN_POINT('',(-0.209011349042,0.6,0.325132430393));
#894 = CARTESIAN_POINT('',(-0.20609186747,0.6,0.325));
#895 = ORIENTED_EDGE('',*,*,#896,.T.);
#896 = EDGE_CURVE('',#881,#897,#899,.T.);
#897 = VERTEX_POINT('',#898);
#898 = CARTESIAN_POINT('',(-6.603162650602E-02,0.6,0.325));
#899 = LINE('',#900,#901);
#900 = CARTESIAN_POINT('',(0.,0.6,0.325));
#901 = VECTOR('',#902,1.);
#902 = DIRECTION('',(1.,0.,0.));
#903 = ORIENTED_EDGE('',*,*,#904,.T.);
#904 = EDGE_CURVE('',#897,#905,#907,.T.);
#905 = VERTEX_POINT('',#906);
#906 = CARTESIAN_POINT('',(-2.254518072289E-02,0.6,0.369277108434));
#907 = B_SPLINE_CURVE_WITH_KNOTS('',3,(#908,#909,#910,#911,#912,#913,
    #914,#915,#916,#917,#918),.UNSPECIFIED.,.F.,.F.,(4,1,1,1,1,1,1,1,4),
  (0.,0.124037871506,0.243294461122,0.366454798641,0.497197586603,
    0.628126898412,0.751924068168,0.874322479399,1.),.UNSPECIFIED.);
#908 = CARTESIAN_POINT('',(-6.603162650602E-02,0.6,0.325));
#909 = CARTESIAN_POINT('',(-6.318680493082E-02,0.6,0.325132208292));
#910 = CARTESIAN_POINT('',(-5.760682098136E-02,0.6,0.325391528651));
#911 = CARTESIAN_POINT('',(-4.956767773367E-02,0.6,0.328065521355));
#912 = CARTESIAN_POINT('',(-4.210177162602E-02,0.6,0.332305846767));
#913 = CARTESIAN_POINT('',(-3.550528742268E-02,0.6,0.338193467759));
#914 = CARTESIAN_POINT('',(-2.971872358353E-02,0.6,0.344903368443));
#915 = CARTESIAN_POINT('',(-2.560066670809E-02,0.6,0.352537539086));
#916 = CARTESIAN_POINT('',(-2.294614147329E-02,0.6,0.360706620305));
#917 = CARTESIAN_POINT('',(-2.268000691016E-02,0.6,0.366395214791));
#918 = CARTESIAN_POINT('',(-2.254518072289E-02,0.6,0.369277108434));
#919 = ORIENTED_EDGE('',*,*,#920,.T.);
#920 = EDGE_CURVE('',#905,#921,#923,.T.);
#921 = VERTEX_POINT('',#922);
#922 = CARTESIAN_POINT('',(-2.254518072289E-02,0.6,0.537010542169));
#923 = LINE('',#924,#925);
#924 = CARTESIAN_POINT('',(-2.254518072289E-02,0.6,1.25));
#925 = VECTOR('',#926,1.);
#926 = DIRECTION('',(0.,0.,1.));
#927 = ORIENTED_EDGE('',*,*,#928,.T.);
#928 = EDGE_CURVE('',#921,#929,#931,.T.);
#929 = VERTEX_POINT('',#930);
#930 = CARTESIAN_POINT('',(-4.09563253012E-02,0.6,0.575527108434));
#931 = B_SPLINE_CURVE_WITH_KNOTS('',3,(#932,#933,#934,#935,#936,#937,
    #938),.UNSPECIFIED.,.F.,.F.,(4,1,1,1,4),(0.,0.250017421122,
    0.491651526099,0.737064767283,1.),.UNSPECIFIED.);
#932 = CARTESIAN_POINT('',(-2.254518072289E-02,0.6,0.537010542169));
#933 = CARTESIAN_POINT('',(-2.273929198617E-02,0.6,0.540695001443));
#934 = CARTESIAN_POINT('',(-2.312100578194E-02,0.6,0.547940376653));
#935 = CARTESIAN_POINT('',(-2.686542372431E-02,0.6,0.558239721868));
#936 = CARTESIAN_POINT('',(-3.273986334421E-02,0.6,0.567672697873));
#937 = CARTESIAN_POINT('',(-3.815528423391E-02,0.6,0.572849492855));
#938 = CARTESIAN_POINT('',(-4.09563253012E-02,0.6,0.575527108434));
#939 = ORIENTED_EDGE('',*,*,#940,.T.);
#940 = EDGE_CURVE('',#929,#941,#943,.T.);
#941 = VERTEX_POINT('',#942);
#942 = CARTESIAN_POINT('',(-9.280120481928E-02,0.6,0.610542168675));
#943 = LINE('',#944,#945);
#944 = CARTESIAN_POINT('',(-0.325661141343,0.6,0.76781140685));
#945 = VECTOR('',#946,1.);
#946 = DIRECTION('',(-0.828702132005,0.,0.559689893075));
#947 = ORIENTED_EDGE('',*,*,#948,.T.);
#948 = EDGE_CURVE('',#941,#763,#949,.T.);
#949 = LINE('',#950,#951);
#950 = CARTESIAN_POINT('',(0.27064880327,0.6,0.86814806306));
#951 = VECTOR('',#952,1.);
#952 = DIRECTION('',(0.815852773797,0.,0.57825967479));
#953 = FACE_BOUND('',#954,.T.);
#954 = EDGE_LOOP('',(#955,#973,#981,#997,#1005,#1021,#1029,#1045));
#955 = ORIENTED_EDGE('',*,*,#956,.T.);
#956 = EDGE_CURVE('',#957,#959,#961,.T.);
#957 = VERTEX_POINT('',#958);
#958 = CARTESIAN_POINT('',(0.215240963855,0.6,0.325));
#959 = VERTEX_POINT('',#960);
#960 = CARTESIAN_POINT('',(0.259518072289,0.6,0.369277108434));
#961 = B_SPLINE_CURVE_WITH_KNOTS('',3,(#962,#963,#964,#965,#966,#967,
    #968,#969,#970,#971,#972),.UNSPECIFIED.,.F.,.F.,(4,1,1,1,1,1,1,1,4),
  (0.,0.127496530193,0.250064446803,0.374669761678,0.503931498062,
    0.632339469157,0.754734267154,0.875746151733,1.),.UNSPECIFIED.);
#962 = CARTESIAN_POINT('',(0.215240963855,0.6,0.325));
#963 = CARTESIAN_POINT('',(0.218197683903,0.6,0.325133089795));
#964 = CARTESIAN_POINT('',(0.22399682653,0.6,0.325394124555));
#965 = CARTESIAN_POINT('',(0.232340282056,0.6,0.328041117374));
#966 = CARTESIAN_POINT('',(0.240034471463,0.6,0.332242018992));
#967 = CARTESIAN_POINT('',(0.246674263648,0.6,0.338162983266));
#968 = CARTESIAN_POINT('',(0.252335077863,0.6,0.344941222414));
#969 = CARTESIAN_POINT('',(0.256467977266,0.6,0.35253326164));
#970 = CARTESIAN_POINT('',(0.259115728164,0.6,0.36070771794));
#971 = CARTESIAN_POINT('',(0.259382780931,0.6,0.36639558388));
#972 = CARTESIAN_POINT('',(0.259518072289,0.6,0.369277108434));
#973 = ORIENTED_EDGE('',*,*,#974,.T.);
#974 = EDGE_CURVE('',#959,#975,#977,.T.);
#975 = VERTEX_POINT('',#976);
#976 = CARTESIAN_POINT('',(0.259518072289,0.6,0.880722891566));
#977 = LINE('',#978,#979);
#978 = CARTESIAN_POINT('',(0.259518072289,0.6,1.25));
#979 = VECTOR('',#980,1.);
#980 = DIRECTION('',(0.,0.,1.));
#981 = ORIENTED_EDGE('',*,*,#982,.T.);
#982 = EDGE_CURVE('',#975,#983,#985,.T.);
#983 = VERTEX_POINT('',#984);
#984 = CARTESIAN_POINT('',(0.215240963855,0.6,0.925));
#985 = B_SPLINE_CURVE_WITH_KNOTS('',3,(#986,#987,#988,#989,#990,#991,
    #992,#993,#994,#995,#996),.UNSPECIFIED.,.F.,.F.,(4,1,1,1,1,1,1,1,4),
  (0.,0.124207723637,0.245174687046,0.368955211744,0.497315516145,
    0.625469320566,0.750028380342,0.872550798161,1.),.UNSPECIFIED.);
#986 = CARTESIAN_POINT('',(0.259518072289,0.6,0.880722891566));
#987 = CARTESIAN_POINT('',(0.259384251569,0.6,0.883605132538));
#988 = CARTESIAN_POINT('',(0.259120101705,0.6,0.889294412621));
#989 = CARTESIAN_POINT('',(0.256440539827,0.6,0.897490226846));
#990 = CARTESIAN_POINT('',(0.252367248887,0.6,0.905148491768));
#991 = CARTESIAN_POINT('',(0.246706973825,0.6,0.91195349652));
#992 = CARTESIAN_POINT('',(0.239995179015,0.6,0.917748713142));
#993 = CARTESIAN_POINT('',(0.232344833213,0.6,0.921964333067));
#994 = CARTESIAN_POINT('',(0.223995643375,0.6,0.924604458506));
#995 = CARTESIAN_POINT('',(0.21819728437,0.6,0.924866431726));
#996 = CARTESIAN_POINT('',(0.215240963855,0.6,0.925));
#997 = ORIENTED_EDGE('',*,*,#998,.T.);
#998 = EDGE_CURVE('',#983,#999,#1001,.T.);
#999 = VERTEX_POINT('',#1000);
#1000 = CARTESIAN_POINT('',(6.524096385542E-02,0.6,0.925));
#1001 = LINE('',#1002,#1003);
#1002 = CARTESIAN_POINT('',(0.,0.6,0.925));
#1003 = VECTOR('',#1004,1.);
#1004 = DIRECTION('',(-1.,0.,0.));
#1005 = ORIENTED_EDGE('',*,*,#1006,.T.);
#1006 = EDGE_CURVE('',#999,#1007,#1009,.T.);
#1007 = VERTEX_POINT('',#1008);
#1008 = CARTESIAN_POINT('',(2.096385542169E-02,0.6,0.880722891566));
#1009 = B_SPLINE_CURVE_WITH_KNOTS('',3,(#1010,#1011,#1012,#1013,#1014,
    #1015,#1016,#1017,#1018,#1019,#1020),.UNSPECIFIED.,.F.,.F.,(4,1,1,1,
    1,1,1,1,4),(0.,0.128853565614,0.252725032213,0.377075035684,
    0.505013750484,0.632134891009,0.755707666072,0.876000742996,1.),
  .UNSPECIFIED.);
#1010 = CARTESIAN_POINT('',(6.524096385542E-02,0.6,0.925));
#1011 = CARTESIAN_POINT('',(6.224805137335E-02,0.6,0.924864936636));
#1012 = CARTESIAN_POINT('',(5.637794681059E-02,0.6,0.924600032107));
#1013 = CARTESIAN_POINT('',(4.793834041973E-02,0.6,0.921992318713));
#1014 = CARTESIAN_POINT('',(4.026913025637E-02,0.6,0.917740460139));
#1015 = CARTESIAN_POINT('',(3.353786689798E-02,0.6,0.911991915241));
#1016 = CARTESIAN_POINT('',(2.802428538559E-02,0.6,0.90510528791));
#1017 = CARTESIAN_POINT('',(2.388910119096E-02,0.6,0.897516462423));
#1018 = CARTESIAN_POINT('',(2.139818896315E-02,0.6,0.889271442682));
#1019 = CARTESIAN_POINT('',(2.111009019261E-02,0.6,0.883601083773));
#1020 = CARTESIAN_POINT('',(2.096385542169E-02,0.6,0.880722891566));
#1021 = ORIENTED_EDGE('',*,*,#1022,.T.);
#1022 = EDGE_CURVE('',#1007,#1023,#1025,.T.);
#1023 = VERTEX_POINT('',#1024);
#1024 = CARTESIAN_POINT('',(2.096385542169E-02,0.6,0.369277108434));
#1025 = LINE('',#1026,#1027);
#1026 = CARTESIAN_POINT('',(2.096385542169E-02,0.6,1.25));
#1027 = VECTOR('',#1028,1.);
#1028 = DIRECTION('',(0.,0.,-1.));
#1029 = ORIENTED_EDGE('',*,*,#1030,.T.);
#1030 = EDGE_CURVE('',#1023,#1031,#1033,.T.);
#1031 = VERTEX_POINT('',#1032);
#1032 = CARTESIAN_POINT('',(6.524096385542E-02,0.6,0.325));
#1033 = B_SPLINE_CURVE_WITH_KNOTS('',3,(#1034,#1035,#1036,#1037,#1038,
    #1039,#1040,#1041,#1042,#1043,#1044),.UNSPECIFIED.,.F.,.F.,(4,1,1,1,
    1,1,1,1,4),(0.,0.124045226906,0.244382899751,0.36657219772,
    0.493740465514,0.622785172329,0.747181275733,0.871098664859,1.),
  .UNSPECIFIED.);
#1034 = CARTESIAN_POINT('',(2.096385542169E-02,0.6,0.369277108434));
#1035 = CARTESIAN_POINT('',(2.111157878879E-02,0.6,0.36639963805));
#1036 = CARTESIAN_POINT('',(2.140261025945E-02,0.6,0.360730701211));
#1037 = CARTESIAN_POINT('',(2.386224730168E-02,0.6,0.352507230277));
#1038 = CARTESIAN_POINT('',(2.805593999991E-02,0.6,0.34498407976));
#1039 = CARTESIAN_POINT('',(3.357010620709E-02,0.6,0.338124124472));
#1040 = CARTESIAN_POINT('',(4.022986789136E-02,0.6,0.332250308446));
#1041 = CARTESIAN_POINT('',(4.794295797555E-02,0.6,0.328013213567));
#1042 = CARTESIAN_POINT('',(5.637674003626E-02,0.6,0.32539852206));
#1043 = CARTESIAN_POINT('',(6.224764386314E-02,0.6,0.325134575128));
#1044 = CARTESIAN_POINT('',(6.524096385542E-02,0.6,0.325));
#1045 = ORIENTED_EDGE('',*,*,#1046,.T.);
#1046 = EDGE_CURVE('',#1031,#957,#1047,.T.);
#1047 = LINE('',#1048,#1049);
#1048 = CARTESIAN_POINT('',(0.,0.6,0.325));
#1049 = VECTOR('',#1050,1.);
#1050 = DIRECTION('',(1.,0.,0.));
#1051 = FACE_BOUND('',#1052,.T.);
#1052 = EDGE_LOOP('',(#1053,#1071,#1079,#1095,#1103,#1119,#1127,#1135,
    #1143,#1151,#1159,#1167,#1175,#1183,#1191,#1199,#1207));
#1053 = ORIENTED_EDGE('',*,*,#1054,.T.);
#1054 = EDGE_CURVE('',#1055,#1057,#1059,.T.);
#1055 = VERTEX_POINT('',#1056);
#1056 = CARTESIAN_POINT('',(0.488493975904,0.6,0.549096385542));
#1057 = VERTEX_POINT('',#1058);
#1058 = CARTESIAN_POINT('',(0.532771084337,0.6,0.592469879518));
#1059 = B_SPLINE_CURVE_WITH_KNOTS('',3,(#1060,#1061,#1062,#1063,#1064,
    #1065,#1066,#1067,#1068,#1069,#1070),.UNSPECIFIED.,.F.,.F.,(4,1,1,1,
    1,1,1,1,4),(0.,0.129322125558,0.252742517863,0.373064908859,
    0.497344037507,0.620979673073,0.74356785043,0.867429088855,1.),
  .UNSPECIFIED.);
#1060 = CARTESIAN_POINT('',(0.488493975904,0.6,0.549096385542));
#1061 = CARTESIAN_POINT('',(0.491483589567,0.6,0.549248288428));
#1062 = CARTESIAN_POINT('',(0.497326383144,0.6,0.549545161974));
#1063 = CARTESIAN_POINT('',(0.50569337847,0.6,0.551871802923));
#1064 = CARTESIAN_POINT('',(0.513357153754,0.6,0.555668421186));
#1065 = CARTESIAN_POINT('',(0.520046847878,0.6,0.560997070227));
#1066 = CARTESIAN_POINT('',(0.525802635938,0.6,0.567404267568));
#1067 = CARTESIAN_POINT('',(0.529902191806,0.6,0.574985183145));
#1068 = CARTESIAN_POINT('',(0.532362456931,0.6,0.583471374283));
#1069 = CARTESIAN_POINT('',(0.532631825516,0.6,0.589403219745));
#1070 = CARTESIAN_POINT('',(0.532771084337,0.6,0.592469879518));
#1071 = ORIENTED_EDGE('',*,*,#1072,.T.);
#1072 = EDGE_CURVE('',#1057,#1073,#1075,.T.);
#1073 = VERTEX_POINT('',#1074);
#1074 = CARTESIAN_POINT('',(0.532771084337,0.6,0.880722891566));
#1075 = LINE('',#1076,#1077);
#1076 = CARTESIAN_POINT('',(0.532771084337,0.6,1.25));
#1077 = VECTOR('',#1078,1.);
#1078 = DIRECTION('',(0.,0.,1.));
#1079 = ORIENTED_EDGE('',*,*,#1080,.T.);
#1080 = EDGE_CURVE('',#1073,#1081,#1083,.T.);
#1081 = VERTEX_POINT('',#1082);
#1082 = CARTESIAN_POINT('',(0.488493975904,0.6,0.925));
#1083 = B_SPLINE_CURVE_WITH_KNOTS('',3,(#1084,#1085,#1086,#1087,#1088,
    #1089,#1090,#1091,#1092,#1093,#1094),.UNSPECIFIED.,.F.,.F.,(4,1,1,1,
    1,1,1,1,4),(0.,0.128468163067,0.251511499286,0.374714666709,
    0.501227653545,0.626709819063,0.748488500714,0.871531836933,1.),
  .UNSPECIFIED.);
#1084 = CARTESIAN_POINT('',(0.532771084337,0.6,0.880722891566));
#1085 = CARTESIAN_POINT('',(0.532626030916,0.6,0.883713288129));
#1086 = CARTESIAN_POINT('',(0.532342049247,0.6,0.889567805739));
#1087 = CARTESIAN_POINT('',(0.529888893453,0.6,0.898016082625));
#1088 = CARTESIAN_POINT('',(0.525741785826,0.6,0.905687192281));
#1089 = CARTESIAN_POINT('',(0.52010810845,0.6,0.912422481705));
#1090 = CARTESIAN_POINT('',(0.513330324988,0.6,0.917928522299));
#1091 = CARTESIAN_POINT('',(0.505768221222,0.6,0.92215070723));
#1092 = CARTESIAN_POINT('',(0.497335412723,0.6,0.924564741217));
#1093 = CARTESIAN_POINT('',(0.4914831968,0.6,0.924852842397));
#1094 = CARTESIAN_POINT('',(0.488493975904,0.6,0.925));
#1095 = ORIENTED_EDGE('',*,*,#1096,.T.);
#1096 = EDGE_CURVE('',#1081,#1097,#1099,.T.);
#1097 = VERTEX_POINT('',#1098);
#1098 = CARTESIAN_POINT('',(0.345722891566,0.6,0.925));
#1099 = LINE('',#1100,#1101);
#1100 = CARTESIAN_POINT('',(0.,0.6,0.925));
#1101 = VECTOR('',#1102,1.);
#1102 = DIRECTION('',(-1.,0.,0.));
#1103 = ORIENTED_EDGE('',*,*,#1104,.T.);
#1104 = EDGE_CURVE('',#1097,#1105,#1107,.T.);
#1105 = VERTEX_POINT('',#1106);
#1106 = CARTESIAN_POINT('',(0.301445783133,0.6,0.880722891566));
#1107 = B_SPLINE_CURVE_WITH_KNOTS('',3,(#1108,#1109,#1110,#1111,#1112,
    #1113,#1114,#1115,#1116,#1117,#1118),.UNSPECIFIED.,.F.,.F.,(4,1,1,1,
    1,1,1,1,4),(0.,0.129919499348,0.252809361319,0.375858855134,
    0.501184504407,0.626510153681,0.748802215697,0.871692077669,1.),
  .UNSPECIFIED.);
#1108 = CARTESIAN_POINT('',(0.345722891566,0.6,0.925));
#1109 = CARTESIAN_POINT('',(0.342694838822,0.6,0.92485752392));
#1110 = CARTESIAN_POINT('',(0.336802574117,0.6,0.924580280805));
#1111 = CARTESIAN_POINT('',(0.328312669415,0.6,0.922123270124));
#1112 = CARTESIAN_POINT('',(0.320682239983,0.6,0.91796125675));
#1113 = CARTESIAN_POINT('',(0.313887394666,0.6,0.912449727627));
#1114 = CARTESIAN_POINT('',(0.308350149157,0.6,0.905680003677));
#1115 = CARTESIAN_POINT('',(0.304348136078,0.6,0.897987197789));
#1116 = CARTESIAN_POINT('',(0.301868199017,0.6,0.889570910671));
#1117 = CARTESIAN_POINT('',(0.301588598651,0.6,0.883714337882));
#1118 = CARTESIAN_POINT('',(0.301445783133,0.6,0.880722891566));
#1119 = ORIENTED_EDGE('',*,*,#1120,.T.);
#1120 = EDGE_CURVE('',#1105,#1121,#1123,.T.);
#1121 = VERTEX_POINT('',#1122);
#1122 = CARTESIAN_POINT('',(0.301445783133,0.6,0.729819277108));
#1123 = LINE('',#1124,#1125);
#1124 = CARTESIAN_POINT('',(0.301445783133,0.6,1.25));
#1125 = VECTOR('',#1126,1.);
#1126 = DIRECTION('',(0.,0.,-1.));
#1127 = ORIENTED_EDGE('',*,*,#1128,.T.);
#1128 = EDGE_CURVE('',#1121,#1129,#1131,.T.);
#1129 = VERTEX_POINT('',#1130);
#1130 = CARTESIAN_POINT('',(0.352048192771,0.6,0.729819277108));
#1131 = LINE('',#1132,#1133);
#1132 = CARTESIAN_POINT('',(0.,0.6,0.729819277108));
#1133 = VECTOR('',#1134,1.);
#1134 = DIRECTION('',(1.,0.,0.));
#1135 = ORIENTED_EDGE('',*,*,#1136,.T.);
#1136 = EDGE_CURVE('',#1129,#1137,#1139,.T.);
#1137 = VERTEX_POINT('',#1138);
#1138 = CARTESIAN_POINT('',(0.352048192771,0.6,0.881626506024));
#1139 = LINE('',#1140,#1141);
#1140 = CARTESIAN_POINT('',(0.352048192771,0.6,1.25));
#1141 = VECTOR('',#1142,1.);
#1142 = DIRECTION('',(0.,0.,1.));
#1143 = ORIENTED_EDGE('',*,*,#1144,.T.);
#1144 = EDGE_CURVE('',#1137,#1145,#1147,.T.);
#1145 = VERTEX_POINT('',#1146);
#1146 = CARTESIAN_POINT('',(0.482168674699,0.6,0.881626506024));
#1147 = LINE('',#1148,#1149);
#1148 = CARTESIAN_POINT('',(0.,0.6,0.881626506024));
#1149 = VECTOR('',#1150,1.);
#1150 = DIRECTION('',(1.,0.,0.));
#1151 = ORIENTED_EDGE('',*,*,#1152,.T.);
#1152 = EDGE_CURVE('',#1145,#1153,#1155,.T.);
#1153 = VERTEX_POINT('',#1154);
#1154 = CARTESIAN_POINT('',(0.482168674699,0.6,0.592469879518));
#1155 = LINE('',#1156,#1157);
#1156 = CARTESIAN_POINT('',(0.482168674699,0.6,1.25));
#1157 = VECTOR('',#1158,1.);
#1158 = DIRECTION('',(0.,0.,-1.));
#1159 = ORIENTED_EDGE('',*,*,#1160,.T.);
#1160 = EDGE_CURVE('',#1153,#1161,#1163,.T.);
#1161 = VERTEX_POINT('',#1162);
#1162 = CARTESIAN_POINT('',(0.301445783133,0.6,0.592469879518));
#1163 = LINE('',#1164,#1165);
#1164 = CARTESIAN_POINT('',(0.,0.6,0.592469879518));
#1165 = VECTOR('',#1166,1.);
#1166 = DIRECTION('',(-1.,0.,0.));
#1167 = ORIENTED_EDGE('',*,*,#1168,.T.);
#1168 = EDGE_CURVE('',#1161,#1169,#1171,.T.);
#1169 = VERTEX_POINT('',#1170);
#1170 = CARTESIAN_POINT('',(0.308674698795,0.6,0.325));
#1171 = LINE('',#1172,#1173);
#1172 = CARTESIAN_POINT('',(0.283467636971,0.6,1.257661287486));
#1173 = VECTOR('',#1174,1.);
#1174 = DIRECTION('',(2.701716134791E-02,0.,-0.999634969873));
#1175 = ORIENTED_EDGE('',*,*,#1176,.T.);
#1176 = EDGE_CURVE('',#1169,#1177,#1179,.T.);
#1177 = VERTEX_POINT('',#1178);
#1178 = CARTESIAN_POINT('',(0.525542168675,0.6,0.325));
#1179 = LINE('',#1180,#1181);
#1180 = CARTESIAN_POINT('',(0.,0.6,0.325));
#1181 = VECTOR('',#1182,1.);
#1182 = DIRECTION('',(1.,0.,0.));
#1183 = ORIENTED_EDGE('',*,*,#1184,.T.);
#1184 = EDGE_CURVE('',#1177,#1185,#1187,.T.);
#1185 = VERTEX_POINT('',#1186);
#1186 = CARTESIAN_POINT('',(0.525542168675,0.6,0.368373493976));
#1187 = LINE('',#1188,#1189);
#1188 = CARTESIAN_POINT('',(0.525542168675,0.6,1.25));
#1189 = VECTOR('',#1190,1.);
#1190 = DIRECTION('',(0.,0.,1.));
#1191 = ORIENTED_EDGE('',*,*,#1192,.T.);
#1192 = EDGE_CURVE('',#1185,#1193,#1195,.T.);
#1193 = VERTEX_POINT('',#1194);
#1194 = CARTESIAN_POINT('',(0.35859939759,0.6,0.368373493976));
#1195 = LINE('',#1196,#1197);
#1196 = CARTESIAN_POINT('',(0.,0.6,0.368373493976));
#1197 = VECTOR('',#1198,1.);
#1198 = DIRECTION('',(-1.,0.,0.));
#1199 = ORIENTED_EDGE('',*,*,#1200,.T.);
#1200 = EDGE_CURVE('',#1193,#1201,#1203,.T.);
#1201 = VERTEX_POINT('',#1202);
#1202 = CARTESIAN_POINT('',(0.352048192771,0.6,0.549096385542));
#1203 = LINE('',#1204,#1205);
#1204 = CARTESIAN_POINT('',(0.326211774088,0.6,1.261825176811));
#1205 = VECTOR('',#1206,1.);
#1206 = DIRECTION('',(-3.622620606466E-02,0.,0.999343615577));
#1207 = ORIENTED_EDGE('',*,*,#1208,.T.);
#1208 = EDGE_CURVE('',#1201,#1055,#1209,.T.);
#1209 = LINE('',#1210,#1211);
#1210 = CARTESIAN_POINT('',(0.,0.6,0.549096385542));
#1211 = VECTOR('',#1212,1.);
#1212 = DIRECTION('',(1.,0.,0.));
#1213 = FACE_BOUND('',#1214,.T.);
#1214 = EDGE_LOOP('',(#1215,#1225,#1233,#1241,#1249,#1257,#1265,#1273));
#1215 = ORIENTED_EDGE('',*,*,#1216,.F.);
#1216 = EDGE_CURVE('',#1217,#1219,#1221,.T.);
#1217 = VERTEX_POINT('',#1218);
#1218 = CARTESIAN_POINT('',(0.6,0.6,1.E-01));
#1219 = VERTEX_POINT('',#1220);
#1220 = CARTESIAN_POINT('',(0.6,0.6,1.15));
#1221 = LINE('',#1222,#1223);
#1222 = CARTESIAN_POINT('',(0.6,0.6,1.25));
#1223 = VECTOR('',#1224,1.);
#1224 = DIRECTION('',(0.,0.,1.));
#1225 = ORIENTED_EDGE('',*,*,#1226,.F.);
#1226 = EDGE_CURVE('',#1227,#1217,#1229,.T.);
#1227 = VERTEX_POINT('',#1228);
#1228 = CARTESIAN_POINT('',(0.6,0.6,1.049697256412E-17));
#1229 = LINE('',#1230,#1231);
#1230 = CARTESIAN_POINT('',(0.6,0.6,1.049697256412E-17));
#1231 = VECTOR('',#1232,1.);
#1232 = DIRECTION('',(-2.168404344971E-15,0.,1.));
#1233 = ORIENTED_EDGE('',*,*,#1234,.T.);
#1234 = EDGE_CURVE('',#1227,#1235,#1237,.T.);
#1235 = VERTEX_POINT('',#1236);
#1236 = CARTESIAN_POINT('',(-0.6,0.6,1.049697256412E-17));
#1237 = LINE('',#1238,#1239);
#1238 = CARTESIAN_POINT('',(0.,0.6,0.));
#1239 = VECTOR('',#1240,1.);
#1240 = DIRECTION('',(-1.,0.,0.));
#1241 = ORIENTED_EDGE('',*,*,#1242,.F.);
#1242 = EDGE_CURVE('',#1243,#1235,#1245,.T.);
#1243 = VERTEX_POINT('',#1244);
#1244 = CARTESIAN_POINT('',(-0.6,0.6,1.E-01));
#1245 = LINE('',#1246,#1247);
#1246 = CARTESIAN_POINT('',(-0.6,0.6,1.049697256412E-17));
#1247 = VECTOR('',#1248,1.);
#1248 = DIRECTION('',(-2.168404344971E-15,-0.,-1.));
#1249 = ORIENTED_EDGE('',*,*,#1250,.T.);
#1250 = EDGE_CURVE('',#1243,#1251,#1253,.T.);
#1251 = VERTEX_POINT('',#1252);
#1252 = CARTESIAN_POINT('',(-0.6,0.6,1.15));
#1253 = LINE('',#1254,#1255);
#1254 = CARTESIAN_POINT('',(-0.6,0.6,1.25));
#1255 = VECTOR('',#1256,1.);
#1256 = DIRECTION('',(0.,0.,1.));
#1257 = ORIENTED_EDGE('',*,*,#1258,.F.);
#1258 = EDGE_CURVE('',#1259,#1251,#1261,.T.);
#1259 = VERTEX_POINT('',#1260);
#1260 = CARTESIAN_POINT('',(-0.6,0.6,1.25));
#1261 = LINE('',#1262,#1263);
#1262 = CARTESIAN_POINT('',(-0.6,0.6,1.25));
#1263 = VECTOR('',#1264,1.);
#1264 = DIRECTION('',(2.168404344971E-15,0.,-1.));
#1265 = ORIENTED_EDGE('',*,*,#1266,.F.);
#1266 = EDGE_CURVE('',#1267,#1259,#1269,.T.);
#1267 = VERTEX_POINT('',#1268);
#1268 = CARTESIAN_POINT('',(0.6,0.6,1.25));
#1269 = LINE('',#1270,#1271);
#1270 = CARTESIAN_POINT('',(0.,0.6,1.25));
#1271 = VECTOR('',#1272,1.);
#1272 = DIRECTION('',(-1.,-0.,-0.));
#1273 = ORIENTED_EDGE('',*,*,#1274,.F.);
#1274 = EDGE_CURVE('',#1219,#1267,#1275,.T.);
#1275 = LINE('',#1276,#1277);
#1276 = CARTESIAN_POINT('',(0.6,0.6,1.25));
#1277 = VECTOR('',#1278,1.);
#1278 = DIRECTION('',(2.168404344971E-15,-0.,1.));
#1279 = PLANE('',#1280);
#1280 = AXIS2_PLACEMENT_3D('',#1281,#1282,#1283);
#1281 = CARTESIAN_POINT('',(0.,0.6,1.25));
#1282 = DIRECTION('',(0.,-1.,0.));
#1283 = DIRECTION('',(0.,-0.,-1.));
#1284 = ADVANCED_FACE('',(#1285),#1342,.F.);
#1285 = FACE_BOUND('',#1286,.T.);
#1286 = EDGE_LOOP('',(#1287,#1288,#1296,#1304,#1312,#1320,#1328,#1336));
#1287 = ORIENTED_EDGE('',*,*,#1250,.F.);
#1288 = ORIENTED_EDGE('',*,*,#1289,.F.);
#1289 = EDGE_CURVE('',#1290,#1243,#1292,.T.);
#1290 = VERTEX_POINT('',#1291);
#1291 = CARTESIAN_POINT('',(-0.8,0.6,0.1));
#1292 = LINE('',#1293,#1294);
#1293 = CARTESIAN_POINT('',(-0.6,0.6,1.E-01));
#1294 = VECTOR('',#1295,1.);
#1295 = DIRECTION('',(1.,-0.,-2.03287907341E-16));
#1296 = ORIENTED_EDGE('',*,*,#1297,.F.);
#1297 = EDGE_CURVE('',#1298,#1290,#1300,.T.);
#1298 = VERTEX_POINT('',#1299);
#1299 = CARTESIAN_POINT('',(-0.8,0.6,3.03100082789E-16));
#1300 = LINE('',#1301,#1302);
#1301 = CARTESIAN_POINT('',(-0.8,0.6,0.1));
#1302 = VECTOR('',#1303,1.);
#1303 = DIRECTION('',(-0.,-0.,1.));
#1304 = ORIENTED_EDGE('',*,*,#1305,.T.);
#1305 = EDGE_CURVE('',#1298,#1306,#1308,.T.);
#1306 = VERTEX_POINT('',#1307);
#1307 = CARTESIAN_POINT('',(-1.,0.6,0.));
#1308 = LINE('',#1309,#1310);
#1309 = CARTESIAN_POINT('',(0.,0.6,0.));
#1310 = VECTOR('',#1311,1.);
#1311 = DIRECTION('',(-1.,0.,0.));
#1312 = ORIENTED_EDGE('',*,*,#1313,.F.);
#1313 = EDGE_CURVE('',#1314,#1306,#1316,.T.);
#1314 = VERTEX_POINT('',#1315);
#1315 = CARTESIAN_POINT('',(-1.,0.6,1.25));
#1316 = LINE('',#1317,#1318);
#1317 = CARTESIAN_POINT('',(-1.,0.6,1.25));
#1318 = VECTOR('',#1319,1.);
#1319 = DIRECTION('',(-0.,-0.,-1.));
#1320 = ORIENTED_EDGE('',*,*,#1321,.F.);
#1321 = EDGE_CURVE('',#1322,#1314,#1324,.T.);
#1322 = VERTEX_POINT('',#1323);
#1323 = CARTESIAN_POINT('',(-0.8,0.6,1.25));
#1324 = LINE('',#1325,#1326);
#1325 = CARTESIAN_POINT('',(0.,0.6,1.25));
#1326 = VECTOR('',#1327,1.);
#1327 = DIRECTION('',(-1.,-0.,-0.));
#1328 = ORIENTED_EDGE('',*,*,#1329,.F.);
#1329 = EDGE_CURVE('',#1330,#1322,#1332,.T.);
#1330 = VERTEX_POINT('',#1331);
#1331 = CARTESIAN_POINT('',(-0.8,0.6,1.15));
#1332 = LINE('',#1333,#1334);
#1333 = CARTESIAN_POINT('',(-0.8,0.6,1.15));
#1334 = VECTOR('',#1335,1.);
#1335 = DIRECTION('',(0.,0.,1.));
#1336 = ORIENTED_EDGE('',*,*,#1337,.F.);
#1337 = EDGE_CURVE('',#1251,#1330,#1338,.T.);
#1338 = LINE('',#1339,#1340);
#1339 = CARTESIAN_POINT('',(-0.6,0.6,1.15));
#1340 = VECTOR('',#1341,1.);
#1341 = DIRECTION('',(-1.,0.,-1.084202172486E-15));
#1342 = PLANE('',#1343);
#1343 = AXIS2_PLACEMENT_3D('',#1344,#1345,#1346);
#1344 = CARTESIAN_POINT('',(0.,0.6,1.25));
#1345 = DIRECTION('',(0.,-1.,0.));
#1346 = DIRECTION('',(0.,-0.,-1.));
#1347 = ADVANCED_FACE('',(#1348),#1367,.F.);
#1348 = FACE_BOUND('',#1349,.T.);
#1349 = EDGE_LOOP('',(#1350,#1351,#1352,#1353,#1354,#1355,#1356,#1357,
    #1358,#1359,#1360,#1361,#1362,#1363,#1364,#1365,#1366));
#1350 = ORIENTED_EDGE('',*,*,#1072,.F.);
#1351 = ORIENTED_EDGE('',*,*,#1054,.F.);
#1352 = ORIENTED_EDGE('',*,*,#1208,.F.);
#1353 = ORIENTED_EDGE('',*,*,#1200,.F.);
#1354 = ORIENTED_EDGE('',*,*,#1192,.F.);
#1355 = ORIENTED_EDGE('',*,*,#1184,.F.);
#1356 = ORIENTED_EDGE('',*,*,#1176,.F.);
#1357 = ORIENTED_EDGE('',*,*,#1168,.F.);
#1358 = ORIENTED_EDGE('',*,*,#1160,.F.);
#1359 = ORIENTED_EDGE('',*,*,#1152,.F.);
#1360 = ORIENTED_EDGE('',*,*,#1144,.F.);
#1361 = ORIENTED_EDGE('',*,*,#1136,.F.);
#1362 = ORIENTED_EDGE('',*,*,#1128,.F.);
#1363 = ORIENTED_EDGE('',*,*,#1120,.F.);
#1364 = ORIENTED_EDGE('',*,*,#1104,.F.);
#1365 = ORIENTED_EDGE('',*,*,#1096,.F.);
#1366 = ORIENTED_EDGE('',*,*,#1080,.F.);
#1367 = PLANE('',#1368);
#1368 = AXIS2_PLACEMENT_3D('',#1369,#1370,#1371);
#1369 = CARTESIAN_POINT('',(0.,0.6,1.25));
#1370 = DIRECTION('',(0.,-1.,0.));
#1371 = DIRECTION('',(0.,-0.,-1.));
#1372 = ADVANCED_FACE('',(#1373,#1383),#1417,.F.);
#1373 = FACE_BOUND('',#1374,.T.);
#1374 = EDGE_LOOP('',(#1375,#1376,#1377,#1378,#1379,#1380,#1381,#1382));
#1375 = ORIENTED_EDGE('',*,*,#974,.F.);
#1376 = ORIENTED_EDGE('',*,*,#956,.F.);
#1377 = ORIENTED_EDGE('',*,*,#1046,.F.);
#1378 = ORIENTED_EDGE('',*,*,#1030,.F.);
#1379 = ORIENTED_EDGE('',*,*,#1022,.F.);
#1380 = ORIENTED_EDGE('',*,*,#1006,.F.);
#1381 = ORIENTED_EDGE('',*,*,#998,.F.);
#1382 = ORIENTED_EDGE('',*,*,#982,.F.);
#1383 = FACE_BOUND('',#1384,.T.);
#1384 = EDGE_LOOP('',(#1385,#1395,#1403,#1411));
#1385 = ORIENTED_EDGE('',*,*,#1386,.F.);
#1386 = EDGE_CURVE('',#1387,#1389,#1391,.T.);
#1387 = VERTEX_POINT('',#1388);
#1388 = CARTESIAN_POINT('',(7.156626506024E-02,0.6,0.881626506024));
#1389 = VERTEX_POINT('',#1390);
#1390 = CARTESIAN_POINT('',(0.208915662651,0.6,0.881626506024));
#1391 = LINE('',#1392,#1393);
#1392 = CARTESIAN_POINT('',(0.,0.6,0.881626506024));
#1393 = VECTOR('',#1394,1.);
#1394 = DIRECTION('',(1.,0.,0.));
#1395 = ORIENTED_EDGE('',*,*,#1396,.F.);
#1396 = EDGE_CURVE('',#1397,#1387,#1399,.T.);
#1397 = VERTEX_POINT('',#1398);
#1398 = CARTESIAN_POINT('',(7.156626506024E-02,0.6,0.368373493976));
#1399 = LINE('',#1400,#1401);
#1400 = CARTESIAN_POINT('',(7.156626506024E-02,0.6,1.25));
#1401 = VECTOR('',#1402,1.);
#1402 = DIRECTION('',(0.,0.,1.));
#1403 = ORIENTED_EDGE('',*,*,#1404,.F.);
#1404 = EDGE_CURVE('',#1405,#1397,#1407,.T.);
#1405 = VERTEX_POINT('',#1406);
#1406 = CARTESIAN_POINT('',(0.208915662651,0.6,0.368373493976));
#1407 = LINE('',#1408,#1409);
#1408 = CARTESIAN_POINT('',(0.,0.6,0.368373493976));
#1409 = VECTOR('',#1410,1.);
#1410 = DIRECTION('',(-1.,0.,0.));
#1411 = ORIENTED_EDGE('',*,*,#1412,.F.);
#1412 = EDGE_CURVE('',#1389,#1405,#1413,.T.);
#1413 = LINE('',#1414,#1415);
#1414 = CARTESIAN_POINT('',(0.208915662651,0.6,1.25));
#1415 = VECTOR('',#1416,1.);
#1416 = DIRECTION('',(0.,0.,-1.));
#1417 = PLANE('',#1418);
#1418 = AXIS2_PLACEMENT_3D('',#1419,#1420,#1421);
#1419 = CARTESIAN_POINT('',(0.,0.6,1.25));
#1420 = DIRECTION('',(0.,-1.,0.));
#1421 = DIRECTION('',(0.,-0.,-1.));
#1422 = ADVANCED_FACE('',(#1423),#1429,.F.);
#1423 = FACE_BOUND('',#1424,.T.);
#1424 = EDGE_LOOP('',(#1425,#1426,#1427,#1428));
#1425 = ORIENTED_EDGE('',*,*,#1396,.T.);
#1426 = ORIENTED_EDGE('',*,*,#1386,.T.);
#1427 = ORIENTED_EDGE('',*,*,#1412,.T.);
#1428 = ORIENTED_EDGE('',*,*,#1404,.T.);
#1429 = PLANE('',#1430);
#1430 = AXIS2_PLACEMENT_3D('',#1431,#1432,#1433);
#1431 = CARTESIAN_POINT('',(0.,0.6,1.25));
#1432 = DIRECTION('',(0.,-1.,0.));
#1433 = DIRECTION('',(0.,-0.,-1.));
#1434 = ADVANCED_FACE('',(#1435,#1477,#1497),#1539,.F.);
#1435 = FACE_BOUND('',#1436,.T.);
#1436 = EDGE_LOOP('',(#1437,#1447,#1455,#1463,#1471));
#1437 = ORIENTED_EDGE('',*,*,#1438,.F.);
#1438 = EDGE_CURVE('',#1439,#1441,#1443,.T.);
#1439 = VERTEX_POINT('',#1440);
#1440 = CARTESIAN_POINT('',(-0.136626506024,0.6,0.588403614458));
#1441 = VERTEX_POINT('',#1442);
#1442 = CARTESIAN_POINT('',(-7.303463855422E-02,0.6,0.544352409639));
#1443 = LINE('',#1444,#1445);
#1444 = CARTESIAN_POINT('',(-0.35399399649,0.6,0.738977897374));
#1445 = VECTOR('',#1446,1.);
#1446 = DIRECTION('',(0.822034469644,0.,-0.56943773208));
#1447 = ORIENTED_EDGE('',*,*,#1448,.F.);
#1448 = EDGE_CURVE('',#1449,#1439,#1451,.T.);
#1449 = VERTEX_POINT('',#1450);
#1450 = CARTESIAN_POINT('',(-0.200218373494,0.6,0.544352409639));
#1451 = LINE('',#1452,#1453);
#1452 = CARTESIAN_POINT('',(0.265389157687,0.6,0.866886933903));
#1453 = VECTOR('',#1454,1.);
#1454 = DIRECTION('',(0.822034469644,0.,0.56943773208));
#1455 = ORIENTED_EDGE('',*,*,#1456,.F.);
#1456 = EDGE_CURVE('',#1457,#1449,#1459,.T.);
#1457 = VERTEX_POINT('',#1458);
#1458 = CARTESIAN_POINT('',(-0.200218373494,0.6,0.368373493976));
#1459 = LINE('',#1460,#1461);
#1460 = CARTESIAN_POINT('',(-0.200218373494,0.6,1.25));
#1461 = VECTOR('',#1462,1.);
#1462 = DIRECTION('',(0.,0.,1.));
#1463 = ORIENTED_EDGE('',*,*,#1464,.F.);
#1464 = EDGE_CURVE('',#1465,#1457,#1467,.T.);
#1465 = VERTEX_POINT('',#1466);
#1466 = CARTESIAN_POINT('',(-7.303463855422E-02,0.6,0.368373493976));
#1467 = LINE('',#1468,#1469);
#1468 = CARTESIAN_POINT('',(0.,0.6,0.368373493976));
#1469 = VECTOR('',#1470,1.);
#1470 = DIRECTION('',(-1.,0.,0.));
#1471 = ORIENTED_EDGE('',*,*,#1472,.F.);
#1472 = EDGE_CURVE('',#1441,#1465,#1473,.T.);
#1473 = LINE('',#1474,#1475);
#1474 = CARTESIAN_POINT('',(-7.303463855422E-02,0.6,1.25));
#1475 = VECTOR('',#1476,1.);
#1476 = DIRECTION('',(0.,0.,-1.));
#1477 = FACE_BOUND('',#1478,.T.);
#1478 = EDGE_LOOP('',(#1479,#1480,#1481,#1482,#1483,#1484,#1485,#1486,
    #1487,#1488,#1489,#1490,#1491,#1492,#1493,#1494,#1495,#1496));
#1479 = ORIENTED_EDGE('',*,*,#776,.F.);
#1480 = ORIENTED_EDGE('',*,*,#762,.F.);
#1481 = ORIENTED_EDGE('',*,*,#948,.F.);
#1482 = ORIENTED_EDGE('',*,*,#940,.F.);
#1483 = ORIENTED_EDGE('',*,*,#928,.F.);
#1484 = ORIENTED_EDGE('',*,*,#920,.F.);
#1485 = ORIENTED_EDGE('',*,*,#904,.F.);
#1486 = ORIENTED_EDGE('',*,*,#896,.F.);
#1487 = ORIENTED_EDGE('',*,*,#880,.F.);
#1488 = ORIENTED_EDGE('',*,*,#872,.F.);
#1489 = ORIENTED_EDGE('',*,*,#860,.F.);
#1490 = ORIENTED_EDGE('',*,*,#852,.F.);
#1491 = ORIENTED_EDGE('',*,*,#844,.F.);
#1492 = ORIENTED_EDGE('',*,*,#832,.F.);
#1493 = ORIENTED_EDGE('',*,*,#824,.F.);
#1494 = ORIENTED_EDGE('',*,*,#808,.F.);
#1495 = ORIENTED_EDGE('',*,*,#800,.F.);
#1496 = ORIENTED_EDGE('',*,*,#784,.F.);
#1497 = FACE_BOUND('',#1498,.T.);
#1498 = EDGE_LOOP('',(#1499,#1509,#1517,#1525,#1533));
#1499 = ORIENTED_EDGE('',*,*,#1500,.F.);
#1500 = EDGE_CURVE('',#1501,#1503,#1505,.T.);
#1501 = VERTEX_POINT('',#1502);
#1502 = CARTESIAN_POINT('',(-0.201686746988,0.6,0.881626506024));
#1503 = VERTEX_POINT('',#1504);
#1504 = CARTESIAN_POINT('',(-7.156626506024E-02,0.6,0.881626506024));
#1505 = LINE('',#1506,#1507);
#1506 = CARTESIAN_POINT('',(0.,0.6,0.881626506024));
#1507 = VECTOR('',#1508,1.);
#1508 = DIRECTION('',(1.,0.,0.));
#1509 = ORIENTED_EDGE('',*,*,#1510,.F.);
#1510 = EDGE_CURVE('',#1511,#1501,#1513,.T.);
#1511 = VERTEX_POINT('',#1512);
#1512 = CARTESIAN_POINT('',(-0.201686746988,0.6,0.678426204819));
#1513 = LINE('',#1514,#1515);
#1514 = CARTESIAN_POINT('',(-0.201686746988,0.6,1.25));
#1515 = VECTOR('',#1516,1.);
#1516 = DIRECTION('',(0.,0.,1.));
#1517 = ORIENTED_EDGE('',*,*,#1518,.F.);
#1518 = EDGE_CURVE('',#1519,#1511,#1521,.T.);
#1519 = VERTEX_POINT('',#1520);
#1520 = CARTESIAN_POINT('',(-0.136626506024,0.6,0.633810240964));
#1521 = LINE('',#1522,#1523);
#1522 = CARTESIAN_POINT('',(-0.331103553659,0.6,0.767175577449));
#1523 = VECTOR('',#1524,1.);
#1524 = DIRECTION('',(-0.824709771473,0.,0.56555618009));
#1525 = ORIENTED_EDGE('',*,*,#1526,.F.);
#1526 = EDGE_CURVE('',#1527,#1519,#1529,.T.);
#1527 = VERTEX_POINT('',#1528);
#1528 = CARTESIAN_POINT('',(-7.156626506024E-02,0.6,0.678426204819));
#1529 = LINE('',#1530,#1531);
#1530 = CARTESIAN_POINT('',(0.243702541351,0.6,0.894626167549));
#1531 = VECTOR('',#1532,1.);
#1532 = DIRECTION('',(-0.824709771473,0.,-0.56555618009));
#1533 = ORIENTED_EDGE('',*,*,#1534,.F.);
#1534 = EDGE_CURVE('',#1503,#1527,#1535,.T.);
#1535 = LINE('',#1536,#1537);
#1536 = CARTESIAN_POINT('',(-7.156626506024E-02,0.6,1.25));
#1537 = VECTOR('',#1538,1.);
#1538 = DIRECTION('',(0.,0.,-1.));
#1539 = PLANE('',#1540);
#1540 = AXIS2_PLACEMENT_3D('',#1541,#1542,#1543);
#1541 = CARTESIAN_POINT('',(0.,0.6,1.25));
#1542 = DIRECTION('',(0.,-1.,0.));
#1543 = DIRECTION('',(0.,-0.,-1.));
#1544 = ADVANCED_FACE('',(#1545),#1552,.F.);
#1545 = FACE_BOUND('',#1546,.T.);
#1546 = EDGE_LOOP('',(#1547,#1548,#1549,#1550,#1551));
#1547 = ORIENTED_EDGE('',*,*,#1510,.T.);
#1548 = ORIENTED_EDGE('',*,*,#1500,.T.);
#1549 = ORIENTED_EDGE('',*,*,#1534,.T.);
#1550 = ORIENTED_EDGE('',*,*,#1526,.T.);
#1551 = ORIENTED_EDGE('',*,*,#1518,.T.);
#1552 = PLANE('',#1553);
#1553 = AXIS2_PLACEMENT_3D('',#1554,#1555,#1556);
#1554 = CARTESIAN_POINT('',(0.,0.6,1.25));
#1555 = DIRECTION('',(0.,-1.,0.));
#1556 = DIRECTION('',(0.,-0.,-1.));
#1557 = ADVANCED_FACE('',(#1558),#1565,.F.);
#1558 = FACE_BOUND('',#1559,.T.);
#1559 = EDGE_LOOP('',(#1560,#1561,#1562,#1563,#1564));
#1560 = ORIENTED_EDGE('',*,*,#1448,.T.);
#1561 = ORIENTED_EDGE('',*,*,#1438,.T.);
#1562 = ORIENTED_EDGE('',*,*,#1472,.T.);
#1563 = ORIENTED_EDGE('',*,*,#1464,.T.);
#1564 = ORIENTED_EDGE('',*,*,#1456,.T.);
#1565 = PLANE('',#1566);
#1566 = AXIS2_PLACEMENT_3D('',#1567,#1568,#1569);
#1567 = CARTESIAN_POINT('',(0.,0.6,1.25));
#1568 = DIRECTION('',(0.,-1.,0.));
#1569 = DIRECTION('',(0.,-0.,-1.));
#1570 = ADVANCED_FACE('',(#1571,#1581),#1615,.F.);
#1571 = FACE_BOUND('',#1572,.T.);
#1572 = EDGE_LOOP('',(#1573,#1574,#1575,#1576,#1577,#1578,#1579,#1580));
#1573 = ORIENTED_EDGE('',*,*,#682,.F.);
#1574 = ORIENTED_EDGE('',*,*,#664,.F.);
#1575 = ORIENTED_EDGE('',*,*,#754,.F.);
#1576 = ORIENTED_EDGE('',*,*,#738,.F.);
#1577 = ORIENTED_EDGE('',*,*,#730,.F.);
#1578 = ORIENTED_EDGE('',*,*,#714,.F.);
#1579 = ORIENTED_EDGE('',*,*,#706,.F.);
#1580 = ORIENTED_EDGE('',*,*,#690,.F.);
#1581 = FACE_BOUND('',#1582,.T.);
#1582 = EDGE_LOOP('',(#1583,#1593,#1601,#1609));
#1583 = ORIENTED_EDGE('',*,*,#1584,.F.);
#1584 = EDGE_CURVE('',#1585,#1587,#1589,.T.);
#1585 = VERTEX_POINT('',#1586);
#1586 = CARTESIAN_POINT('',(-0.482168674699,0.6,0.881626506024));
#1587 = VERTEX_POINT('',#1588);
#1588 = CARTESIAN_POINT('',(-0.344819277108,0.6,0.881626506024));
#1589 = LINE('',#1590,#1591);
#1590 = CARTESIAN_POINT('',(0.,0.6,0.881626506024));
#1591 = VECTOR('',#1592,1.);
#1592 = DIRECTION('',(1.,0.,0.));
#1593 = ORIENTED_EDGE('',*,*,#1594,.F.);
#1594 = EDGE_CURVE('',#1595,#1585,#1597,.T.);
#1595 = VERTEX_POINT('',#1596);
#1596 = CARTESIAN_POINT('',(-0.482168674699,0.6,0.368373493976));
#1597 = LINE('',#1598,#1599);
#1598 = CARTESIAN_POINT('',(-0.482168674699,0.6,1.25));
#1599 = VECTOR('',#1600,1.);
#1600 = DIRECTION('',(0.,0.,1.));
#1601 = ORIENTED_EDGE('',*,*,#1602,.F.);
#1602 = EDGE_CURVE('',#1603,#1595,#1605,.T.);
#1603 = VERTEX_POINT('',#1604);
#1604 = CARTESIAN_POINT('',(-0.344819277108,0.6,0.368373493976));
#1605 = LINE('',#1606,#1607);
#1606 = CARTESIAN_POINT('',(0.,0.6,0.368373493976));
#1607 = VECTOR('',#1608,1.);
#1608 = DIRECTION('',(-1.,0.,0.));
#1609 = ORIENTED_EDGE('',*,*,#1610,.F.);
#1610 = EDGE_CURVE('',#1587,#1603,#1611,.T.);
#1611 = LINE('',#1612,#1613);
#1612 = CARTESIAN_POINT('',(-0.344819277108,0.6,1.25));
#1613 = VECTOR('',#1614,1.);
#1614 = DIRECTION('',(0.,0.,-1.));
#1615 = PLANE('',#1616);
#1616 = AXIS2_PLACEMENT_3D('',#1617,#1618,#1619);
#1617 = CARTESIAN_POINT('',(0.,0.6,1.25));
#1618 = DIRECTION('',(0.,-1.,0.));
#1619 = DIRECTION('',(0.,-0.,-1.));
#1620 = ADVANCED_FACE('',(#1621),#1627,.F.);
#1621 = FACE_BOUND('',#1622,.T.);
#1622 = EDGE_LOOP('',(#1623,#1624,#1625,#1626));
#1623 = ORIENTED_EDGE('',*,*,#1594,.T.);
#1624 = ORIENTED_EDGE('',*,*,#1584,.T.);
#1625 = ORIENTED_EDGE('',*,*,#1610,.T.);
#1626 = ORIENTED_EDGE('',*,*,#1602,.T.);
#1627 = PLANE('',#1628);
#1628 = AXIS2_PLACEMENT_3D('',#1629,#1630,#1631);
#1629 = CARTESIAN_POINT('',(0.,0.6,1.25));
#1630 = DIRECTION('',(0.,-1.,0.));
#1631 = DIRECTION('',(0.,-0.,-1.));
#1632 = ADVANCED_FACE('',(#1633),#1658,.T.);
#1633 = FACE_BOUND('',#1634,.T.);
#1634 = EDGE_LOOP('',(#1635,#1643,#1644,#1652));
#1635 = ORIENTED_EDGE('',*,*,#1636,.T.);
#1636 = EDGE_CURVE('',#1637,#1267,#1639,.T.);
#1637 = VERTEX_POINT('',#1638);
#1638 = CARTESIAN_POINT('',(0.6,0.58,1.25));
#1639 = LINE('',#1640,#1641);
#1640 = CARTESIAN_POINT('',(0.6,0.58,1.25));
#1641 = VECTOR('',#1642,1.);
#1642 = DIRECTION('',(-0.,1.,-0.));
#1643 = ORIENTED_EDGE('',*,*,#1266,.T.);
#1644 = ORIENTED_EDGE('',*,*,#1645,.F.);
#1645 = EDGE_CURVE('',#1646,#1259,#1648,.T.);
#1646 = VERTEX_POINT('',#1647);
#1647 = CARTESIAN_POINT('',(-0.6,0.58,1.25));
#1648 = LINE('',#1649,#1650);
#1649 = CARTESIAN_POINT('',(-0.6,0.58,1.25));
#1650 = VECTOR('',#1651,1.);
#1651 = DIRECTION('',(-0.,1.,-0.));
#1652 = ORIENTED_EDGE('',*,*,#1653,.T.);
#1653 = EDGE_CURVE('',#1646,#1637,#1654,.T.);
#1654 = LINE('',#1655,#1656);
#1655 = CARTESIAN_POINT('',(0.,0.58,1.25));
#1656 = VECTOR('',#1657,1.);
#1657 = DIRECTION('',(1.,-1.106328747434E-16,-0.));
#1658 = PLANE('',#1659);
#1659 = AXIS2_PLACEMENT_3D('',#1660,#1661,#1662);
#1660 = CARTESIAN_POINT('',(0.58,-3.184843881676E-16,1.25));
#1661 = DIRECTION('',(0.,0.,1.));
#1662 = DIRECTION('',(1.,0.,-0.));
#1663 = ADVANCED_FACE('',(#1664),#1730,.F.);
#1664 = FACE_BOUND('',#1665,.T.);
#1665 = EDGE_LOOP('',(#1666,#1676,#1684,#1692,#1700,#1708,#1716,#1724));
#1666 = ORIENTED_EDGE('',*,*,#1667,.F.);
#1667 = EDGE_CURVE('',#1668,#1670,#1672,.T.);
#1668 = VERTEX_POINT('',#1669);
#1669 = CARTESIAN_POINT('',(0.8,0.58,4.336808689942E-16));
#1670 = VERTEX_POINT('',#1671);
#1671 = CARTESIAN_POINT('',(0.98,0.58,0.));
#1672 = LINE('',#1673,#1674);
#1673 = CARTESIAN_POINT('',(0.,0.58,0.));
#1674 = VECTOR('',#1675,1.);
#1675 = DIRECTION('',(1.,0.,0.));
#1676 = ORIENTED_EDGE('',*,*,#1677,.T.);
#1677 = EDGE_CURVE('',#1668,#1678,#1680,.T.);
#1678 = VERTEX_POINT('',#1679);
#1679 = CARTESIAN_POINT('',(0.8,0.6,4.336808689942E-16));
#1680 = LINE('',#1681,#1682);
#1681 = CARTESIAN_POINT('',(0.8,0.58,4.336808689942E-16));
#1682 = VECTOR('',#1683,1.);
#1683 = DIRECTION('',(-0.,1.,-0.));
#1684 = ORIENTED_EDGE('',*,*,#1685,.F.);
#1685 = EDGE_CURVE('',#1686,#1678,#1688,.T.);
#1686 = VERTEX_POINT('',#1687);
#1687 = CARTESIAN_POINT('',(1.,0.6,0.));
#1688 = LINE('',#1689,#1690);
#1689 = CARTESIAN_POINT('',(0.,0.6,0.));
#1690 = VECTOR('',#1691,1.);
#1691 = DIRECTION('',(-1.,0.,0.));
#1692 = ORIENTED_EDGE('',*,*,#1693,.F.);
#1693 = EDGE_CURVE('',#1694,#1686,#1696,.T.);
#1694 = VERTEX_POINT('',#1695);
#1695 = CARTESIAN_POINT('',(1.,-2.710505431214E-16,0.));
#1696 = LINE('',#1697,#1698);
#1697 = CARTESIAN_POINT('',(1.,0.6,0.));
#1698 = VECTOR('',#1699,1.);
#1699 = DIRECTION('',(-0.,1.,-0.));
#1700 = ORIENTED_EDGE('',*,*,#1701,.F.);
#1701 = EDGE_CURVE('',#1702,#1694,#1704,.T.);
#1702 = VERTEX_POINT('',#1703);
#1703 = CARTESIAN_POINT('',(0.58,-3.173733725484E-16,0.));
#1704 = LINE('',#1705,#1706);
#1705 = CARTESIAN_POINT('',(1.,-2.710505431214E-16,0.));
#1706 = VECTOR('',#1707,1.);
#1707 = DIRECTION('',(1.,1.102924510166E-16,-0.));
#1708 = ORIENTED_EDGE('',*,*,#1709,.F.);
#1709 = EDGE_CURVE('',#1710,#1702,#1712,.T.);
#1710 = VERTEX_POINT('',#1711);
#1711 = CARTESIAN_POINT('',(0.58,2.E-02,0.));
#1712 = LINE('',#1713,#1714);
#1713 = CARTESIAN_POINT('',(0.58,2.E-02,0.));
#1714 = VECTOR('',#1715,1.);
#1715 = DIRECTION('',(0.,-1.,0.));
#1716 = ORIENTED_EDGE('',*,*,#1717,.F.);
#1717 = EDGE_CURVE('',#1718,#1710,#1720,.T.);
#1718 = VERTEX_POINT('',#1719);
#1719 = CARTESIAN_POINT('',(0.98,2.E-02,0.));
#1720 = LINE('',#1721,#1722);
#1721 = CARTESIAN_POINT('',(0.98,2.E-02,0.));
#1722 = VECTOR('',#1723,1.);
#1723 = DIRECTION('',(-1.,-1.439956010332E-16,0.));
#1724 = ORIENTED_EDGE('',*,*,#1725,.F.);
#1725 = EDGE_CURVE('',#1670,#1718,#1726,.T.);
#1726 = LINE('',#1727,#1728);
#1727 = CARTESIAN_POINT('',(0.98,0.58,0.));
#1728 = VECTOR('',#1729,1.);
#1729 = DIRECTION('',(0.,-1.,0.));
#1730 = PLANE('',#1731);
#1731 = AXIS2_PLACEMENT_3D('',#1732,#1733,#1734);
#1732 = CARTESIAN_POINT('',(0.58,-3.184843881676E-16,0.));
#1733 = DIRECTION('',(0.,0.,1.));
#1734 = DIRECTION('',(1.,0.,-0.));
#1735 = ADVANCED_FACE('',(#1736),#1793,.T.);
#1736 = FACE_BOUND('',#1737,.T.);
#1737 = EDGE_LOOP('',(#1738,#1746,#1747,#1755,#1763,#1771,#1779,#1787));
#1738 = ORIENTED_EDGE('',*,*,#1739,.T.);
#1739 = EDGE_CURVE('',#1740,#1322,#1742,.T.);
#1740 = VERTEX_POINT('',#1741);
#1741 = CARTESIAN_POINT('',(-0.8,0.58,1.25));
#1742 = LINE('',#1743,#1744);
#1743 = CARTESIAN_POINT('',(-0.8,0.58,1.25));
#1744 = VECTOR('',#1745,1.);
#1745 = DIRECTION('',(-0.,1.,-0.));
#1746 = ORIENTED_EDGE('',*,*,#1321,.T.);
#1747 = ORIENTED_EDGE('',*,*,#1748,.T.);
#1748 = EDGE_CURVE('',#1314,#1749,#1751,.T.);
#1749 = VERTEX_POINT('',#1750);
#1750 = CARTESIAN_POINT('',(-1.,-2.710505431214E-16,1.25));
#1751 = LINE('',#1752,#1753);
#1752 = CARTESIAN_POINT('',(-1.,0.6,1.25));
#1753 = VECTOR('',#1754,1.);
#1754 = DIRECTION('',(0.,-1.,0.));
#1755 = ORIENTED_EDGE('',*,*,#1756,.T.);
#1756 = EDGE_CURVE('',#1749,#1757,#1759,.T.);
#1757 = VERTEX_POINT('',#1758);
#1758 = CARTESIAN_POINT('',(-0.58,-6.01853107621E-33,1.25));
#1759 = LINE('',#1760,#1761);
#1760 = CARTESIAN_POINT('',(-1.,-2.710505431214E-16,1.25));
#1761 = VECTOR('',#1762,1.);
#1762 = DIRECTION('',(1.,6.453584360033E-16,0.));
#1763 = ORIENTED_EDGE('',*,*,#1764,.T.);
#1764 = EDGE_CURVE('',#1757,#1765,#1767,.T.);
#1765 = VERTEX_POINT('',#1766);
#1766 = CARTESIAN_POINT('',(-0.58,2.E-02,1.25));
#1767 = LINE('',#1768,#1769);
#1768 = CARTESIAN_POINT('',(-0.58,2.E-02,1.25));
#1769 = VECTOR('',#1770,1.);
#1770 = DIRECTION('',(-0.,1.,-0.));
#1771 = ORIENTED_EDGE('',*,*,#1772,.T.);
#1772 = EDGE_CURVE('',#1765,#1773,#1775,.T.);
#1773 = VERTEX_POINT('',#1774);
#1774 = CARTESIAN_POINT('',(-0.98,2.E-02,1.25));
#1775 = LINE('',#1776,#1777);
#1776 = CARTESIAN_POINT('',(-0.98,2.E-02,1.25));
#1777 = VECTOR('',#1778,1.);
#1778 = DIRECTION('',(-1.,9.317362419797E-16,-0.));
#1779 = ORIENTED_EDGE('',*,*,#1780,.T.);
#1780 = EDGE_CURVE('',#1773,#1781,#1783,.T.);
#1781 = VERTEX_POINT('',#1782);
#1782 = CARTESIAN_POINT('',(-0.98,0.58,1.25));
#1783 = LINE('',#1784,#1785);
#1784 = CARTESIAN_POINT('',(-0.98,0.58,1.25));
#1785 = VECTOR('',#1786,1.);
#1786 = DIRECTION('',(-0.,1.,-0.));
#1787 = ORIENTED_EDGE('',*,*,#1788,.T.);
#1788 = EDGE_CURVE('',#1781,#1740,#1789,.T.);
#1789 = LINE('',#1790,#1791);
#1790 = CARTESIAN_POINT('',(0.,0.58,1.25));
#1791 = VECTOR('',#1792,1.);
#1792 = DIRECTION('',(1.,-1.106328747434E-16,-0.));
#1793 = PLANE('',#1794);
#1794 = AXIS2_PLACEMENT_3D('',#1795,#1796,#1797);
#1795 = CARTESIAN_POINT('',(0.58,-3.184843881676E-16,1.25));
#1796 = DIRECTION('',(0.,0.,1.));
#1797 = DIRECTION('',(1.,0.,-0.));
#1798 = ADVANCED_FACE('',(#1799),#1824,.F.);
#1799 = FACE_BOUND('',#1800,.T.);
#1800 = EDGE_LOOP('',(#1801,#1802,#1810,#1818));
#1801 = ORIENTED_EDGE('',*,*,#1234,.F.);
#1802 = ORIENTED_EDGE('',*,*,#1803,.F.);
#1803 = EDGE_CURVE('',#1804,#1227,#1806,.T.);
#1804 = VERTEX_POINT('',#1805);
#1805 = CARTESIAN_POINT('',(0.6,0.58,1.049697256412E-17));
#1806 = LINE('',#1807,#1808);
#1807 = CARTESIAN_POINT('',(0.6,0.58,1.049697256412E-17));
#1808 = VECTOR('',#1809,1.);
#1809 = DIRECTION('',(-0.,1.,-0.));
#1810 = ORIENTED_EDGE('',*,*,#1811,.F.);
#1811 = EDGE_CURVE('',#1812,#1804,#1814,.T.);
#1812 = VERTEX_POINT('',#1813);
#1813 = CARTESIAN_POINT('',(-0.6,0.58,1.049697256412E-17));
#1814 = LINE('',#1815,#1816);
#1815 = CARTESIAN_POINT('',(0.,0.58,0.));
#1816 = VECTOR('',#1817,1.);
#1817 = DIRECTION('',(1.,0.,0.));
#1818 = ORIENTED_EDGE('',*,*,#1819,.T.);
#1819 = EDGE_CURVE('',#1812,#1235,#1820,.T.);
#1820 = LINE('',#1821,#1822);
#1821 = CARTESIAN_POINT('',(-0.6,0.58,1.049697256412E-17));
#1822 = VECTOR('',#1823,1.);
#1823 = DIRECTION('',(-0.,1.,-0.));
#1824 = PLANE('',#1825);
#1825 = AXIS2_PLACEMENT_3D('',#1826,#1827,#1828);
#1826 = CARTESIAN_POINT('',(0.58,-3.184843881676E-16,0.));
#1827 = DIRECTION('',(0.,0.,1.));
#1828 = DIRECTION('',(1.,0.,-0.));
#1829 = ADVANCED_FACE('',(#1830),#1855,.F.);
#1830 = FACE_BOUND('',#1831,.T.);
#1831 = EDGE_LOOP('',(#1832,#1833,#1841,#1849));
#1832 = ORIENTED_EDGE('',*,*,#1701,.T.);
#1833 = ORIENTED_EDGE('',*,*,#1834,.F.);
#1834 = EDGE_CURVE('',#1835,#1694,#1837,.T.);
#1835 = VERTEX_POINT('',#1836);
#1836 = CARTESIAN_POINT('',(1.,-2.710505431214E-16,1.25));
#1837 = LINE('',#1838,#1839);
#1838 = CARTESIAN_POINT('',(1.,-2.710505431214E-16,1.25));
#1839 = VECTOR('',#1840,1.);
#1840 = DIRECTION('',(-0.,-0.,-1.));
#1841 = ORIENTED_EDGE('',*,*,#1842,.F.);
#1842 = EDGE_CURVE('',#1843,#1835,#1845,.T.);
#1843 = VERTEX_POINT('',#1844);
#1844 = CARTESIAN_POINT('',(0.58,-3.173733725484E-16,1.25));
#1845 = LINE('',#1846,#1847);
#1846 = CARTESIAN_POINT('',(1.,-2.710505431214E-16,1.25));
#1847 = VECTOR('',#1848,1.);
#1848 = DIRECTION('',(1.,1.102924510166E-16,-0.));
#1849 = ORIENTED_EDGE('',*,*,#1850,.T.);
#1850 = EDGE_CURVE('',#1843,#1702,#1851,.T.);
#1851 = LINE('',#1852,#1853);
#1852 = CARTESIAN_POINT('',(0.58,-3.173733725484E-16,1.25));
#1853 = VECTOR('',#1854,1.);
#1854 = DIRECTION('',(-0.,-0.,-1.));
#1855 = PLANE('',#1856);
#1856 = AXIS2_PLACEMENT_3D('',#1857,#1858,#1859);
#1857 = CARTESIAN_POINT('',(1.,-2.710505431214E-16,1.25));
#1858 = DIRECTION('',(-1.102924510166E-16,1.,0.));
#1859 = DIRECTION('',(-1.,-1.102924510166E-16,0.));
#1860 = ADVANCED_FACE('',(#1861),#1879,.F.);
#1861 = FACE_BOUND('',#1862,.T.);
#1862 = EDGE_LOOP('',(#1863,#1864,#1872,#1878));
#1863 = ORIENTED_EDGE('',*,*,#1693,.T.);
#1864 = ORIENTED_EDGE('',*,*,#1865,.F.);
#1865 = EDGE_CURVE('',#1866,#1686,#1868,.T.);
#1866 = VERTEX_POINT('',#1867);
#1867 = CARTESIAN_POINT('',(1.,0.6,1.25));
#1868 = LINE('',#1869,#1870);
#1869 = CARTESIAN_POINT('',(1.,0.6,1.25));
#1870 = VECTOR('',#1871,1.);
#1871 = DIRECTION('',(-0.,-0.,-1.));
#1872 = ORIENTED_EDGE('',*,*,#1873,.F.);
#1873 = EDGE_CURVE('',#1835,#1866,#1874,.T.);
#1874 = LINE('',#1875,#1876);
#1875 = CARTESIAN_POINT('',(1.,0.6,1.25));
#1876 = VECTOR('',#1877,1.);
#1877 = DIRECTION('',(-0.,1.,-0.));
#1878 = ORIENTED_EDGE('',*,*,#1834,.T.);
#1879 = PLANE('',#1880);
#1880 = AXIS2_PLACEMENT_3D('',#1881,#1882,#1883);
#1881 = CARTESIAN_POINT('',(1.,0.6,1.25));
#1882 = DIRECTION('',(-1.,0.,0.));
#1883 = DIRECTION('',(0.,0.,1.));
#1884 = ADVANCED_FACE('',(#1885),#1926,.F.);
#1885 = FACE_BOUND('',#1886,.T.);
#1886 = EDGE_LOOP('',(#1887,#1895,#1896,#1904,#1912,#1918,#1919,#1920));
#1887 = ORIENTED_EDGE('',*,*,#1888,.F.);
#1888 = EDGE_CURVE('',#1217,#1889,#1891,.T.);
#1889 = VERTEX_POINT('',#1890);
#1890 = CARTESIAN_POINT('',(0.8,0.6,0.1));
#1891 = LINE('',#1892,#1893);
#1892 = CARTESIAN_POINT('',(0.6,0.6,1.E-01));
#1893 = VECTOR('',#1894,1.);
#1894 = DIRECTION('',(1.,0.,2.03287907341E-16));
#1895 = ORIENTED_EDGE('',*,*,#1216,.T.);
#1896 = ORIENTED_EDGE('',*,*,#1897,.F.);
#1897 = EDGE_CURVE('',#1898,#1219,#1900,.T.);
#1898 = VERTEX_POINT('',#1899);
#1899 = CARTESIAN_POINT('',(0.8,0.6,1.15));
#1900 = LINE('',#1901,#1902);
#1901 = CARTESIAN_POINT('',(0.6,0.6,1.15));
#1902 = VECTOR('',#1903,1.);
#1903 = DIRECTION('',(-1.,-0.,1.084202172486E-15));
#1904 = ORIENTED_EDGE('',*,*,#1905,.F.);
#1905 = EDGE_CURVE('',#1906,#1898,#1908,.T.);
#1906 = VERTEX_POINT('',#1907);
#1907 = CARTESIAN_POINT('',(0.8,0.6,1.25));
#1908 = LINE('',#1909,#1910);
#1909 = CARTESIAN_POINT('',(0.8,0.6,1.15));
#1910 = VECTOR('',#1911,1.);
#1911 = DIRECTION('',(-0.,-0.,-1.));
#1912 = ORIENTED_EDGE('',*,*,#1913,.F.);
#1913 = EDGE_CURVE('',#1866,#1906,#1914,.T.);
#1914 = LINE('',#1915,#1916);
#1915 = CARTESIAN_POINT('',(0.,0.6,1.25));
#1916 = VECTOR('',#1917,1.);
#1917 = DIRECTION('',(-1.,-0.,-0.));
#1918 = ORIENTED_EDGE('',*,*,#1865,.T.);
#1919 = ORIENTED_EDGE('',*,*,#1685,.T.);
#1920 = ORIENTED_EDGE('',*,*,#1921,.F.);
#1921 = EDGE_CURVE('',#1889,#1678,#1922,.T.);
#1922 = LINE('',#1923,#1924);
#1923 = CARTESIAN_POINT('',(0.8,0.6,0.1));
#1924 = VECTOR('',#1925,1.);
#1925 = DIRECTION('',(0.,0.,-1.));
#1926 = PLANE('',#1927);
#1927 = AXIS2_PLACEMENT_3D('',#1928,#1929,#1930);
#1928 = CARTESIAN_POINT('',(0.,0.6,1.25));
#1929 = DIRECTION('',(0.,-1.,0.));
#1930 = DIRECTION('',(0.,-0.,-1.));
#1931 = ADVANCED_FACE('',(#1932),#1950,.F.);
#1932 = FACE_BOUND('',#1933,.T.);
#1933 = EDGE_LOOP('',(#1934,#1942,#1948,#1949));
#1934 = ORIENTED_EDGE('',*,*,#1935,.T.);
#1935 = EDGE_CURVE('',#1306,#1936,#1938,.T.);
#1936 = VERTEX_POINT('',#1937);
#1937 = CARTESIAN_POINT('',(-1.,-2.710505431214E-16,0.));
#1938 = LINE('',#1939,#1940);
#1939 = CARTESIAN_POINT('',(-1.,0.6,0.));
#1940 = VECTOR('',#1941,1.);
#1941 = DIRECTION('',(0.,-1.,0.));
#1942 = ORIENTED_EDGE('',*,*,#1943,.F.);
#1943 = EDGE_CURVE('',#1749,#1936,#1944,.T.);
#1944 = LINE('',#1945,#1946);
#1945 = CARTESIAN_POINT('',(-1.,-2.710505431214E-16,1.25));
#1946 = VECTOR('',#1947,1.);
#1947 = DIRECTION('',(-0.,-0.,-1.));
#1948 = ORIENTED_EDGE('',*,*,#1748,.F.);
#1949 = ORIENTED_EDGE('',*,*,#1313,.T.);
#1950 = PLANE('',#1951);
#1951 = AXIS2_PLACEMENT_3D('',#1952,#1953,#1954);
#1952 = CARTESIAN_POINT('',(-1.,0.6,1.25));
#1953 = DIRECTION('',(1.,0.,-0.));
#1954 = DIRECTION('',(-0.,0.,-1.));
#1955 = ADVANCED_FACE('',(#1956),#1974,.F.);
#1956 = FACE_BOUND('',#1957,.T.);
#1957 = EDGE_LOOP('',(#1958,#1966,#1972,#1973));
#1958 = ORIENTED_EDGE('',*,*,#1959,.T.);
#1959 = EDGE_CURVE('',#1936,#1960,#1962,.T.);
#1960 = VERTEX_POINT('',#1961);
#1961 = CARTESIAN_POINT('',(-0.58,-6.01853107621E-33,0.));
#1962 = LINE('',#1963,#1964);
#1963 = CARTESIAN_POINT('',(-1.,-2.710505431214E-16,0.));
#1964 = VECTOR('',#1965,1.);
#1965 = DIRECTION('',(1.,6.453584360033E-16,0.));
#1966 = ORIENTED_EDGE('',*,*,#1967,.F.);
#1967 = EDGE_CURVE('',#1757,#1960,#1968,.T.);
#1968 = LINE('',#1969,#1970);
#1969 = CARTESIAN_POINT('',(-0.58,-6.01853107621E-33,1.25));
#1970 = VECTOR('',#1971,1.);
#1971 = DIRECTION('',(-0.,-0.,-1.));
#1972 = ORIENTED_EDGE('',*,*,#1756,.F.);
#1973 = ORIENTED_EDGE('',*,*,#1943,.T.);
#1974 = PLANE('',#1975);
#1975 = AXIS2_PLACEMENT_3D('',#1976,#1977,#1978);
#1976 = CARTESIAN_POINT('',(-1.,-2.710505431214E-16,1.25));
#1977 = DIRECTION('',(-6.453584360033E-16,1.,0.));
#1978 = DIRECTION('',(-1.,-6.453584360033E-16,0.));
#1979 = ADVANCED_FACE('',(#1980),#1998,.F.);
#1980 = FACE_BOUND('',#1981,.T.);
#1981 = EDGE_LOOP('',(#1982,#1990,#1996,#1997));
#1982 = ORIENTED_EDGE('',*,*,#1983,.T.);
#1983 = EDGE_CURVE('',#1960,#1984,#1986,.T.);
#1984 = VERTEX_POINT('',#1985);
#1985 = CARTESIAN_POINT('',(-0.58,2.E-02,0.));
#1986 = LINE('',#1987,#1988);
#1987 = CARTESIAN_POINT('',(-0.58,2.E-02,0.));
#1988 = VECTOR('',#1989,1.);
#1989 = DIRECTION('',(-0.,1.,-0.));
#1990 = ORIENTED_EDGE('',*,*,#1991,.F.);
#1991 = EDGE_CURVE('',#1765,#1984,#1992,.T.);
#1992 = LINE('',#1993,#1994);
#1993 = CARTESIAN_POINT('',(-0.58,2.E-02,1.25));
#1994 = VECTOR('',#1995,1.);
#1995 = DIRECTION('',(-0.,-0.,-1.));
#1996 = ORIENTED_EDGE('',*,*,#1764,.F.);
#1997 = ORIENTED_EDGE('',*,*,#1967,.T.);
#1998 = PLANE('',#1999);
#1999 = AXIS2_PLACEMENT_3D('',#2000,#2001,#2002);
#2000 = CARTESIAN_POINT('',(-0.58,2.E-02,1.25));
#2001 = DIRECTION('',(-1.,0.,0.));
#2002 = DIRECTION('',(0.,0.,1.));
#2003 = ADVANCED_FACE('',(#2004),#2022,.F.);
#2004 = FACE_BOUND('',#2005,.T.);
#2005 = EDGE_LOOP('',(#2006,#2014,#2020,#2021));
#2006 = ORIENTED_EDGE('',*,*,#2007,.T.);
#2007 = EDGE_CURVE('',#1984,#2008,#2010,.T.);
#2008 = VERTEX_POINT('',#2009);
#2009 = CARTESIAN_POINT('',(-0.98,2.E-02,0.));
#2010 = LINE('',#2011,#2012);
#2011 = CARTESIAN_POINT('',(-0.98,2.E-02,0.));
#2012 = VECTOR('',#2013,1.);
#2013 = DIRECTION('',(-1.,9.317362419797E-16,-0.));
#2014 = ORIENTED_EDGE('',*,*,#2015,.F.);
#2015 = EDGE_CURVE('',#1773,#2008,#2016,.T.);
#2016 = LINE('',#2017,#2018);
#2017 = CARTESIAN_POINT('',(-0.98,2.E-02,1.25));
#2018 = VECTOR('',#2019,1.);
#2019 = DIRECTION('',(-0.,-0.,-1.));
#2020 = ORIENTED_EDGE('',*,*,#1772,.F.);
#2021 = ORIENTED_EDGE('',*,*,#1991,.T.);
#2022 = PLANE('',#2023);
#2023 = AXIS2_PLACEMENT_3D('',#2024,#2025,#2026);
#2024 = CARTESIAN_POINT('',(-0.98,2.E-02,1.25));
#2025 = DIRECTION('',(-9.317362419797E-16,-1.,0.));
#2026 = DIRECTION('',(1.,-9.317362419797E-16,0.));
#2027 = ADVANCED_FACE('',(#2028),#2046,.F.);
#2028 = FACE_BOUND('',#2029,.T.);
#2029 = EDGE_LOOP('',(#2030,#2038,#2044,#2045));
#2030 = ORIENTED_EDGE('',*,*,#2031,.T.);
#2031 = EDGE_CURVE('',#2008,#2032,#2034,.T.);
#2032 = VERTEX_POINT('',#2033);
#2033 = CARTESIAN_POINT('',(-0.98,0.58,0.));
#2034 = LINE('',#2035,#2036);
#2035 = CARTESIAN_POINT('',(-0.98,0.58,0.));
#2036 = VECTOR('',#2037,1.);
#2037 = DIRECTION('',(-0.,1.,-0.));
#2038 = ORIENTED_EDGE('',*,*,#2039,.F.);
#2039 = EDGE_CURVE('',#1781,#2032,#2040,.T.);
#2040 = LINE('',#2041,#2042);
#2041 = CARTESIAN_POINT('',(-0.98,0.58,1.25));
#2042 = VECTOR('',#2043,1.);
#2043 = DIRECTION('',(-0.,-0.,-1.));
#2044 = ORIENTED_EDGE('',*,*,#1780,.F.);
#2045 = ORIENTED_EDGE('',*,*,#2015,.T.);
#2046 = PLANE('',#2047);
#2047 = AXIS2_PLACEMENT_3D('',#2048,#2049,#2050);
#2048 = CARTESIAN_POINT('',(-0.98,0.58,1.25));
#2049 = DIRECTION('',(-1.,0.,0.));
#2050 = DIRECTION('',(0.,0.,1.));
#2051 = ADVANCED_FACE('',(#2052),#2171,.F.);
#2052 = FACE_BOUND('',#2053,.T.);
#2053 = EDGE_LOOP('',(#2054,#2064,#2070,#2071,#2079,#2087,#2093,#2094,
    #2095,#2103,#2111,#2119,#2125,#2126,#2134,#2142,#2148,#2149,#2157,
    #2165));
#2054 = ORIENTED_EDGE('',*,*,#2055,.T.);
#2055 = EDGE_CURVE('',#2056,#2058,#2060,.T.);
#2056 = VERTEX_POINT('',#2057);
#2057 = CARTESIAN_POINT('',(0.8,0.58,1.15));
#2058 = VERTEX_POINT('',#2059);
#2059 = CARTESIAN_POINT('',(0.6,0.58,1.15));
#2060 = LINE('',#2061,#2062);
#2061 = CARTESIAN_POINT('',(0.6,0.58,1.15));
#2062 = VECTOR('',#2063,1.);
#2063 = DIRECTION('',(-1.,-0.,1.084202172486E-15));
#2064 = ORIENTED_EDGE('',*,*,#2065,.T.);
#2065 = EDGE_CURVE('',#2058,#1637,#2066,.T.);
#2066 = LINE('',#2067,#2068);
#2067 = CARTESIAN_POINT('',(0.6,0.58,1.25));
#2068 = VECTOR('',#2069,1.);
#2069 = DIRECTION('',(2.168404344971E-15,-0.,1.));
#2070 = ORIENTED_EDGE('',*,*,#1653,.F.);
#2071 = ORIENTED_EDGE('',*,*,#2072,.T.);
#2072 = EDGE_CURVE('',#1646,#2073,#2075,.T.);
#2073 = VERTEX_POINT('',#2074);
#2074 = CARTESIAN_POINT('',(-0.6,0.58,1.15));
#2075 = LINE('',#2076,#2077);
#2076 = CARTESIAN_POINT('',(-0.6,0.58,1.25));
#2077 = VECTOR('',#2078,1.);
#2078 = DIRECTION('',(2.168404344971E-15,0.,-1.));
#2079 = ORIENTED_EDGE('',*,*,#2080,.T.);
#2080 = EDGE_CURVE('',#2073,#2081,#2083,.T.);
#2081 = VERTEX_POINT('',#2082);
#2082 = CARTESIAN_POINT('',(-0.8,0.58,1.15));
#2083 = LINE('',#2084,#2085);
#2084 = CARTESIAN_POINT('',(-0.6,0.58,1.15));
#2085 = VECTOR('',#2086,1.);
#2086 = DIRECTION('',(-1.,0.,-1.084202172486E-15));
#2087 = ORIENTED_EDGE('',*,*,#2088,.T.);
#2088 = EDGE_CURVE('',#2081,#1740,#2089,.T.);
#2089 = LINE('',#2090,#2091);
#2090 = CARTESIAN_POINT('',(-0.8,0.58,1.15));
#2091 = VECTOR('',#2092,1.);
#2092 = DIRECTION('',(0.,0.,1.));
#2093 = ORIENTED_EDGE('',*,*,#1788,.F.);
#2094 = ORIENTED_EDGE('',*,*,#2039,.T.);
#2095 = ORIENTED_EDGE('',*,*,#2096,.T.);
#2096 = EDGE_CURVE('',#2032,#2097,#2099,.T.);
#2097 = VERTEX_POINT('',#2098);
#2098 = CARTESIAN_POINT('',(-0.8,0.58,0.));
#2099 = LINE('',#2100,#2101);
#2100 = CARTESIAN_POINT('',(0.,0.58,0.));
#2101 = VECTOR('',#2102,1.);
#2102 = DIRECTION('',(1.,0.,0.));
#2103 = ORIENTED_EDGE('',*,*,#2104,.T.);
#2104 = EDGE_CURVE('',#2097,#2105,#2107,.T.);
#2105 = VERTEX_POINT('',#2106);
#2106 = CARTESIAN_POINT('',(-0.8,0.58,0.1));
#2107 = LINE('',#2108,#2109);
#2108 = CARTESIAN_POINT('',(-0.8,0.58,0.1));
#2109 = VECTOR('',#2110,1.);
#2110 = DIRECTION('',(-0.,-0.,1.));
#2111 = ORIENTED_EDGE('',*,*,#2112,.T.);
#2112 = EDGE_CURVE('',#2105,#2113,#2115,.T.);
#2113 = VERTEX_POINT('',#2114);
#2114 = CARTESIAN_POINT('',(-0.6,0.58,1.E-01));
#2115 = LINE('',#2116,#2117);
#2116 = CARTESIAN_POINT('',(-0.6,0.58,1.E-01));
#2117 = VECTOR('',#2118,1.);
#2118 = DIRECTION('',(1.,-0.,-2.03287907341E-16));
#2119 = ORIENTED_EDGE('',*,*,#2120,.T.);
#2120 = EDGE_CURVE('',#2113,#1812,#2121,.T.);
#2121 = LINE('',#2122,#2123);
#2122 = CARTESIAN_POINT('',(-0.6,0.58,1.049697256412E-17));
#2123 = VECTOR('',#2124,1.);
#2124 = DIRECTION('',(-2.168404344971E-15,-0.,-1.));
#2125 = ORIENTED_EDGE('',*,*,#1811,.T.);
#2126 = ORIENTED_EDGE('',*,*,#2127,.T.);
#2127 = EDGE_CURVE('',#1804,#2128,#2130,.T.);
#2128 = VERTEX_POINT('',#2129);
#2129 = CARTESIAN_POINT('',(0.6,0.58,0.1));
#2130 = LINE('',#2131,#2132);
#2131 = CARTESIAN_POINT('',(0.6,0.58,1.049697256412E-17));
#2132 = VECTOR('',#2133,1.);
#2133 = DIRECTION('',(-2.168404344971E-15,0.,1.));
#2134 = ORIENTED_EDGE('',*,*,#2135,.T.);
#2135 = EDGE_CURVE('',#2128,#2136,#2138,.T.);
#2136 = VERTEX_POINT('',#2137);
#2137 = CARTESIAN_POINT('',(0.8,0.58,0.1));
#2138 = LINE('',#2139,#2140);
#2139 = CARTESIAN_POINT('',(0.6,0.58,1.E-01));
#2140 = VECTOR('',#2141,1.);
#2141 = DIRECTION('',(1.,0.,2.03287907341E-16));
#2142 = ORIENTED_EDGE('',*,*,#2143,.T.);
#2143 = EDGE_CURVE('',#2136,#1668,#2144,.T.);
#2144 = LINE('',#2145,#2146);
#2145 = CARTESIAN_POINT('',(0.8,0.58,0.1));
#2146 = VECTOR('',#2147,1.);
#2147 = DIRECTION('',(0.,0.,-1.));
#2148 = ORIENTED_EDGE('',*,*,#1667,.T.);
#2149 = ORIENTED_EDGE('',*,*,#2150,.F.);
#2150 = EDGE_CURVE('',#2151,#1670,#2153,.T.);
#2151 = VERTEX_POINT('',#2152);
#2152 = CARTESIAN_POINT('',(0.98,0.58,1.25));
#2153 = LINE('',#2154,#2155);
#2154 = CARTESIAN_POINT('',(0.98,0.58,1.25));
#2155 = VECTOR('',#2156,1.);
#2156 = DIRECTION('',(-0.,-0.,-1.));
#2157 = ORIENTED_EDGE('',*,*,#2158,.F.);
#2158 = EDGE_CURVE('',#2159,#2151,#2161,.T.);
#2159 = VERTEX_POINT('',#2160);
#2160 = CARTESIAN_POINT('',(0.8,0.58,1.25));
#2161 = LINE('',#2162,#2163);
#2162 = CARTESIAN_POINT('',(0.,0.58,1.25));
#2163 = VECTOR('',#2164,1.);
#2164 = DIRECTION('',(1.,-1.106328747434E-16,-0.));
#2165 = ORIENTED_EDGE('',*,*,#2166,.T.);
#2166 = EDGE_CURVE('',#2159,#2056,#2167,.T.);
#2167 = LINE('',#2168,#2169);
#2168 = CARTESIAN_POINT('',(0.8,0.58,1.15));
#2169 = VECTOR('',#2170,1.);
#2170 = DIRECTION('',(-0.,-0.,-1.));
#2171 = PLANE('',#2172);
#2172 = AXIS2_PLACEMENT_3D('',#2173,#2174,#2175);
#2173 = CARTESIAN_POINT('',(0.,0.58,1.25));
#2174 = DIRECTION('',(0.,1.,0.));
#2175 = DIRECTION('',(0.,-0.,1.));
#2176 = ADVANCED_FACE('',(#2177),#2195,.F.);
#2177 = FACE_BOUND('',#2178,.T.);
#2178 = EDGE_LOOP('',(#2179,#2180,#2188,#2194));
#2179 = ORIENTED_EDGE('',*,*,#1725,.T.);
#2180 = ORIENTED_EDGE('',*,*,#2181,.F.);
#2181 = EDGE_CURVE('',#2182,#1718,#2184,.T.);
#2182 = VERTEX_POINT('',#2183);
#2183 = CARTESIAN_POINT('',(0.98,2.E-02,1.25));
#2184 = LINE('',#2185,#2186);
#2185 = CARTESIAN_POINT('',(0.98,2.E-02,1.25));
#2186 = VECTOR('',#2187,1.);
#2187 = DIRECTION('',(-0.,-0.,-1.));
#2188 = ORIENTED_EDGE('',*,*,#2189,.F.);
#2189 = EDGE_CURVE('',#2151,#2182,#2190,.T.);
#2190 = LINE('',#2191,#2192);
#2191 = CARTESIAN_POINT('',(0.98,0.58,1.25));
#2192 = VECTOR('',#2193,1.);
#2193 = DIRECTION('',(0.,-1.,0.));
#2194 = ORIENTED_EDGE('',*,*,#2150,.T.);
#2195 = PLANE('',#2196);
#2196 = AXIS2_PLACEMENT_3D('',#2197,#2198,#2199);
#2197 = CARTESIAN_POINT('',(0.98,0.58,1.25));
#2198 = DIRECTION('',(1.,0.,-0.));
#2199 = DIRECTION('',(-0.,0.,-1.));
#2200 = ADVANCED_FACE('',(#2201),#2219,.F.);
#2201 = FACE_BOUND('',#2202,.T.);
#2202 = EDGE_LOOP('',(#2203,#2204,#2212,#2218));
#2203 = ORIENTED_EDGE('',*,*,#1717,.T.);
#2204 = ORIENTED_EDGE('',*,*,#2205,.F.);
#2205 = EDGE_CURVE('',#2206,#1710,#2208,.T.);
#2206 = VERTEX_POINT('',#2207);
#2207 = CARTESIAN_POINT('',(0.58,2.E-02,1.25));
#2208 = LINE('',#2209,#2210);
#2209 = CARTESIAN_POINT('',(0.58,2.E-02,1.25));
#2210 = VECTOR('',#2211,1.);
#2211 = DIRECTION('',(-0.,-0.,-1.));
#2212 = ORIENTED_EDGE('',*,*,#2213,.F.);
#2213 = EDGE_CURVE('',#2182,#2206,#2214,.T.);
#2214 = LINE('',#2215,#2216);
#2215 = CARTESIAN_POINT('',(0.98,2.E-02,1.25));
#2216 = VECTOR('',#2217,1.);
#2217 = DIRECTION('',(-1.,-1.439956010332E-16,0.));
#2218 = ORIENTED_EDGE('',*,*,#2181,.T.);
#2219 = PLANE('',#2220);
#2220 = AXIS2_PLACEMENT_3D('',#2221,#2222,#2223);
#2221 = CARTESIAN_POINT('',(0.98,2.E-02,1.25));
#2222 = DIRECTION('',(1.439956010332E-16,-1.,0.));
#2223 = DIRECTION('',(1.,1.439956010332E-16,0.));
#2224 = ADVANCED_FACE('',(#2225),#2236,.F.);
#2225 = FACE_BOUND('',#2226,.T.);
#2226 = EDGE_LOOP('',(#2227,#2228,#2229,#2235));
#2227 = ORIENTED_EDGE('',*,*,#1709,.T.);
#2228 = ORIENTED_EDGE('',*,*,#1850,.F.);
#2229 = ORIENTED_EDGE('',*,*,#2230,.F.);
#2230 = EDGE_CURVE('',#2206,#1843,#2231,.T.);
#2231 = LINE('',#2232,#2233);
#2232 = CARTESIAN_POINT('',(0.58,2.E-02,1.25));
#2233 = VECTOR('',#2234,1.);
#2234 = DIRECTION('',(0.,-1.,0.));
#2235 = ORIENTED_EDGE('',*,*,#2205,.T.);
#2236 = PLANE('',#2237);
#2237 = AXIS2_PLACEMENT_3D('',#2238,#2239,#2240);
#2238 = CARTESIAN_POINT('',(0.58,2.E-02,1.25));
#2239 = DIRECTION('',(1.,0.,-0.));
#2240 = DIRECTION('',(-0.,0.,-1.));
#2241 = ADVANCED_FACE('',(#2242),#2257,.T.);
#2242 = FACE_BOUND('',#2243,.T.);
#2243 = EDGE_LOOP('',(#2244,#2250,#2251,#2252,#2253,#2254,#2255,#2256));
#2244 = ORIENTED_EDGE('',*,*,#2245,.F.);
#2245 = EDGE_CURVE('',#2159,#1906,#2246,.T.);
#2246 = LINE('',#2247,#2248);
#2247 = CARTESIAN_POINT('',(0.8,0.58,1.25));
#2248 = VECTOR('',#2249,1.);
#2249 = DIRECTION('',(-0.,1.,-0.));
#2250 = ORIENTED_EDGE('',*,*,#2158,.T.);
#2251 = ORIENTED_EDGE('',*,*,#2189,.T.);
#2252 = ORIENTED_EDGE('',*,*,#2213,.T.);
#2253 = ORIENTED_EDGE('',*,*,#2230,.T.);
#2254 = ORIENTED_EDGE('',*,*,#1842,.T.);
#2255 = ORIENTED_EDGE('',*,*,#1873,.T.);
#2256 = ORIENTED_EDGE('',*,*,#1913,.T.);
#2257 = PLANE('',#2258);
#2258 = AXIS2_PLACEMENT_3D('',#2259,#2260,#2261);
#2259 = CARTESIAN_POINT('',(0.58,-3.184843881676E-16,1.25));
#2260 = DIRECTION('',(0.,0.,1.));
#2261 = DIRECTION('',(1.,0.,-0.));
#2262 = ADVANCED_FACE('',(#2263),#2278,.F.);
#2263 = FACE_BOUND('',#2264,.T.);
#2264 = EDGE_LOOP('',(#2265,#2266,#2272,#2273,#2274,#2275,#2276,#2277));
#2265 = ORIENTED_EDGE('',*,*,#1305,.F.);
#2266 = ORIENTED_EDGE('',*,*,#2267,.F.);
#2267 = EDGE_CURVE('',#2097,#1298,#2268,.T.);
#2268 = LINE('',#2269,#2270);
#2269 = CARTESIAN_POINT('',(-0.8,0.58,3.03100082789E-16));
#2270 = VECTOR('',#2271,1.);
#2271 = DIRECTION('',(-0.,1.,-0.));
#2272 = ORIENTED_EDGE('',*,*,#2096,.F.);
#2273 = ORIENTED_EDGE('',*,*,#2031,.F.);
#2274 = ORIENTED_EDGE('',*,*,#2007,.F.);
#2275 = ORIENTED_EDGE('',*,*,#1983,.F.);
#2276 = ORIENTED_EDGE('',*,*,#1959,.F.);
#2277 = ORIENTED_EDGE('',*,*,#1935,.F.);
#2278 = PLANE('',#2279);
#2279 = AXIS2_PLACEMENT_3D('',#2280,#2281,#2282);
#2280 = CARTESIAN_POINT('',(0.58,-3.184843881676E-16,0.));
#2281 = DIRECTION('',(0.,0.,1.));
#2282 = DIRECTION('',(1.,0.,-0.));
#2283 = ADVANCED_FACE('',(#2284),#2295,.F.);
#2284 = FACE_BOUND('',#2285,.T.);
#2285 = EDGE_LOOP('',(#2286,#2287,#2288,#2289));
#2286 = ORIENTED_EDGE('',*,*,#1242,.T.);
#2287 = ORIENTED_EDGE('',*,*,#1819,.F.);
#2288 = ORIENTED_EDGE('',*,*,#2120,.F.);
#2289 = ORIENTED_EDGE('',*,*,#2290,.T.);
#2290 = EDGE_CURVE('',#2113,#1243,#2291,.T.);
#2291 = LINE('',#2292,#2293);
#2292 = CARTESIAN_POINT('',(-0.6,0.58,1.E-01));
#2293 = VECTOR('',#2294,1.);
#2294 = DIRECTION('',(-0.,1.,-0.));
#2295 = PLANE('',#2296);
#2296 = AXIS2_PLACEMENT_3D('',#2297,#2298,#2299);
#2297 = CARTESIAN_POINT('',(-0.6,0.58,1.049697256412E-17));
#2298 = DIRECTION('',(1.,0.,-2.168404344971E-15));
#2299 = DIRECTION('',(-2.168404344971E-15,0.,-1.));
#2300 = ADVANCED_FACE('',(#2301),#2312,.F.);
#2301 = FACE_BOUND('',#2302,.T.);
#2302 = EDGE_LOOP('',(#2303,#2304,#2305,#2306));
#2303 = ORIENTED_EDGE('',*,*,#1289,.T.);
#2304 = ORIENTED_EDGE('',*,*,#2290,.F.);
#2305 = ORIENTED_EDGE('',*,*,#2112,.F.);
#2306 = ORIENTED_EDGE('',*,*,#2307,.T.);
#2307 = EDGE_CURVE('',#2105,#1290,#2308,.T.);
#2308 = LINE('',#2309,#2310);
#2309 = CARTESIAN_POINT('',(-0.8,0.58,0.1));
#2310 = VECTOR('',#2311,1.);
#2311 = DIRECTION('',(-0.,1.,-0.));
#2312 = PLANE('',#2313);
#2313 = AXIS2_PLACEMENT_3D('',#2314,#2315,#2316);
#2314 = CARTESIAN_POINT('',(-0.6,0.58,1.E-01));
#2315 = DIRECTION('',(2.03287907341E-16,0.,1.));
#2316 = DIRECTION('',(1.,0.,-2.03287907341E-16));
#2317 = ADVANCED_FACE('',(#2318),#2324,.F.);
#2318 = FACE_BOUND('',#2319,.T.);
#2319 = EDGE_LOOP('',(#2320,#2321,#2322,#2323));
#2320 = ORIENTED_EDGE('',*,*,#1297,.T.);
#2321 = ORIENTED_EDGE('',*,*,#2307,.F.);
#2322 = ORIENTED_EDGE('',*,*,#2104,.F.);
#2323 = ORIENTED_EDGE('',*,*,#2267,.T.);
#2324 = PLANE('',#2325);
#2325 = AXIS2_PLACEMENT_3D('',#2326,#2327,#2328);
#2326 = CARTESIAN_POINT('',(-0.8,0.58,0.1));
#2327 = DIRECTION('',(-1.,0.,-0.));
#2328 = DIRECTION('',(0.,0.,1.));
#2329 = ADVANCED_FACE('',(#2330),#2341,.F.);
#2330 = FACE_BOUND('',#2331,.T.);
#2331 = EDGE_LOOP('',(#2332,#2333,#2334,#2335));
#2332 = ORIENTED_EDGE('',*,*,#1329,.T.);
#2333 = ORIENTED_EDGE('',*,*,#1739,.F.);
#2334 = ORIENTED_EDGE('',*,*,#2088,.F.);
#2335 = ORIENTED_EDGE('',*,*,#2336,.T.);
#2336 = EDGE_CURVE('',#2081,#1330,#2337,.T.);
#2337 = LINE('',#2338,#2339);
#2338 = CARTESIAN_POINT('',(-0.8,0.58,1.15));
#2339 = VECTOR('',#2340,1.);
#2340 = DIRECTION('',(-0.,1.,-0.));
#2341 = PLANE('',#2342);
#2342 = AXIS2_PLACEMENT_3D('',#2343,#2344,#2345);
#2343 = CARTESIAN_POINT('',(-0.8,0.58,1.15));
#2344 = DIRECTION('',(-1.,0.,0.));
#2345 = DIRECTION('',(0.,0.,1.));
#2346 = ADVANCED_FACE('',(#2347),#2358,.F.);
#2347 = FACE_BOUND('',#2348,.T.);
#2348 = EDGE_LOOP('',(#2349,#2350,#2351,#2352));
#2349 = ORIENTED_EDGE('',*,*,#1337,.T.);
#2350 = ORIENTED_EDGE('',*,*,#2336,.F.);
#2351 = ORIENTED_EDGE('',*,*,#2080,.F.);
#2352 = ORIENTED_EDGE('',*,*,#2353,.T.);
#2353 = EDGE_CURVE('',#2073,#1251,#2354,.T.);
#2354 = LINE('',#2355,#2356);
#2355 = CARTESIAN_POINT('',(-0.6,0.58,1.15));
#2356 = VECTOR('',#2357,1.);
#2357 = DIRECTION('',(-0.,1.,-0.));
#2358 = PLANE('',#2359);
#2359 = AXIS2_PLACEMENT_3D('',#2360,#2361,#2362);
#2360 = CARTESIAN_POINT('',(-0.6,0.58,1.15));
#2361 = DIRECTION('',(1.084202172486E-15,0.,-1.));
#2362 = DIRECTION('',(-1.,0.,-1.084202172486E-15));
#2363 = ADVANCED_FACE('',(#2364),#2370,.F.);
#2364 = FACE_BOUND('',#2365,.T.);
#2365 = EDGE_LOOP('',(#2366,#2367,#2368,#2369));
#2366 = ORIENTED_EDGE('',*,*,#1258,.T.);
#2367 = ORIENTED_EDGE('',*,*,#2353,.F.);
#2368 = ORIENTED_EDGE('',*,*,#2072,.F.);
#2369 = ORIENTED_EDGE('',*,*,#1645,.T.);
#2370 = PLANE('',#2371);
#2371 = AXIS2_PLACEMENT_3D('',#2372,#2373,#2374);
#2372 = CARTESIAN_POINT('',(-0.6,0.58,1.25));
#2373 = DIRECTION('',(1.,0.,2.168404344971E-15));
#2374 = DIRECTION('',(2.168404344971E-15,0.,-1.));
#2375 = ADVANCED_FACE('',(#2376),#2387,.F.);
#2376 = FACE_BOUND('',#2377,.T.);
#2377 = EDGE_LOOP('',(#2378,#2379,#2380,#2381));
#2378 = ORIENTED_EDGE('',*,*,#1921,.T.);
#2379 = ORIENTED_EDGE('',*,*,#1677,.F.);
#2380 = ORIENTED_EDGE('',*,*,#2143,.F.);
#2381 = ORIENTED_EDGE('',*,*,#2382,.T.);
#2382 = EDGE_CURVE('',#2136,#1889,#2383,.T.);
#2383 = LINE('',#2384,#2385);
#2384 = CARTESIAN_POINT('',(0.8,0.58,0.1));
#2385 = VECTOR('',#2386,1.);
#2386 = DIRECTION('',(-0.,1.,-0.));
#2387 = PLANE('',#2388);
#2388 = AXIS2_PLACEMENT_3D('',#2389,#2390,#2391);
#2389 = CARTESIAN_POINT('',(0.8,0.58,0.1));
#2390 = DIRECTION('',(1.,0.,0.));
#2391 = DIRECTION('',(0.,0.,-1.));
#2392 = ADVANCED_FACE('',(#2393),#2404,.F.);
#2393 = FACE_BOUND('',#2394,.T.);
#2394 = EDGE_LOOP('',(#2395,#2396,#2397,#2398));
#2395 = ORIENTED_EDGE('',*,*,#1888,.T.);
#2396 = ORIENTED_EDGE('',*,*,#2382,.F.);
#2397 = ORIENTED_EDGE('',*,*,#2135,.F.);
#2398 = ORIENTED_EDGE('',*,*,#2399,.T.);
#2399 = EDGE_CURVE('',#2128,#1217,#2400,.T.);
#2400 = LINE('',#2401,#2402);
#2401 = CARTESIAN_POINT('',(0.6,0.58,1.E-01));
#2402 = VECTOR('',#2403,1.);
#2403 = DIRECTION('',(-0.,1.,-0.));
#2404 = PLANE('',#2405);
#2405 = AXIS2_PLACEMENT_3D('',#2406,#2407,#2408);
#2406 = CARTESIAN_POINT('',(0.6,0.58,1.E-01));
#2407 = DIRECTION('',(-2.03287907341E-16,0.,1.));
#2408 = DIRECTION('',(1.,0.,2.03287907341E-16));
#2409 = ADVANCED_FACE('',(#2410),#2416,.F.);
#2410 = FACE_BOUND('',#2411,.T.);
#2411 = EDGE_LOOP('',(#2412,#2413,#2414,#2415));
#2412 = ORIENTED_EDGE('',*,*,#1226,.T.);
#2413 = ORIENTED_EDGE('',*,*,#2399,.F.);
#2414 = ORIENTED_EDGE('',*,*,#2127,.F.);
#2415 = ORIENTED_EDGE('',*,*,#1803,.T.);
#2416 = PLANE('',#2417);
#2417 = AXIS2_PLACEMENT_3D('',#2418,#2419,#2420);
#2418 = CARTESIAN_POINT('',(0.6,0.58,1.049697256412E-17));
#2419 = DIRECTION('',(-1.,0.,-2.168404344971E-15));
#2420 = DIRECTION('',(-2.168404344971E-15,0.,1.));
#2421 = ADVANCED_FACE('',(#2422),#2433,.F.);
#2422 = FACE_BOUND('',#2423,.T.);
#2423 = EDGE_LOOP('',(#2424,#2425,#2426,#2427));
#2424 = ORIENTED_EDGE('',*,*,#1274,.T.);
#2425 = ORIENTED_EDGE('',*,*,#1636,.F.);
#2426 = ORIENTED_EDGE('',*,*,#2065,.F.);
#2427 = ORIENTED_EDGE('',*,*,#2428,.T.);
#2428 = EDGE_CURVE('',#2058,#1219,#2429,.T.);
#2429 = LINE('',#2430,#2431);
#2430 = CARTESIAN_POINT('',(0.6,0.58,1.15));
#2431 = VECTOR('',#2432,1.);
#2432 = DIRECTION('',(-0.,1.,-0.));
#2433 = PLANE('',#2434);
#2434 = AXIS2_PLACEMENT_3D('',#2435,#2436,#2437);
#2435 = CARTESIAN_POINT('',(0.6,0.58,1.25));
#2436 = DIRECTION('',(-1.,0.,2.168404344971E-15));
#2437 = DIRECTION('',(2.168404344971E-15,0.,1.));
#2438 = ADVANCED_FACE('',(#2439),#2450,.F.);
#2439 = FACE_BOUND('',#2440,.T.);
#2440 = EDGE_LOOP('',(#2441,#2442,#2443,#2444));
#2441 = ORIENTED_EDGE('',*,*,#1897,.T.);
#2442 = ORIENTED_EDGE('',*,*,#2428,.F.);
#2443 = ORIENTED_EDGE('',*,*,#2055,.F.);
#2444 = ORIENTED_EDGE('',*,*,#2445,.T.);
#2445 = EDGE_CURVE('',#2056,#1898,#2446,.T.);
#2446 = LINE('',#2447,#2448);
#2447 = CARTESIAN_POINT('',(0.8,0.58,1.15));
#2448 = VECTOR('',#2449,1.);
#2449 = DIRECTION('',(-0.,1.,-0.));
#2450 = PLANE('',#2451);
#2451 = AXIS2_PLACEMENT_3D('',#2452,#2453,#2454);
#2452 = CARTESIAN_POINT('',(0.6,0.58,1.15));
#2453 = DIRECTION('',(-1.084202172486E-15,0.,-1.));
#2454 = DIRECTION('',(-1.,0.,1.084202172486E-15));
#2455 = ADVANCED_FACE('',(#2456),#2462,.F.);
#2456 = FACE_BOUND('',#2457,.T.);
#2457 = EDGE_LOOP('',(#2458,#2459,#2460,#2461));
#2458 = ORIENTED_EDGE('',*,*,#1905,.T.);
#2459 = ORIENTED_EDGE('',*,*,#2445,.F.);
#2460 = ORIENTED_EDGE('',*,*,#2166,.F.);
#2461 = ORIENTED_EDGE('',*,*,#2245,.T.);
#2462 = PLANE('',#2463);
#2463 = AXIS2_PLACEMENT_3D('',#2464,#2465,#2466);
#2464 = CARTESIAN_POINT('',(0.8,0.58,1.15));
#2465 = DIRECTION('',(1.,0.,-0.));
#2466 = DIRECTION('',(-0.,0.,-1.));
#2467 = ( GEOMETRIC_REPRESENTATION_CONTEXT(3) 
GLOBAL_UNCERTAINTY_ASSIGNED_CONTEXT((#2471)) 
GLOBAL_UNIT_ASSIGNED_CONTEXT((#2468,#2469,#2470)) REPRESENTATION_CONTEXT
('Context #1','3D Context with UNIT and UNCERTAINTY') );
#2468 = ( LENGTH_UNIT() NAMED_UNIT(*) SI_UNIT(.MILLI.,.METRE.) );
#2469 = ( NAMED_UNIT(*) PLANE_ANGLE_UNIT() SI_UNIT($,.RADIAN.) );
#2470 = ( NAMED_UNIT(*) SI_UNIT($,.STERADIAN.) SOLID_ANGLE_UNIT() );
#2471 = UNCERTAINTY_MEASURE_WITH_UNIT(LENGTH_MEASURE(1.E-07),#2468,
  'distance_accuracy_value','confusion accuracy');
#2472 = SHAPE_DEFINITION_REPRESENTATION(#2473,#507);
#2473 = PRODUCT_DEFINITION_SHAPE('','',#2474);
#2474 = PRODUCT_DEFINITION('design','',#2475,#2478);
#2475 = PRODUCT_DEFINITION_FORMATION('','',#2476);
#2476 = PRODUCT('0805 resistor','0805 resistor','',(#2477));
#2477 = PRODUCT_CONTEXT('',#2,'mechanical');
#2478 = PRODUCT_DEFINITION_CONTEXT('part definition',#2,'design');
#2479 = CONTEXT_DEPENDENT_SHAPE_REPRESENTATION(#2480,#2482);
#2480 = ( REPRESENTATION_RELATIONSHIP('','',#507,#497) 
REPRESENTATION_RELATIONSHIP_WITH_TRANSFORMATION(#2481) 
SHAPE_REPRESENTATION_RELATIONSHIP() );
#2481 = ITEM_DEFINED_TRANSFORMATION('','',#11,#498);
#2482 = PRODUCT_DEFINITION_SHAPE('Placement','Placement of an item',
  #2483);
#2483 = NEXT_ASSEMBLY_USAGE_OCCURRENCE('3','','',#492,#2474,$);
#2484 = PRODUCT_RELATED_PRODUCT_CATEGORY('part',$,(#2476));
#2485 = CONTEXT_DEPENDENT_SHAPE_REPRESENTATION(#2486,#2488);
#2486 = ( REPRESENTATION_RELATIONSHIP('','',#497,#10) 
REPRESENTATION_RELATIONSHIP_WITH_TRANSFORMATION(#2487) 
SHAPE_REPRESENTATION_RELATIONSHIP() );
#2487 = ITEM_DEFINED_TRANSFORMATION('','',#11,#19);
#2488 = PRODUCT_DEFINITION_SHAPE('Placement','Placement of an item',
  #2489);
#2489 = NEXT_ASSEMBLY_USAGE_OCCURRENCE('4','','',#5,#492,$);
#2490 = PRODUCT_RELATED_PRODUCT_CATEGORY('part',$,(#494));
#2491 = SHAPE_DEFINITION_REPRESENTATION(#2492,#2498);
#2492 = PRODUCT_DEFINITION_SHAPE('','',#2493);
#2493 = PRODUCT_DEFINITION('design','',#2494,#2497);
#2494 = PRODUCT_DEFINITION_FORMATION('','',#2495);
#2495 = PRODUCT('P1','P1','',(#2496));
#2496 = PRODUCT_CONTEXT('',#2,'mechanical');
#2497 = PRODUCT_DEFINITION_CONTEXT('part definition',#2,'design');
#2498 = SHAPE_REPRESENTATION('',(#11,#2499),#2503);
#2499 = AXIS2_PLACEMENT_3D('',#2500,#2501,#2502);
#2500 = CARTESIAN_POINT('',(27.677006318555,19.431003095898,
    9.999975562096E-02));
#2501 = DIRECTION('',(1.,4.371138828674E-08,-4.371140912996E-08));
#2502 = DIRECTION('',(-4.371138828674E-08,1.,1.840849544066E-31));
#2503 = ( GEOMETRIC_REPRESENTATION_CONTEXT(3) 
GLOBAL_UNCERTAINTY_ASSIGNED_CONTEXT((#2507)) 
GLOBAL_UNIT_ASSIGNED_CONTEXT((#2504,#2505,#2506)) REPRESENTATION_CONTEXT
('Context #1','3D Context with UNIT and UNCERTAINTY') );
#2504 = ( LENGTH_UNIT() NAMED_UNIT(*) SI_UNIT(.MILLI.,.METRE.) );
#2505 = ( NAMED_UNIT(*) PLANE_ANGLE_UNIT() SI_UNIT($,.RADIAN.) );
#2506 = ( NAMED_UNIT(*) SI_UNIT($,.STERADIAN.) SOLID_ANGLE_UNIT() );
#2507 = UNCERTAINTY_MEASURE_WITH_UNIT(LENGTH_MEASURE(1.E-07),#2504,
  'distance_accuracy_value','confusion accuracy');
#2508 = ADVANCED_BREP_SHAPE_REPRESENTATION('',(#11,#2509),#9651);
#2509 = MANIFOLD_SOLID_BREP('',#2510);
#2510 = CLOSED_SHELL('',(#2511,#2591,#2622,#2653,#2677,#2708,#2739,#3083
    ,#3100,#3117,#3134,#3191,#3375,#3404,#3473,#3497,#3528,#3597,#3666,
    #3697,#3766,#3835,#3891,#3954,#3978,#4002,#4026,#4088,#4157,#4188,
    #4250,#4267,#4322,#4391,#4408,#4470,#4532,#4601,#4618,#4635,#4659,
    #4728,#4745,#4762,#4779,#4841,#4896,#4913,#4975,#4992,#5009,#5026,
    #5043,#5065,#5082,#5099,#5111,#5123,#5140,#5152,#5164,#5176,#5202,
    #5219,#5236,#5248,#5295,#5307,#5324,#5341,#5381,#5393,#5410,#5427,
    #5439,#5451,#5470,#5487,#5504,#5526,#5543,#5555,#5567,#5589,#5601,
    #5618,#5630,#5647,#5669,#5681,#5693,#5710,#5732,#5744,#5756,#5773,
    #5854,#5878,#5952,#5976,#6050,#6072,#6084,#6101,#6113,#6130,#6147,
    #6164,#6176,#6198,#6215,#6227,#6239,#6261,#6273,#6290,#6302,#6399,
    #6411,#6428,#6468,#6490,#6525,#6537,#6549,#6573,#6597,#6614,#6638,
    #6662,#6679,#6710,#6741,#6765,#6796,#6813,#6830,#7174,#7191,#7203,
    #7215,#7801,#7825,#7849,#7873,#7897,#7921,#7952,#7976,#8000,#8031,
    #8048,#8079,#8103,#8127,#8144,#8168,#8185,#8202,#8219,#8250,#8274,
    #8291,#8315,#8332,#8349,#8366,#8383,#8400,#8417,#8434,#8451,#8463,
    #8494,#8525,#8549,#8580,#8604,#8635,#8666,#8697,#8728,#8759,#8783,
    #8807,#8831,#8843,#8874,#8898,#8922,#8953,#8965,#8989,#9020,#9032,
    #9056,#9080,#9104,#9116,#9128,#9145,#9162,#9186,#9210,#9234,#9251,
    #9275,#9299,#9316,#9333,#9345,#9362,#9386,#9403,#9420,#9437,#9461,
    #9478,#9490,#9507,#9519,#9531,#9543,#9555,#9567,#9579,#9591,#9603,
    #9615,#9627,#9639));
#2511 = ADVANCED_FACE('',(#2512),#2586,.T.);
#2512 = FACE_BOUND('',#2513,.T.);
#2513 = EDGE_LOOP('',(#2514,#2524,#2532,#2540,#2548,#2556,#2564,#2572,
    #2580));
#2514 = ORIENTED_EDGE('',*,*,#2515,.F.);
#2515 = EDGE_CURVE('',#2516,#2518,#2520,.T.);
#2516 = VERTEX_POINT('',#2517);
#2517 = CARTESIAN_POINT('',(-3.4,0.8,-4.1));
#2518 = VERTEX_POINT('',#2519);
#2519 = CARTESIAN_POINT('',(-3.4,0.8,-4.3));
#2520 = LINE('',#2521,#2522);
#2521 = CARTESIAN_POINT('',(-3.4,0.8,-4.3));
#2522 = VECTOR('',#2523,1.);
#2523 = DIRECTION('',(0.,0.,-1.));
#2524 = ORIENTED_EDGE('',*,*,#2525,.T.);
#2525 = EDGE_CURVE('',#2516,#2526,#2528,.T.);
#2526 = VERTEX_POINT('',#2527);
#2527 = CARTESIAN_POINT('',(-3.4,0.4,-4.1));
#2528 = LINE('',#2529,#2530);
#2529 = CARTESIAN_POINT('',(-3.4,-0.1,-4.1));
#2530 = VECTOR('',#2531,1.);
#2531 = DIRECTION('',(0.,-1.,0.));
#2532 = ORIENTED_EDGE('',*,*,#2533,.T.);
#2533 = EDGE_CURVE('',#2526,#2534,#2536,.T.);
#2534 = VERTEX_POINT('',#2535);
#2535 = CARTESIAN_POINT('',(-3.4,-0.1,-4.1));
#2536 = LINE('',#2537,#2538);
#2537 = CARTESIAN_POINT('',(-3.4,-0.1,-4.1));
#2538 = VECTOR('',#2539,1.);
#2539 = DIRECTION('',(0.,-1.,0.));
#2540 = ORIENTED_EDGE('',*,*,#2541,.T.);
#2541 = EDGE_CURVE('',#2534,#2542,#2544,.T.);
#2542 = VERTEX_POINT('',#2543);
#2543 = CARTESIAN_POINT('',(-3.4,-1.E-01,-5.));
#2544 = LINE('',#2545,#2546);
#2545 = CARTESIAN_POINT('',(-3.4,-1.E-01,-5.));
#2546 = VECTOR('',#2547,1.);
#2547 = DIRECTION('',(0.,1.054085445472E-16,-1.));
#2548 = ORIENTED_EDGE('',*,*,#2549,.T.);
#2549 = EDGE_CURVE('',#2542,#2550,#2552,.T.);
#2550 = VERTEX_POINT('',#2551);
#2551 = CARTESIAN_POINT('',(-3.4,0.1,-5.));
#2552 = LINE('',#2553,#2554);
#2553 = CARTESIAN_POINT('',(-3.4,0.1,-5.));
#2554 = VECTOR('',#2555,1.);
#2555 = DIRECTION('',(0.,1.,0.));
#2556 = ORIENTED_EDGE('',*,*,#2557,.T.);
#2557 = EDGE_CURVE('',#2550,#2558,#2560,.T.);
#2558 = VERTEX_POINT('',#2559);
#2559 = CARTESIAN_POINT('',(-3.4,0.1,-4.5));
#2560 = LINE('',#2561,#2562);
#2561 = CARTESIAN_POINT('',(-3.4,0.1,-4.5));
#2562 = VECTOR('',#2563,1.);
#2563 = DIRECTION('',(0.,-2.710505431214E-17,1.));
#2564 = ORIENTED_EDGE('',*,*,#2565,.T.);
#2565 = EDGE_CURVE('',#2558,#2566,#2568,.T.);
#2566 = VERTEX_POINT('',#2567);
#2567 = CARTESIAN_POINT('',(-3.4,1.47,-4.5));
#2568 = LINE('',#2569,#2570);
#2569 = CARTESIAN_POINT('',(-3.4,1.47,-4.5));
#2570 = VECTOR('',#2571,1.);
#2571 = DIRECTION('',(0.,1.,0.));
#2572 = ORIENTED_EDGE('',*,*,#2573,.T.);
#2573 = EDGE_CURVE('',#2566,#2574,#2576,.T.);
#2574 = VERTEX_POINT('',#2575);
#2575 = CARTESIAN_POINT('',(-3.4,1.47,-4.3));
#2576 = LINE('',#2577,#2578);
#2577 = CARTESIAN_POINT('',(-3.4,1.47,-4.5));
#2578 = VECTOR('',#2579,1.);
#2579 = DIRECTION('',(0.,-1.172110456741E-16,1.));
#2580 = ORIENTED_EDGE('',*,*,#2581,.F.);
#2581 = EDGE_CURVE('',#2518,#2574,#2582,.T.);
#2582 = LINE('',#2583,#2584);
#2583 = CARTESIAN_POINT('',(-3.4,1.5,-4.3));
#2584 = VECTOR('',#2585,1.);
#2585 = DIRECTION('',(0.,1.,0.));
#2586 = PLANE('',#2587);
#2587 = AXIS2_PLACEMENT_3D('',#2588,#2589,#2590);
#2588 = CARTESIAN_POINT('',(-3.4,1.47,-3.66));
#2589 = DIRECTION('',(1.,0.,0.));
#2590 = DIRECTION('',(-0.,0.,1.));
#2591 = ADVANCED_FACE('',(#2592),#2617,.F.);
#2592 = FACE_BOUND('',#2593,.T.);
#2593 = EDGE_LOOP('',(#2594,#2602,#2603,#2611));
#2594 = ORIENTED_EDGE('',*,*,#2595,.T.);
#2595 = EDGE_CURVE('',#2596,#2526,#2598,.T.);
#2596 = VERTEX_POINT('',#2597);
#2597 = CARTESIAN_POINT('',(-2.6,0.4,-4.1));
#2598 = LINE('',#2599,#2600);
#2599 = CARTESIAN_POINT('',(6.4,0.4,-4.1));
#2600 = VECTOR('',#2601,1.);
#2601 = DIRECTION('',(-1.,0.,0.));
#2602 = ORIENTED_EDGE('',*,*,#2525,.F.);
#2603 = ORIENTED_EDGE('',*,*,#2604,.F.);
#2604 = EDGE_CURVE('',#2605,#2516,#2607,.T.);
#2605 = VERTEX_POINT('',#2606);
#2606 = CARTESIAN_POINT('',(-2.6,0.8,-4.1));
#2607 = LINE('',#2608,#2609);
#2608 = CARTESIAN_POINT('',(6.4,0.8,-4.1));
#2609 = VECTOR('',#2610,1.);
#2610 = DIRECTION('',(-1.,0.,0.));
#2611 = ORIENTED_EDGE('',*,*,#2612,.F.);
#2612 = EDGE_CURVE('',#2596,#2605,#2613,.T.);
#2613 = LINE('',#2614,#2615);
#2614 = CARTESIAN_POINT('',(-2.6,0.8,-4.1));
#2615 = VECTOR('',#2616,1.);
#2616 = DIRECTION('',(0.,1.,0.));
#2617 = PLANE('',#2618);
#2618 = AXIS2_PLACEMENT_3D('',#2619,#2620,#2621);
#2619 = CARTESIAN_POINT('',(6.4,0.8,-4.1));
#2620 = DIRECTION('',(0.,0.,1.));
#2621 = DIRECTION('',(1.,0.,-0.));
#2622 = ADVANCED_FACE('',(#2623),#2648,.F.);
#2623 = FACE_BOUND('',#2624,.T.);
#2624 = EDGE_LOOP('',(#2625,#2635,#2641,#2642));
#2625 = ORIENTED_EDGE('',*,*,#2626,.T.);
#2626 = EDGE_CURVE('',#2627,#2629,#2631,.T.);
#2627 = VERTEX_POINT('',#2628);
#2628 = CARTESIAN_POINT('',(-3.6,-1.E-01,-5.));
#2629 = VERTEX_POINT('',#2630);
#2630 = CARTESIAN_POINT('',(-3.6,0.1,-5.));
#2631 = LINE('',#2632,#2633);
#2632 = CARTESIAN_POINT('',(-3.6,0.1,-5.));
#2633 = VECTOR('',#2634,1.);
#2634 = DIRECTION('',(0.,1.,0.));
#2635 = ORIENTED_EDGE('',*,*,#2636,.F.);
#2636 = EDGE_CURVE('',#2550,#2629,#2637,.T.);
#2637 = LINE('',#2638,#2639);
#2638 = CARTESIAN_POINT('',(-3.4,0.1,-5.));
#2639 = VECTOR('',#2640,1.);
#2640 = DIRECTION('',(-1.,0.,0.));
#2641 = ORIENTED_EDGE('',*,*,#2549,.F.);
#2642 = ORIENTED_EDGE('',*,*,#2643,.T.);
#2643 = EDGE_CURVE('',#2542,#2627,#2644,.T.);
#2644 = LINE('',#2645,#2646);
#2645 = CARTESIAN_POINT('',(-3.4,-1.E-01,-5.));
#2646 = VECTOR('',#2647,1.);
#2647 = DIRECTION('',(-1.,0.,0.));
#2648 = PLANE('',#2649);
#2649 = AXIS2_PLACEMENT_3D('',#2650,#2651,#2652);
#2650 = CARTESIAN_POINT('',(-3.4,0.1,-5.));
#2651 = DIRECTION('',(0.,0.,1.));
#2652 = DIRECTION('',(1.,0.,-0.));
#2653 = ADVANCED_FACE('',(#2654),#2672,.F.);
#2654 = FACE_BOUND('',#2655,.T.);
#2655 = EDGE_LOOP('',(#2656,#2664,#2670,#2671));
#2656 = ORIENTED_EDGE('',*,*,#2657,.T.);
#2657 = EDGE_CURVE('',#2629,#2658,#2660,.T.);
#2658 = VERTEX_POINT('',#2659);
#2659 = CARTESIAN_POINT('',(-3.6,0.1,-4.5));
#2660 = LINE('',#2661,#2662);
#2661 = CARTESIAN_POINT('',(-3.6,0.1,-4.5));
#2662 = VECTOR('',#2663,1.);
#2663 = DIRECTION('',(0.,-2.710505431214E-17,1.));
#2664 = ORIENTED_EDGE('',*,*,#2665,.F.);
#2665 = EDGE_CURVE('',#2558,#2658,#2666,.T.);
#2666 = LINE('',#2667,#2668);
#2667 = CARTESIAN_POINT('',(-3.4,0.1,-4.5));
#2668 = VECTOR('',#2669,1.);
#2669 = DIRECTION('',(-1.,0.,0.));
#2670 = ORIENTED_EDGE('',*,*,#2557,.F.);
#2671 = ORIENTED_EDGE('',*,*,#2636,.T.);
#2672 = PLANE('',#2673);
#2673 = AXIS2_PLACEMENT_3D('',#2674,#2675,#2676);
#2674 = CARTESIAN_POINT('',(-3.4,0.1,-4.5));
#2675 = DIRECTION('',(0.,-1.,-2.710505431214E-17));
#2676 = DIRECTION('',(0.,2.710505431214E-17,-1.));
#2677 = ADVANCED_FACE('',(#2678),#2703,.F.);
#2678 = FACE_BOUND('',#2679,.T.);
#2679 = EDGE_LOOP('',(#2680,#2681,#2689,#2697));
#2680 = ORIENTED_EDGE('',*,*,#2533,.F.);
#2681 = ORIENTED_EDGE('',*,*,#2682,.T.);
#2682 = EDGE_CURVE('',#2526,#2683,#2685,.T.);
#2683 = VERTEX_POINT('',#2684);
#2684 = CARTESIAN_POINT('',(-3.6,0.4,-4.1));
#2685 = LINE('',#2686,#2687);
#2686 = CARTESIAN_POINT('',(6.4,0.4,-4.1));
#2687 = VECTOR('',#2688,1.);
#2688 = DIRECTION('',(-1.,0.,0.));
#2689 = ORIENTED_EDGE('',*,*,#2690,.T.);
#2690 = EDGE_CURVE('',#2683,#2691,#2693,.T.);
#2691 = VERTEX_POINT('',#2692);
#2692 = CARTESIAN_POINT('',(-3.6,-0.1,-4.1));
#2693 = LINE('',#2694,#2695);
#2694 = CARTESIAN_POINT('',(-3.6,-0.1,-4.1));
#2695 = VECTOR('',#2696,1.);
#2696 = DIRECTION('',(0.,-1.,0.));
#2697 = ORIENTED_EDGE('',*,*,#2698,.F.);
#2698 = EDGE_CURVE('',#2534,#2691,#2699,.T.);
#2699 = LINE('',#2700,#2701);
#2700 = CARTESIAN_POINT('',(-3.4,-0.1,-4.1));
#2701 = VECTOR('',#2702,1.);
#2702 = DIRECTION('',(-1.,0.,0.));
#2703 = PLANE('',#2704);
#2704 = AXIS2_PLACEMENT_3D('',#2705,#2706,#2707);
#2705 = CARTESIAN_POINT('',(-3.4,-0.1,-4.1));
#2706 = DIRECTION('',(0.,0.,-1.));
#2707 = DIRECTION('',(-1.,0.,-0.));
#2708 = ADVANCED_FACE('',(#2709),#2734,.F.);
#2709 = FACE_BOUND('',#2710,.T.);
#2710 = EDGE_LOOP('',(#2711,#2721,#2727,#2728));
#2711 = ORIENTED_EDGE('',*,*,#2712,.T.);
#2712 = EDGE_CURVE('',#2713,#2715,#2717,.T.);
#2713 = VERTEX_POINT('',#2714);
#2714 = CARTESIAN_POINT('',(-3.6,1.47,-4.5));
#2715 = VERTEX_POINT('',#2716);
#2716 = CARTESIAN_POINT('',(-3.6,1.47,-4.3));
#2717 = LINE('',#2718,#2719);
#2718 = CARTESIAN_POINT('',(-3.6,1.47,-4.5));
#2719 = VECTOR('',#2720,1.);
#2720 = DIRECTION('',(0.,-1.172110456741E-16,1.));
#2721 = ORIENTED_EDGE('',*,*,#2722,.T.);
#2722 = EDGE_CURVE('',#2715,#2574,#2723,.T.);
#2723 = LINE('',#2724,#2725);
#2724 = CARTESIAN_POINT('',(6.4,1.47,-4.3));
#2725 = VECTOR('',#2726,1.);
#2726 = DIRECTION('',(1.,0.,0.));
#2727 = ORIENTED_EDGE('',*,*,#2573,.F.);
#2728 = ORIENTED_EDGE('',*,*,#2729,.T.);
#2729 = EDGE_CURVE('',#2566,#2713,#2730,.T.);
#2730 = LINE('',#2731,#2732);
#2731 = CARTESIAN_POINT('',(-3.4,1.47,-4.5));
#2732 = VECTOR('',#2733,1.);
#2733 = DIRECTION('',(-1.,0.,0.));
#2734 = PLANE('',#2735);
#2735 = AXIS2_PLACEMENT_3D('',#2736,#2737,#2738);
#2736 = CARTESIAN_POINT('',(-3.4,1.47,-4.5));
#2737 = DIRECTION('',(0.,-1.,-1.172110456741E-16));
#2738 = DIRECTION('',(0.,1.172110456741E-16,-1.));
#2739 = ADVANCED_FACE('',(#2740),#3078,.F.);
#2740 = FACE_BOUND('',#2741,.T.);
#2741 = EDGE_LOOP('',(#2742,#2752,#2760,#2768,#2776,#2784,#2792,#2800,
    #2808,#2816,#2824,#2832,#2840,#2848,#2856,#2864,#2872,#2880,#2888,
    #2896,#2904,#2912,#2920,#2928,#2936,#2944,#2952,#2960,#2968,#2976,
    #2984,#2992,#3000,#3008,#3016,#3024,#3032,#3040,#3048,#3056,#3064,
    #3070,#3071,#3072));
#2742 = ORIENTED_EDGE('',*,*,#2743,.T.);
#2743 = EDGE_CURVE('',#2744,#2746,#2748,.T.);
#2744 = VERTEX_POINT('',#2745);
#2745 = CARTESIAN_POINT('',(-3.6,0.8,-4.3));
#2746 = VERTEX_POINT('',#2747);
#2747 = CARTESIAN_POINT('',(-4.4,0.8,-4.3));
#2748 = LINE('',#2749,#2750);
#2749 = CARTESIAN_POINT('',(6.4,0.8,-4.3));
#2750 = VECTOR('',#2751,1.);
#2751 = DIRECTION('',(-1.,0.,0.));
#2752 = ORIENTED_EDGE('',*,*,#2753,.T.);
#2753 = EDGE_CURVE('',#2746,#2754,#2756,.T.);
#2754 = VERTEX_POINT('',#2755);
#2755 = CARTESIAN_POINT('',(-4.4,1.47,-4.3));
#2756 = LINE('',#2757,#2758);
#2757 = CARTESIAN_POINT('',(-4.4,1.5,-4.3));
#2758 = VECTOR('',#2759,1.);
#2759 = DIRECTION('',(0.,1.,0.));
#2760 = ORIENTED_EDGE('',*,*,#2761,.F.);
#2761 = EDGE_CURVE('',#2762,#2754,#2764,.T.);
#2762 = VERTEX_POINT('',#2763);
#2763 = CARTESIAN_POINT('',(-4.6,1.47,-4.3));
#2764 = LINE('',#2765,#2766);
#2765 = CARTESIAN_POINT('',(6.4,1.47,-4.3));
#2766 = VECTOR('',#2767,1.);
#2767 = DIRECTION('',(1.,0.,0.));
#2768 = ORIENTED_EDGE('',*,*,#2769,.F.);
#2769 = EDGE_CURVE('',#2770,#2762,#2772,.T.);
#2770 = VERTEX_POINT('',#2771);
#2771 = CARTESIAN_POINT('',(-4.6,0.8,-4.3));
#2772 = LINE('',#2773,#2774);
#2773 = CARTESIAN_POINT('',(-4.6,1.5,-4.3));
#2774 = VECTOR('',#2775,1.);
#2775 = DIRECTION('',(0.,1.,0.));
#2776 = ORIENTED_EDGE('',*,*,#2777,.T.);
#2777 = EDGE_CURVE('',#2770,#2778,#2780,.T.);
#2778 = VERTEX_POINT('',#2779);
#2779 = CARTESIAN_POINT('',(-6.4,0.8,-4.3));
#2780 = LINE('',#2781,#2782);
#2781 = CARTESIAN_POINT('',(6.4,0.8,-4.3));
#2782 = VECTOR('',#2783,1.);
#2783 = DIRECTION('',(-1.,0.,0.));
#2784 = ORIENTED_EDGE('',*,*,#2785,.T.);
#2785 = EDGE_CURVE('',#2778,#2786,#2788,.T.);
#2786 = VERTEX_POINT('',#2787);
#2787 = CARTESIAN_POINT('',(-6.4,1.5,-4.3));
#2788 = LINE('',#2789,#2790);
#2789 = CARTESIAN_POINT('',(-6.4,1.5,-4.3));
#2790 = VECTOR('',#2791,1.);
#2791 = DIRECTION('',(0.,1.,0.));
#2792 = ORIENTED_EDGE('',*,*,#2793,.F.);
#2793 = EDGE_CURVE('',#2794,#2786,#2796,.T.);
#2794 = VERTEX_POINT('',#2795);
#2795 = CARTESIAN_POINT('',(6.4,1.5,-4.3));
#2796 = LINE('',#2797,#2798);
#2797 = CARTESIAN_POINT('',(6.4,1.5,-4.3));
#2798 = VECTOR('',#2799,1.);
#2799 = DIRECTION('',(-1.,0.,0.));
#2800 = ORIENTED_EDGE('',*,*,#2801,.F.);
#2801 = EDGE_CURVE('',#2802,#2794,#2804,.T.);
#2802 = VERTEX_POINT('',#2803);
#2803 = CARTESIAN_POINT('',(6.4,0.8,-4.3));
#2804 = LINE('',#2805,#2806);
#2805 = CARTESIAN_POINT('',(6.4,1.5,-4.3));
#2806 = VECTOR('',#2807,1.);
#2807 = DIRECTION('',(0.,1.,0.));
#2808 = ORIENTED_EDGE('',*,*,#2809,.T.);
#2809 = EDGE_CURVE('',#2802,#2810,#2812,.T.);
#2810 = VERTEX_POINT('',#2811);
#2811 = CARTESIAN_POINT('',(4.6,0.8,-4.3));
#2812 = LINE('',#2813,#2814);
#2813 = CARTESIAN_POINT('',(6.4,0.8,-4.3));
#2814 = VECTOR('',#2815,1.);
#2815 = DIRECTION('',(-1.,0.,0.));
#2816 = ORIENTED_EDGE('',*,*,#2817,.T.);
#2817 = EDGE_CURVE('',#2810,#2818,#2820,.T.);
#2818 = VERTEX_POINT('',#2819);
#2819 = CARTESIAN_POINT('',(4.6,1.47,-4.3));
#2820 = LINE('',#2821,#2822);
#2821 = CARTESIAN_POINT('',(4.6,1.5,-4.3));
#2822 = VECTOR('',#2823,1.);
#2823 = DIRECTION('',(0.,1.,0.));
#2824 = ORIENTED_EDGE('',*,*,#2825,.F.);
#2825 = EDGE_CURVE('',#2826,#2818,#2828,.T.);
#2826 = VERTEX_POINT('',#2827);
#2827 = CARTESIAN_POINT('',(4.4,1.47,-4.3));
#2828 = LINE('',#2829,#2830);
#2829 = CARTESIAN_POINT('',(6.4,1.47,-4.3));
#2830 = VECTOR('',#2831,1.);
#2831 = DIRECTION('',(1.,0.,0.));
#2832 = ORIENTED_EDGE('',*,*,#2833,.F.);
#2833 = EDGE_CURVE('',#2834,#2826,#2836,.T.);
#2834 = VERTEX_POINT('',#2835);
#2835 = CARTESIAN_POINT('',(4.4,0.8,-4.3));
#2836 = LINE('',#2837,#2838);
#2837 = CARTESIAN_POINT('',(4.4,1.5,-4.3));
#2838 = VECTOR('',#2839,1.);
#2839 = DIRECTION('',(0.,1.,0.));
#2840 = ORIENTED_EDGE('',*,*,#2841,.T.);
#2841 = EDGE_CURVE('',#2834,#2842,#2844,.T.);
#2842 = VERTEX_POINT('',#2843);
#2843 = CARTESIAN_POINT('',(3.6,0.8,-4.3));
#2844 = LINE('',#2845,#2846);
#2845 = CARTESIAN_POINT('',(6.4,0.8,-4.3));
#2846 = VECTOR('',#2847,1.);
#2847 = DIRECTION('',(-1.,0.,0.));
#2848 = ORIENTED_EDGE('',*,*,#2849,.T.);
#2849 = EDGE_CURVE('',#2842,#2850,#2852,.T.);
#2850 = VERTEX_POINT('',#2851);
#2851 = CARTESIAN_POINT('',(3.6,1.47,-4.3));
#2852 = LINE('',#2853,#2854);
#2853 = CARTESIAN_POINT('',(3.6,1.5,-4.3));
#2854 = VECTOR('',#2855,1.);
#2855 = DIRECTION('',(0.,1.,0.));
#2856 = ORIENTED_EDGE('',*,*,#2857,.F.);
#2857 = EDGE_CURVE('',#2858,#2850,#2860,.T.);
#2858 = VERTEX_POINT('',#2859);
#2859 = CARTESIAN_POINT('',(3.4,1.47,-4.3));
#2860 = LINE('',#2861,#2862);
#2861 = CARTESIAN_POINT('',(6.4,1.47,-4.3));
#2862 = VECTOR('',#2863,1.);
#2863 = DIRECTION('',(1.,0.,0.));
#2864 = ORIENTED_EDGE('',*,*,#2865,.F.);
#2865 = EDGE_CURVE('',#2866,#2858,#2868,.T.);
#2866 = VERTEX_POINT('',#2867);
#2867 = CARTESIAN_POINT('',(3.4,0.8,-4.3));
#2868 = LINE('',#2869,#2870);
#2869 = CARTESIAN_POINT('',(3.4,1.5,-4.3));
#2870 = VECTOR('',#2871,1.);
#2871 = DIRECTION('',(0.,1.,0.));
#2872 = ORIENTED_EDGE('',*,*,#2873,.T.);
#2873 = EDGE_CURVE('',#2866,#2874,#2876,.T.);
#2874 = VERTEX_POINT('',#2875);
#2875 = CARTESIAN_POINT('',(2.6,0.8,-4.3));
#2876 = LINE('',#2877,#2878);
#2877 = CARTESIAN_POINT('',(6.4,0.8,-4.3));
#2878 = VECTOR('',#2879,1.);
#2879 = DIRECTION('',(-1.,0.,0.));
#2880 = ORIENTED_EDGE('',*,*,#2881,.T.);
#2881 = EDGE_CURVE('',#2874,#2882,#2884,.T.);
#2882 = VERTEX_POINT('',#2883);
#2883 = CARTESIAN_POINT('',(2.6,1.47,-4.3));
#2884 = LINE('',#2885,#2886);
#2885 = CARTESIAN_POINT('',(2.6,1.5,-4.3));
#2886 = VECTOR('',#2887,1.);
#2887 = DIRECTION('',(0.,1.,0.));
#2888 = ORIENTED_EDGE('',*,*,#2889,.F.);
#2889 = EDGE_CURVE('',#2890,#2882,#2892,.T.);
#2890 = VERTEX_POINT('',#2891);
#2891 = CARTESIAN_POINT('',(2.4,1.47,-4.3));
#2892 = LINE('',#2893,#2894);
#2893 = CARTESIAN_POINT('',(6.4,1.47,-4.3));
#2894 = VECTOR('',#2895,1.);
#2895 = DIRECTION('',(1.,0.,0.));
#2896 = ORIENTED_EDGE('',*,*,#2897,.F.);
#2897 = EDGE_CURVE('',#2898,#2890,#2900,.T.);
#2898 = VERTEX_POINT('',#2899);
#2899 = CARTESIAN_POINT('',(2.4,0.8,-4.3));
#2900 = LINE('',#2901,#2902);
#2901 = CARTESIAN_POINT('',(2.4,1.5,-4.3));
#2902 = VECTOR('',#2903,1.);
#2903 = DIRECTION('',(0.,1.,0.));
#2904 = ORIENTED_EDGE('',*,*,#2905,.T.);
#2905 = EDGE_CURVE('',#2898,#2906,#2908,.T.);
#2906 = VERTEX_POINT('',#2907);
#2907 = CARTESIAN_POINT('',(1.6,0.8,-4.3));
#2908 = LINE('',#2909,#2910);
#2909 = CARTESIAN_POINT('',(6.4,0.8,-4.3));
#2910 = VECTOR('',#2911,1.);
#2911 = DIRECTION('',(-1.,0.,0.));
#2912 = ORIENTED_EDGE('',*,*,#2913,.T.);
#2913 = EDGE_CURVE('',#2906,#2914,#2916,.T.);
#2914 = VERTEX_POINT('',#2915);
#2915 = CARTESIAN_POINT('',(1.6,1.47,-4.3));
#2916 = LINE('',#2917,#2918);
#2917 = CARTESIAN_POINT('',(1.6,1.5,-4.3));
#2918 = VECTOR('',#2919,1.);
#2919 = DIRECTION('',(0.,1.,0.));
#2920 = ORIENTED_EDGE('',*,*,#2921,.F.);
#2921 = EDGE_CURVE('',#2922,#2914,#2924,.T.);
#2922 = VERTEX_POINT('',#2923);
#2923 = CARTESIAN_POINT('',(1.4,1.47,-4.3));
#2924 = LINE('',#2925,#2926);
#2925 = CARTESIAN_POINT('',(6.4,1.47,-4.3));
#2926 = VECTOR('',#2927,1.);
#2927 = DIRECTION('',(1.,0.,0.));
#2928 = ORIENTED_EDGE('',*,*,#2929,.F.);
#2929 = EDGE_CURVE('',#2930,#2922,#2932,.T.);
#2930 = VERTEX_POINT('',#2931);
#2931 = CARTESIAN_POINT('',(1.4,0.8,-4.3));
#2932 = LINE('',#2933,#2934);
#2933 = CARTESIAN_POINT('',(1.4,1.5,-4.3));
#2934 = VECTOR('',#2935,1.);
#2935 = DIRECTION('',(0.,1.,0.));
#2936 = ORIENTED_EDGE('',*,*,#2937,.T.);
#2937 = EDGE_CURVE('',#2930,#2938,#2940,.T.);
#2938 = VERTEX_POINT('',#2939);
#2939 = CARTESIAN_POINT('',(0.6,0.8,-4.3));
#2940 = LINE('',#2941,#2942);
#2941 = CARTESIAN_POINT('',(6.4,0.8,-4.3));
#2942 = VECTOR('',#2943,1.);
#2943 = DIRECTION('',(-1.,0.,0.));
#2944 = ORIENTED_EDGE('',*,*,#2945,.T.);
#2945 = EDGE_CURVE('',#2938,#2946,#2948,.T.);
#2946 = VERTEX_POINT('',#2947);
#2947 = CARTESIAN_POINT('',(0.6,1.47,-4.3));
#2948 = LINE('',#2949,#2950);
#2949 = CARTESIAN_POINT('',(0.6,1.5,-4.3));
#2950 = VECTOR('',#2951,1.);
#2951 = DIRECTION('',(0.,1.,0.));
#2952 = ORIENTED_EDGE('',*,*,#2953,.F.);
#2953 = EDGE_CURVE('',#2954,#2946,#2956,.T.);
#2954 = VERTEX_POINT('',#2955);
#2955 = CARTESIAN_POINT('',(0.4,1.47,-4.3));
#2956 = LINE('',#2957,#2958);
#2957 = CARTESIAN_POINT('',(6.4,1.47,-4.3));
#2958 = VECTOR('',#2959,1.);
#2959 = DIRECTION('',(1.,0.,0.));
#2960 = ORIENTED_EDGE('',*,*,#2961,.F.);
#2961 = EDGE_CURVE('',#2962,#2954,#2964,.T.);
#2962 = VERTEX_POINT('',#2963);
#2963 = CARTESIAN_POINT('',(0.4,0.8,-4.3));
#2964 = LINE('',#2965,#2966);
#2965 = CARTESIAN_POINT('',(0.4,1.5,-4.3));
#2966 = VECTOR('',#2967,1.);
#2967 = DIRECTION('',(0.,1.,0.));
#2968 = ORIENTED_EDGE('',*,*,#2969,.T.);
#2969 = EDGE_CURVE('',#2962,#2970,#2972,.T.);
#2970 = VERTEX_POINT('',#2971);
#2971 = CARTESIAN_POINT('',(-0.4,0.8,-4.3));
#2972 = LINE('',#2973,#2974);
#2973 = CARTESIAN_POINT('',(6.4,0.8,-4.3));
#2974 = VECTOR('',#2975,1.);
#2975 = DIRECTION('',(-1.,0.,0.));
#2976 = ORIENTED_EDGE('',*,*,#2977,.T.);
#2977 = EDGE_CURVE('',#2970,#2978,#2980,.T.);
#2978 = VERTEX_POINT('',#2979);
#2979 = CARTESIAN_POINT('',(-0.4,1.47,-4.3));
#2980 = LINE('',#2981,#2982);
#2981 = CARTESIAN_POINT('',(-0.4,1.5,-4.3));
#2982 = VECTOR('',#2983,1.);
#2983 = DIRECTION('',(0.,1.,0.));
#2984 = ORIENTED_EDGE('',*,*,#2985,.F.);
#2985 = EDGE_CURVE('',#2986,#2978,#2988,.T.);
#2986 = VERTEX_POINT('',#2987);
#2987 = CARTESIAN_POINT('',(-0.6,1.47,-4.3));
#2988 = LINE('',#2989,#2990);
#2989 = CARTESIAN_POINT('',(6.4,1.47,-4.3));
#2990 = VECTOR('',#2991,1.);
#2991 = DIRECTION('',(1.,0.,0.));
#2992 = ORIENTED_EDGE('',*,*,#2993,.F.);
#2993 = EDGE_CURVE('',#2994,#2986,#2996,.T.);
#2994 = VERTEX_POINT('',#2995);
#2995 = CARTESIAN_POINT('',(-0.6,0.8,-4.3));
#2996 = LINE('',#2997,#2998);
#2997 = CARTESIAN_POINT('',(-0.6,1.5,-4.3));
#2998 = VECTOR('',#2999,1.);
#2999 = DIRECTION('',(0.,1.,0.));
#3000 = ORIENTED_EDGE('',*,*,#3001,.T.);
#3001 = EDGE_CURVE('',#2994,#3002,#3004,.T.);
#3002 = VERTEX_POINT('',#3003);
#3003 = CARTESIAN_POINT('',(-1.4,0.8,-4.3));
#3004 = LINE('',#3005,#3006);
#3005 = CARTESIAN_POINT('',(6.4,0.8,-4.3));
#3006 = VECTOR('',#3007,1.);
#3007 = DIRECTION('',(-1.,0.,0.));
#3008 = ORIENTED_EDGE('',*,*,#3009,.T.);
#3009 = EDGE_CURVE('',#3002,#3010,#3012,.T.);
#3010 = VERTEX_POINT('',#3011);
#3011 = CARTESIAN_POINT('',(-1.4,1.47,-4.3));
#3012 = LINE('',#3013,#3014);
#3013 = CARTESIAN_POINT('',(-1.4,1.5,-4.3));
#3014 = VECTOR('',#3015,1.);
#3015 = DIRECTION('',(0.,1.,0.));
#3016 = ORIENTED_EDGE('',*,*,#3017,.F.);
#3017 = EDGE_CURVE('',#3018,#3010,#3020,.T.);
#3018 = VERTEX_POINT('',#3019);
#3019 = CARTESIAN_POINT('',(-1.6,1.47,-4.3));
#3020 = LINE('',#3021,#3022);
#3021 = CARTESIAN_POINT('',(6.4,1.47,-4.3));
#3022 = VECTOR('',#3023,1.);
#3023 = DIRECTION('',(1.,0.,0.));
#3024 = ORIENTED_EDGE('',*,*,#3025,.F.);
#3025 = EDGE_CURVE('',#3026,#3018,#3028,.T.);
#3026 = VERTEX_POINT('',#3027);
#3027 = CARTESIAN_POINT('',(-1.6,0.8,-4.3));
#3028 = LINE('',#3029,#3030);
#3029 = CARTESIAN_POINT('',(-1.6,1.5,-4.3));
#3030 = VECTOR('',#3031,1.);
#3031 = DIRECTION('',(0.,1.,0.));
#3032 = ORIENTED_EDGE('',*,*,#3033,.T.);
#3033 = EDGE_CURVE('',#3026,#3034,#3036,.T.);
#3034 = VERTEX_POINT('',#3035);
#3035 = CARTESIAN_POINT('',(-2.4,0.8,-4.3));
#3036 = LINE('',#3037,#3038);
#3037 = CARTESIAN_POINT('',(6.4,0.8,-4.3));
#3038 = VECTOR('',#3039,1.);
#3039 = DIRECTION('',(-1.,0.,0.));
#3040 = ORIENTED_EDGE('',*,*,#3041,.T.);
#3041 = EDGE_CURVE('',#3034,#3042,#3044,.T.);
#3042 = VERTEX_POINT('',#3043);
#3043 = CARTESIAN_POINT('',(-2.4,1.47,-4.3));
#3044 = LINE('',#3045,#3046);
#3045 = CARTESIAN_POINT('',(-2.4,1.5,-4.3));
#3046 = VECTOR('',#3047,1.);
#3047 = DIRECTION('',(0.,1.,0.));
#3048 = ORIENTED_EDGE('',*,*,#3049,.F.);
#3049 = EDGE_CURVE('',#3050,#3042,#3052,.T.);
#3050 = VERTEX_POINT('',#3051);
#3051 = CARTESIAN_POINT('',(-2.6,1.47,-4.3));
#3052 = LINE('',#3053,#3054);
#3053 = CARTESIAN_POINT('',(6.4,1.47,-4.3));
#3054 = VECTOR('',#3055,1.);
#3055 = DIRECTION('',(1.,0.,0.));
#3056 = ORIENTED_EDGE('',*,*,#3057,.F.);
#3057 = EDGE_CURVE('',#3058,#3050,#3060,.T.);
#3058 = VERTEX_POINT('',#3059);
#3059 = CARTESIAN_POINT('',(-2.6,0.8,-4.3));
#3060 = LINE('',#3061,#3062);
#3061 = CARTESIAN_POINT('',(-2.6,1.5,-4.3));
#3062 = VECTOR('',#3063,1.);
#3063 = DIRECTION('',(0.,1.,0.));
#3064 = ORIENTED_EDGE('',*,*,#3065,.T.);
#3065 = EDGE_CURVE('',#3058,#2518,#3066,.T.);
#3066 = LINE('',#3067,#3068);
#3067 = CARTESIAN_POINT('',(6.4,0.8,-4.3));
#3068 = VECTOR('',#3069,1.);
#3069 = DIRECTION('',(-1.,0.,0.));
#3070 = ORIENTED_EDGE('',*,*,#2581,.T.);
#3071 = ORIENTED_EDGE('',*,*,#2722,.F.);
#3072 = ORIENTED_EDGE('',*,*,#3073,.F.);
#3073 = EDGE_CURVE('',#2744,#2715,#3074,.T.);
#3074 = LINE('',#3075,#3076);
#3075 = CARTESIAN_POINT('',(-3.6,1.5,-4.3));
#3076 = VECTOR('',#3077,1.);
#3077 = DIRECTION('',(0.,1.,0.));
#3078 = PLANE('',#3079);
#3079 = AXIS2_PLACEMENT_3D('',#3080,#3081,#3082);
#3080 = CARTESIAN_POINT('',(6.4,1.5,-4.3));
#3081 = DIRECTION('',(0.,0.,1.));
#3082 = DIRECTION('',(1.,0.,-0.));
#3083 = ADVANCED_FACE('',(#3084),#3095,.F.);
#3084 = FACE_BOUND('',#3085,.T.);
#3085 = EDGE_LOOP('',(#3086,#3087,#3088,#3089));
#3086 = ORIENTED_EDGE('',*,*,#2604,.T.);
#3087 = ORIENTED_EDGE('',*,*,#2515,.T.);
#3088 = ORIENTED_EDGE('',*,*,#3065,.F.);
#3089 = ORIENTED_EDGE('',*,*,#3090,.F.);
#3090 = EDGE_CURVE('',#2605,#3058,#3091,.T.);
#3091 = LINE('',#3092,#3093);
#3092 = CARTESIAN_POINT('',(-2.6,0.8,-4.3));
#3093 = VECTOR('',#3094,1.);
#3094 = DIRECTION('',(0.,0.,-1.));
#3095 = PLANE('',#3096);
#3096 = AXIS2_PLACEMENT_3D('',#3097,#3098,#3099);
#3097 = CARTESIAN_POINT('',(6.4,0.8,-4.3));
#3098 = DIRECTION('',(0.,1.,0.));
#3099 = DIRECTION('',(0.,-0.,1.));
#3100 = ADVANCED_FACE('',(#3101),#3112,.F.);
#3101 = FACE_BOUND('',#3102,.T.);
#3102 = EDGE_LOOP('',(#3103,#3109,#3110,#3111));
#3103 = ORIENTED_EDGE('',*,*,#3104,.T.);
#3104 = EDGE_CURVE('',#2691,#2627,#3105,.T.);
#3105 = LINE('',#3106,#3107);
#3106 = CARTESIAN_POINT('',(-3.6,-1.E-01,-5.));
#3107 = VECTOR('',#3108,1.);
#3108 = DIRECTION('',(0.,1.054085445472E-16,-1.));
#3109 = ORIENTED_EDGE('',*,*,#2643,.F.);
#3110 = ORIENTED_EDGE('',*,*,#2541,.F.);
#3111 = ORIENTED_EDGE('',*,*,#2698,.T.);
#3112 = PLANE('',#3113);
#3113 = AXIS2_PLACEMENT_3D('',#3114,#3115,#3116);
#3114 = CARTESIAN_POINT('',(-3.4,-1.E-01,-5.));
#3115 = DIRECTION('',(0.,1.,1.054085445472E-16));
#3116 = DIRECTION('',(0.,-1.054085445472E-16,1.));
#3117 = ADVANCED_FACE('',(#3118),#3129,.F.);
#3118 = FACE_BOUND('',#3119,.T.);
#3119 = EDGE_LOOP('',(#3120,#3126,#3127,#3128));
#3120 = ORIENTED_EDGE('',*,*,#3121,.T.);
#3121 = EDGE_CURVE('',#2658,#2713,#3122,.T.);
#3122 = LINE('',#3123,#3124);
#3123 = CARTESIAN_POINT('',(-3.6,1.47,-4.5));
#3124 = VECTOR('',#3125,1.);
#3125 = DIRECTION('',(0.,1.,0.));
#3126 = ORIENTED_EDGE('',*,*,#2729,.F.);
#3127 = ORIENTED_EDGE('',*,*,#2565,.F.);
#3128 = ORIENTED_EDGE('',*,*,#2665,.T.);
#3129 = PLANE('',#3130);
#3130 = AXIS2_PLACEMENT_3D('',#3131,#3132,#3133);
#3131 = CARTESIAN_POINT('',(-3.4,1.47,-4.5));
#3132 = DIRECTION('',(0.,0.,1.));
#3133 = DIRECTION('',(1.,0.,-0.));
#3134 = ADVANCED_FACE('',(#3135),#3186,.F.);
#3135 = FACE_BOUND('',#3136,.T.);
#3136 = EDGE_LOOP('',(#3137,#3145,#3146,#3147,#3148,#3156,#3164,#3172,
    #3180));
#3137 = ORIENTED_EDGE('',*,*,#3138,.F.);
#3138 = EDGE_CURVE('',#2596,#3139,#3141,.T.);
#3139 = VERTEX_POINT('',#3140);
#3140 = CARTESIAN_POINT('',(-2.6,-0.1,-4.1));
#3141 = LINE('',#3142,#3143);
#3142 = CARTESIAN_POINT('',(-2.6,-0.1,-4.1));
#3143 = VECTOR('',#3144,1.);
#3144 = DIRECTION('',(0.,-1.,0.));
#3145 = ORIENTED_EDGE('',*,*,#2612,.T.);
#3146 = ORIENTED_EDGE('',*,*,#3090,.T.);
#3147 = ORIENTED_EDGE('',*,*,#3057,.T.);
#3148 = ORIENTED_EDGE('',*,*,#3149,.F.);
#3149 = EDGE_CURVE('',#3150,#3050,#3152,.T.);
#3150 = VERTEX_POINT('',#3151);
#3151 = CARTESIAN_POINT('',(-2.6,1.47,-4.5));
#3152 = LINE('',#3153,#3154);
#3153 = CARTESIAN_POINT('',(-2.6,1.47,-4.5));
#3154 = VECTOR('',#3155,1.);
#3155 = DIRECTION('',(0.,-1.172110456741E-16,1.));
#3156 = ORIENTED_EDGE('',*,*,#3157,.F.);
#3157 = EDGE_CURVE('',#3158,#3150,#3160,.T.);
#3158 = VERTEX_POINT('',#3159);
#3159 = CARTESIAN_POINT('',(-2.6,0.1,-4.5));
#3160 = LINE('',#3161,#3162);
#3161 = CARTESIAN_POINT('',(-2.6,1.47,-4.5));
#3162 = VECTOR('',#3163,1.);
#3163 = DIRECTION('',(0.,1.,0.));
#3164 = ORIENTED_EDGE('',*,*,#3165,.F.);
#3165 = EDGE_CURVE('',#3166,#3158,#3168,.T.);
#3166 = VERTEX_POINT('',#3167);
#3167 = CARTESIAN_POINT('',(-2.6,0.1,-5.));
#3168 = LINE('',#3169,#3170);
#3169 = CARTESIAN_POINT('',(-2.6,0.1,-4.5));
#3170 = VECTOR('',#3171,1.);
#3171 = DIRECTION('',(0.,-2.710505431214E-17,1.));
#3172 = ORIENTED_EDGE('',*,*,#3173,.F.);
#3173 = EDGE_CURVE('',#3174,#3166,#3176,.T.);
#3174 = VERTEX_POINT('',#3175);
#3175 = CARTESIAN_POINT('',(-2.6,-1.E-01,-5.));
#3176 = LINE('',#3177,#3178);
#3177 = CARTESIAN_POINT('',(-2.6,0.1,-5.));
#3178 = VECTOR('',#3179,1.);
#3179 = DIRECTION('',(0.,1.,0.));
#3180 = ORIENTED_EDGE('',*,*,#3181,.F.);
#3181 = EDGE_CURVE('',#3139,#3174,#3182,.T.);
#3182 = LINE('',#3183,#3184);
#3183 = CARTESIAN_POINT('',(-2.6,-1.E-01,-5.));
#3184 = VECTOR('',#3185,1.);
#3185 = DIRECTION('',(0.,1.054085445472E-16,-1.));
#3186 = PLANE('',#3187);
#3187 = AXIS2_PLACEMENT_3D('',#3188,#3189,#3190);
#3188 = CARTESIAN_POINT('',(-2.6,1.47,-3.66));
#3189 = DIRECTION('',(1.,0.,0.));
#3190 = DIRECTION('',(-0.,0.,1.));
#3191 = ADVANCED_FACE('',(#3192),#3370,.F.);
#3192 = FACE_BOUND('',#3193,.T.);
#3193 = EDGE_LOOP('',(#3194,#3204,#3212,#3220,#3226,#3227,#3228,#3236,
    #3244,#3252,#3260,#3268,#3276,#3284,#3292,#3300,#3308,#3316,#3324,
    #3332,#3340,#3348,#3356,#3364));
#3194 = ORIENTED_EDGE('',*,*,#3195,.F.);
#3195 = EDGE_CURVE('',#3196,#3198,#3200,.T.);
#3196 = VERTEX_POINT('',#3197);
#3197 = CARTESIAN_POINT('',(-5.75,0.4,-4.1));
#3198 = VERTEX_POINT('',#3199);
#3199 = CARTESIAN_POINT('',(-5.75,0.4,-3.8));
#3200 = LINE('',#3201,#3202);
#3201 = CARTESIAN_POINT('',(-5.75,0.4,-4.1));
#3202 = VECTOR('',#3203,1.);
#3203 = DIRECTION('',(0.,0.,1.));
#3204 = ORIENTED_EDGE('',*,*,#3205,.F.);
#3205 = EDGE_CURVE('',#3206,#3196,#3208,.T.);
#3206 = VERTEX_POINT('',#3207);
#3207 = CARTESIAN_POINT('',(-4.6,0.4,-4.1));
#3208 = LINE('',#3209,#3210);
#3209 = CARTESIAN_POINT('',(6.4,0.4,-4.1));
#3210 = VECTOR('',#3211,1.);
#3211 = DIRECTION('',(-1.,0.,0.));
#3212 = ORIENTED_EDGE('',*,*,#3213,.F.);
#3213 = EDGE_CURVE('',#3214,#3206,#3216,.T.);
#3214 = VERTEX_POINT('',#3215);
#3215 = CARTESIAN_POINT('',(-4.4,0.4,-4.1));
#3216 = LINE('',#3217,#3218);
#3217 = CARTESIAN_POINT('',(6.4,0.4,-4.1));
#3218 = VECTOR('',#3219,1.);
#3219 = DIRECTION('',(-1.,0.,0.));
#3220 = ORIENTED_EDGE('',*,*,#3221,.F.);
#3221 = EDGE_CURVE('',#2683,#3214,#3222,.T.);
#3222 = LINE('',#3223,#3224);
#3223 = CARTESIAN_POINT('',(6.4,0.4,-4.1));
#3224 = VECTOR('',#3225,1.);
#3225 = DIRECTION('',(-1.,0.,0.));
#3226 = ORIENTED_EDGE('',*,*,#2682,.F.);
#3227 = ORIENTED_EDGE('',*,*,#2595,.F.);
#3228 = ORIENTED_EDGE('',*,*,#3229,.F.);
#3229 = EDGE_CURVE('',#3230,#2596,#3232,.T.);
#3230 = VERTEX_POINT('',#3231);
#3231 = CARTESIAN_POINT('',(-2.4,0.4,-4.1));
#3232 = LINE('',#3233,#3234);
#3233 = CARTESIAN_POINT('',(6.4,0.4,-4.1));
#3234 = VECTOR('',#3235,1.);
#3235 = DIRECTION('',(-1.,0.,0.));
#3236 = ORIENTED_EDGE('',*,*,#3237,.F.);
#3237 = EDGE_CURVE('',#3238,#3230,#3240,.T.);
#3238 = VERTEX_POINT('',#3239);
#3239 = CARTESIAN_POINT('',(-1.6,0.4,-4.1));
#3240 = LINE('',#3241,#3242);
#3241 = CARTESIAN_POINT('',(6.4,0.4,-4.1));
#3242 = VECTOR('',#3243,1.);
#3243 = DIRECTION('',(-1.,0.,0.));
#3244 = ORIENTED_EDGE('',*,*,#3245,.F.);
#3245 = EDGE_CURVE('',#3246,#3238,#3248,.T.);
#3246 = VERTEX_POINT('',#3247);
#3247 = CARTESIAN_POINT('',(-1.4,0.4,-4.1));
#3248 = LINE('',#3249,#3250);
#3249 = CARTESIAN_POINT('',(6.4,0.4,-4.1));
#3250 = VECTOR('',#3251,1.);
#3251 = DIRECTION('',(-1.,0.,0.));
#3252 = ORIENTED_EDGE('',*,*,#3253,.F.);
#3253 = EDGE_CURVE('',#3254,#3246,#3256,.T.);
#3254 = VERTEX_POINT('',#3255);
#3255 = CARTESIAN_POINT('',(-0.6,0.4,-4.1));
#3256 = LINE('',#3257,#3258);
#3257 = CARTESIAN_POINT('',(6.4,0.4,-4.1));
#3258 = VECTOR('',#3259,1.);
#3259 = DIRECTION('',(-1.,0.,0.));
#3260 = ORIENTED_EDGE('',*,*,#3261,.F.);
#3261 = EDGE_CURVE('',#3262,#3254,#3264,.T.);
#3262 = VERTEX_POINT('',#3263);
#3263 = CARTESIAN_POINT('',(-0.4,0.4,-4.1));
#3264 = LINE('',#3265,#3266);
#3265 = CARTESIAN_POINT('',(6.4,0.4,-4.1));
#3266 = VECTOR('',#3267,1.);
#3267 = DIRECTION('',(-1.,0.,0.));
#3268 = ORIENTED_EDGE('',*,*,#3269,.F.);
#3269 = EDGE_CURVE('',#3270,#3262,#3272,.T.);
#3270 = VERTEX_POINT('',#3271);
#3271 = CARTESIAN_POINT('',(0.4,0.4,-4.1));
#3272 = LINE('',#3273,#3274);
#3273 = CARTESIAN_POINT('',(6.4,0.4,-4.1));
#3274 = VECTOR('',#3275,1.);
#3275 = DIRECTION('',(-1.,0.,0.));
#3276 = ORIENTED_EDGE('',*,*,#3277,.F.);
#3277 = EDGE_CURVE('',#3278,#3270,#3280,.T.);
#3278 = VERTEX_POINT('',#3279);
#3279 = CARTESIAN_POINT('',(0.6,0.4,-4.1));
#3280 = LINE('',#3281,#3282);
#3281 = CARTESIAN_POINT('',(6.4,0.4,-4.1));
#3282 = VECTOR('',#3283,1.);
#3283 = DIRECTION('',(-1.,0.,0.));
#3284 = ORIENTED_EDGE('',*,*,#3285,.F.);
#3285 = EDGE_CURVE('',#3286,#3278,#3288,.T.);
#3286 = VERTEX_POINT('',#3287);
#3287 = CARTESIAN_POINT('',(1.4,0.4,-4.1));
#3288 = LINE('',#3289,#3290);
#3289 = CARTESIAN_POINT('',(6.4,0.4,-4.1));
#3290 = VECTOR('',#3291,1.);
#3291 = DIRECTION('',(-1.,0.,0.));
#3292 = ORIENTED_EDGE('',*,*,#3293,.F.);
#3293 = EDGE_CURVE('',#3294,#3286,#3296,.T.);
#3294 = VERTEX_POINT('',#3295);
#3295 = CARTESIAN_POINT('',(1.6,0.4,-4.1));
#3296 = LINE('',#3297,#3298);
#3297 = CARTESIAN_POINT('',(6.4,0.4,-4.1));
#3298 = VECTOR('',#3299,1.);
#3299 = DIRECTION('',(-1.,0.,0.));
#3300 = ORIENTED_EDGE('',*,*,#3301,.F.);
#3301 = EDGE_CURVE('',#3302,#3294,#3304,.T.);
#3302 = VERTEX_POINT('',#3303);
#3303 = CARTESIAN_POINT('',(2.4,0.4,-4.1));
#3304 = LINE('',#3305,#3306);
#3305 = CARTESIAN_POINT('',(6.4,0.4,-4.1));
#3306 = VECTOR('',#3307,1.);
#3307 = DIRECTION('',(-1.,0.,0.));
#3308 = ORIENTED_EDGE('',*,*,#3309,.F.);
#3309 = EDGE_CURVE('',#3310,#3302,#3312,.T.);
#3310 = VERTEX_POINT('',#3311);
#3311 = CARTESIAN_POINT('',(2.6,0.4,-4.1));
#3312 = LINE('',#3313,#3314);
#3313 = CARTESIAN_POINT('',(6.4,0.4,-4.1));
#3314 = VECTOR('',#3315,1.);
#3315 = DIRECTION('',(-1.,0.,0.));
#3316 = ORIENTED_EDGE('',*,*,#3317,.F.);
#3317 = EDGE_CURVE('',#3318,#3310,#3320,.T.);
#3318 = VERTEX_POINT('',#3319);
#3319 = CARTESIAN_POINT('',(3.4,0.4,-4.1));
#3320 = LINE('',#3321,#3322);
#3321 = CARTESIAN_POINT('',(6.4,0.4,-4.1));
#3322 = VECTOR('',#3323,1.);
#3323 = DIRECTION('',(-1.,0.,0.));
#3324 = ORIENTED_EDGE('',*,*,#3325,.F.);
#3325 = EDGE_CURVE('',#3326,#3318,#3328,.T.);
#3326 = VERTEX_POINT('',#3327);
#3327 = CARTESIAN_POINT('',(3.6,0.4,-4.1));
#3328 = LINE('',#3329,#3330);
#3329 = CARTESIAN_POINT('',(6.4,0.4,-4.1));
#3330 = VECTOR('',#3331,1.);
#3331 = DIRECTION('',(-1.,0.,0.));
#3332 = ORIENTED_EDGE('',*,*,#3333,.F.);
#3333 = EDGE_CURVE('',#3334,#3326,#3336,.T.);
#3334 = VERTEX_POINT('',#3335);
#3335 = CARTESIAN_POINT('',(4.4,0.4,-4.1));
#3336 = LINE('',#3337,#3338);
#3337 = CARTESIAN_POINT('',(6.4,0.4,-4.1));
#3338 = VECTOR('',#3339,1.);
#3339 = DIRECTION('',(-1.,0.,0.));
#3340 = ORIENTED_EDGE('',*,*,#3341,.F.);
#3341 = EDGE_CURVE('',#3342,#3334,#3344,.T.);
#3342 = VERTEX_POINT('',#3343);
#3343 = CARTESIAN_POINT('',(4.6,0.4,-4.1));
#3344 = LINE('',#3345,#3346);
#3345 = CARTESIAN_POINT('',(6.4,0.4,-4.1));
#3346 = VECTOR('',#3347,1.);
#3347 = DIRECTION('',(-1.,0.,0.));
#3348 = ORIENTED_EDGE('',*,*,#3349,.F.);
#3349 = EDGE_CURVE('',#3350,#3342,#3352,.T.);
#3350 = VERTEX_POINT('',#3351);
#3351 = CARTESIAN_POINT('',(5.75,0.4,-4.1));
#3352 = LINE('',#3353,#3354);
#3353 = CARTESIAN_POINT('',(6.4,0.4,-4.1));
#3354 = VECTOR('',#3355,1.);
#3355 = DIRECTION('',(-1.,0.,0.));
#3356 = ORIENTED_EDGE('',*,*,#3357,.T.);
#3357 = EDGE_CURVE('',#3350,#3358,#3360,.T.);
#3358 = VERTEX_POINT('',#3359);
#3359 = CARTESIAN_POINT('',(5.75,0.4,-3.8));
#3360 = LINE('',#3361,#3362);
#3361 = CARTESIAN_POINT('',(5.75,0.4,-4.1));
#3362 = VECTOR('',#3363,1.);
#3363 = DIRECTION('',(0.,0.,1.));
#3364 = ORIENTED_EDGE('',*,*,#3365,.T.);
#3365 = EDGE_CURVE('',#3358,#3198,#3366,.T.);
#3366 = LINE('',#3367,#3368);
#3367 = CARTESIAN_POINT('',(6.4,0.4,-3.8));
#3368 = VECTOR('',#3369,1.);
#3369 = DIRECTION('',(-1.,0.,0.));
#3370 = PLANE('',#3371);
#3371 = AXIS2_PLACEMENT_3D('',#3372,#3373,#3374);
#3372 = CARTESIAN_POINT('',(6.4,0.4,-4.1));
#3373 = DIRECTION('',(0.,1.,0.));
#3374 = DIRECTION('',(0.,-0.,1.));
#3375 = ADVANCED_FACE('',(#3376),#3399,.F.);
#3376 = FACE_BOUND('',#3377,.T.);
#3377 = EDGE_LOOP('',(#3378,#3379,#3387,#3393,#3394,#3395,#3396,#3397,
    #3398));
#3378 = ORIENTED_EDGE('',*,*,#2690,.F.);
#3379 = ORIENTED_EDGE('',*,*,#3380,.T.);
#3380 = EDGE_CURVE('',#2683,#3381,#3383,.T.);
#3381 = VERTEX_POINT('',#3382);
#3382 = CARTESIAN_POINT('',(-3.6,0.8,-4.1));
#3383 = LINE('',#3384,#3385);
#3384 = CARTESIAN_POINT('',(-3.6,0.8,-4.1));
#3385 = VECTOR('',#3386,1.);
#3386 = DIRECTION('',(0.,1.,0.));
#3387 = ORIENTED_EDGE('',*,*,#3388,.T.);
#3388 = EDGE_CURVE('',#3381,#2744,#3389,.T.);
#3389 = LINE('',#3390,#3391);
#3390 = CARTESIAN_POINT('',(-3.6,0.8,-4.3));
#3391 = VECTOR('',#3392,1.);
#3392 = DIRECTION('',(0.,0.,-1.));
#3393 = ORIENTED_EDGE('',*,*,#3073,.T.);
#3394 = ORIENTED_EDGE('',*,*,#2712,.F.);
#3395 = ORIENTED_EDGE('',*,*,#3121,.F.);
#3396 = ORIENTED_EDGE('',*,*,#2657,.F.);
#3397 = ORIENTED_EDGE('',*,*,#2626,.F.);
#3398 = ORIENTED_EDGE('',*,*,#3104,.F.);
#3399 = PLANE('',#3400);
#3400 = AXIS2_PLACEMENT_3D('',#3401,#3402,#3403);
#3401 = CARTESIAN_POINT('',(-3.6,1.47,-3.66));
#3402 = DIRECTION('',(1.,0.,0.));
#3403 = DIRECTION('',(-0.,0.,1.));
#3404 = ADVANCED_FACE('',(#3405),#3468,.F.);
#3405 = FACE_BOUND('',#3406,.T.);
#3406 = EDGE_LOOP('',(#3407,#3415,#3423,#3429,#3430,#3438,#3446,#3454,
    #3462));
#3407 = ORIENTED_EDGE('',*,*,#3408,.F.);
#3408 = EDGE_CURVE('',#3334,#3409,#3411,.T.);
#3409 = VERTEX_POINT('',#3410);
#3410 = CARTESIAN_POINT('',(4.4,-0.1,-4.1));
#3411 = LINE('',#3412,#3413);
#3412 = CARTESIAN_POINT('',(4.4,-0.1,-4.1));
#3413 = VECTOR('',#3414,1.);
#3414 = DIRECTION('',(0.,-1.,0.));
#3415 = ORIENTED_EDGE('',*,*,#3416,.T.);
#3416 = EDGE_CURVE('',#3334,#3417,#3419,.T.);
#3417 = VERTEX_POINT('',#3418);
#3418 = CARTESIAN_POINT('',(4.4,0.8,-4.1));
#3419 = LINE('',#3420,#3421);
#3420 = CARTESIAN_POINT('',(4.4,0.8,-4.1));
#3421 = VECTOR('',#3422,1.);
#3422 = DIRECTION('',(0.,1.,0.));
#3423 = ORIENTED_EDGE('',*,*,#3424,.T.);
#3424 = EDGE_CURVE('',#3417,#2834,#3425,.T.);
#3425 = LINE('',#3426,#3427);
#3426 = CARTESIAN_POINT('',(4.4,0.8,-4.3));
#3427 = VECTOR('',#3428,1.);
#3428 = DIRECTION('',(0.,0.,-1.));
#3429 = ORIENTED_EDGE('',*,*,#2833,.T.);
#3430 = ORIENTED_EDGE('',*,*,#3431,.F.);
#3431 = EDGE_CURVE('',#3432,#2826,#3434,.T.);
#3432 = VERTEX_POINT('',#3433);
#3433 = CARTESIAN_POINT('',(4.4,1.47,-4.5));
#3434 = LINE('',#3435,#3436);
#3435 = CARTESIAN_POINT('',(4.4,1.47,-4.5));
#3436 = VECTOR('',#3437,1.);
#3437 = DIRECTION('',(0.,-1.172110456741E-16,1.));
#3438 = ORIENTED_EDGE('',*,*,#3439,.F.);
#3439 = EDGE_CURVE('',#3440,#3432,#3442,.T.);
#3440 = VERTEX_POINT('',#3441);
#3441 = CARTESIAN_POINT('',(4.4,0.1,-4.5));
#3442 = LINE('',#3443,#3444);
#3443 = CARTESIAN_POINT('',(4.4,1.47,-4.5));
#3444 = VECTOR('',#3445,1.);
#3445 = DIRECTION('',(0.,1.,0.));
#3446 = ORIENTED_EDGE('',*,*,#3447,.F.);
#3447 = EDGE_CURVE('',#3448,#3440,#3450,.T.);
#3448 = VERTEX_POINT('',#3449);
#3449 = CARTESIAN_POINT('',(4.4,0.1,-5.));
#3450 = LINE('',#3451,#3452);
#3451 = CARTESIAN_POINT('',(4.4,0.1,-4.5));
#3452 = VECTOR('',#3453,1.);
#3453 = DIRECTION('',(0.,-2.710505431214E-17,1.));
#3454 = ORIENTED_EDGE('',*,*,#3455,.F.);
#3455 = EDGE_CURVE('',#3456,#3448,#3458,.T.);
#3456 = VERTEX_POINT('',#3457);
#3457 = CARTESIAN_POINT('',(4.4,-1.E-01,-5.));
#3458 = LINE('',#3459,#3460);
#3459 = CARTESIAN_POINT('',(4.4,0.1,-5.));
#3460 = VECTOR('',#3461,1.);
#3461 = DIRECTION('',(0.,1.,0.));
#3462 = ORIENTED_EDGE('',*,*,#3463,.F.);
#3463 = EDGE_CURVE('',#3409,#3456,#3464,.T.);
#3464 = LINE('',#3465,#3466);
#3465 = CARTESIAN_POINT('',(4.4,-1.E-01,-5.));
#3466 = VECTOR('',#3467,1.);
#3467 = DIRECTION('',(0.,1.054085445472E-16,-1.));
#3468 = PLANE('',#3469);
#3469 = AXIS2_PLACEMENT_3D('',#3470,#3471,#3472);
#3470 = CARTESIAN_POINT('',(4.4,1.47,-3.66));
#3471 = DIRECTION('',(1.,0.,0.));
#3472 = DIRECTION('',(-0.,0.,1.));
#3473 = ADVANCED_FACE('',(#3474),#3492,.F.);
#3474 = FACE_BOUND('',#3475,.T.);
#3475 = EDGE_LOOP('',(#3476,#3477,#3478,#3486));
#3476 = ORIENTED_EDGE('',*,*,#3149,.T.);
#3477 = ORIENTED_EDGE('',*,*,#3049,.T.);
#3478 = ORIENTED_EDGE('',*,*,#3479,.F.);
#3479 = EDGE_CURVE('',#3480,#3042,#3482,.T.);
#3480 = VERTEX_POINT('',#3481);
#3481 = CARTESIAN_POINT('',(-2.4,1.47,-4.5));
#3482 = LINE('',#3483,#3484);
#3483 = CARTESIAN_POINT('',(-2.4,1.47,-4.5));
#3484 = VECTOR('',#3485,1.);
#3485 = DIRECTION('',(0.,-1.172110456741E-16,1.));
#3486 = ORIENTED_EDGE('',*,*,#3487,.T.);
#3487 = EDGE_CURVE('',#3480,#3150,#3488,.T.);
#3488 = LINE('',#3489,#3490);
#3489 = CARTESIAN_POINT('',(-2.4,1.47,-4.5));
#3490 = VECTOR('',#3491,1.);
#3491 = DIRECTION('',(-1.,0.,0.));
#3492 = PLANE('',#3493);
#3493 = AXIS2_PLACEMENT_3D('',#3494,#3495,#3496);
#3494 = CARTESIAN_POINT('',(-2.4,1.47,-4.5));
#3495 = DIRECTION('',(0.,-1.,-1.172110456741E-16));
#3496 = DIRECTION('',(0.,1.172110456741E-16,-1.));
#3497 = ADVANCED_FACE('',(#3498),#3523,.F.);
#3498 = FACE_BOUND('',#3499,.T.);
#3499 = EDGE_LOOP('',(#3500,#3510,#3516,#3517));
#3500 = ORIENTED_EDGE('',*,*,#3501,.T.);
#3501 = EDGE_CURVE('',#3502,#3504,#3506,.T.);
#3502 = VERTEX_POINT('',#3503);
#3503 = CARTESIAN_POINT('',(-0.6,0.8,-4.1));
#3504 = VERTEX_POINT('',#3505);
#3505 = CARTESIAN_POINT('',(-1.4,0.8,-4.1));
#3506 = LINE('',#3507,#3508);
#3507 = CARTESIAN_POINT('',(6.4,0.8,-4.1));
#3508 = VECTOR('',#3509,1.);
#3509 = DIRECTION('',(-1.,0.,0.));
#3510 = ORIENTED_EDGE('',*,*,#3511,.T.);
#3511 = EDGE_CURVE('',#3504,#3002,#3512,.T.);
#3512 = LINE('',#3513,#3514);
#3513 = CARTESIAN_POINT('',(-1.4,0.8,-4.3));
#3514 = VECTOR('',#3515,1.);
#3515 = DIRECTION('',(0.,0.,-1.));
#3516 = ORIENTED_EDGE('',*,*,#3001,.F.);
#3517 = ORIENTED_EDGE('',*,*,#3518,.F.);
#3518 = EDGE_CURVE('',#3502,#2994,#3519,.T.);
#3519 = LINE('',#3520,#3521);
#3520 = CARTESIAN_POINT('',(-0.6,0.8,-4.3));
#3521 = VECTOR('',#3522,1.);
#3522 = DIRECTION('',(0.,0.,-1.));
#3523 = PLANE('',#3524);
#3524 = AXIS2_PLACEMENT_3D('',#3525,#3526,#3527);
#3525 = CARTESIAN_POINT('',(6.4,0.8,-4.3));
#3526 = DIRECTION('',(0.,1.,0.));
#3527 = DIRECTION('',(0.,-0.,1.));
#3528 = ADVANCED_FACE('',(#3529),#3592,.F.);
#3529 = FACE_BOUND('',#3530,.T.);
#3530 = EDGE_LOOP('',(#3531,#3539,#3547,#3553,#3554,#3562,#3570,#3578,
    #3586));
#3531 = ORIENTED_EDGE('',*,*,#3532,.F.);
#3532 = EDGE_CURVE('',#3286,#3533,#3535,.T.);
#3533 = VERTEX_POINT('',#3534);
#3534 = CARTESIAN_POINT('',(1.4,-0.1,-4.1));
#3535 = LINE('',#3536,#3537);
#3536 = CARTESIAN_POINT('',(1.4,-0.1,-4.1));
#3537 = VECTOR('',#3538,1.);
#3538 = DIRECTION('',(0.,-1.,0.));
#3539 = ORIENTED_EDGE('',*,*,#3540,.T.);
#3540 = EDGE_CURVE('',#3286,#3541,#3543,.T.);
#3541 = VERTEX_POINT('',#3542);
#3542 = CARTESIAN_POINT('',(1.4,0.8,-4.1));
#3543 = LINE('',#3544,#3545);
#3544 = CARTESIAN_POINT('',(1.4,0.8,-4.1));
#3545 = VECTOR('',#3546,1.);
#3546 = DIRECTION('',(0.,1.,0.));
#3547 = ORIENTED_EDGE('',*,*,#3548,.T.);
#3548 = EDGE_CURVE('',#3541,#2930,#3549,.T.);
#3549 = LINE('',#3550,#3551);
#3550 = CARTESIAN_POINT('',(1.4,0.8,-4.3));
#3551 = VECTOR('',#3552,1.);
#3552 = DIRECTION('',(0.,0.,-1.));
#3553 = ORIENTED_EDGE('',*,*,#2929,.T.);
#3554 = ORIENTED_EDGE('',*,*,#3555,.F.);
#3555 = EDGE_CURVE('',#3556,#2922,#3558,.T.);
#3556 = VERTEX_POINT('',#3557);
#3557 = CARTESIAN_POINT('',(1.4,1.47,-4.5));
#3558 = LINE('',#3559,#3560);
#3559 = CARTESIAN_POINT('',(1.4,1.47,-4.5));
#3560 = VECTOR('',#3561,1.);
#3561 = DIRECTION('',(0.,-1.172110456741E-16,1.));
#3562 = ORIENTED_EDGE('',*,*,#3563,.F.);
#3563 = EDGE_CURVE('',#3564,#3556,#3566,.T.);
#3564 = VERTEX_POINT('',#3565);
#3565 = CARTESIAN_POINT('',(1.4,0.1,-4.5));
#3566 = LINE('',#3567,#3568);
#3567 = CARTESIAN_POINT('',(1.4,1.47,-4.5));
#3568 = VECTOR('',#3569,1.);
#3569 = DIRECTION('',(0.,1.,0.));
#3570 = ORIENTED_EDGE('',*,*,#3571,.F.);
#3571 = EDGE_CURVE('',#3572,#3564,#3574,.T.);
#3572 = VERTEX_POINT('',#3573);
#3573 = CARTESIAN_POINT('',(1.4,0.1,-5.));
#3574 = LINE('',#3575,#3576);
#3575 = CARTESIAN_POINT('',(1.4,0.1,-4.5));
#3576 = VECTOR('',#3577,1.);
#3577 = DIRECTION('',(0.,-2.710505431214E-17,1.));
#3578 = ORIENTED_EDGE('',*,*,#3579,.F.);
#3579 = EDGE_CURVE('',#3580,#3572,#3582,.T.);
#3580 = VERTEX_POINT('',#3581);
#3581 = CARTESIAN_POINT('',(1.4,-1.E-01,-5.));
#3582 = LINE('',#3583,#3584);
#3583 = CARTESIAN_POINT('',(1.4,0.1,-5.));
#3584 = VECTOR('',#3585,1.);
#3585 = DIRECTION('',(0.,1.,0.));
#3586 = ORIENTED_EDGE('',*,*,#3587,.F.);
#3587 = EDGE_CURVE('',#3533,#3580,#3588,.T.);
#3588 = LINE('',#3589,#3590);
#3589 = CARTESIAN_POINT('',(1.4,-1.E-01,-5.));
#3590 = VECTOR('',#3591,1.);
#3591 = DIRECTION('',(0.,1.054085445472E-16,-1.));
#3592 = PLANE('',#3593);
#3593 = AXIS2_PLACEMENT_3D('',#3594,#3595,#3596);
#3594 = CARTESIAN_POINT('',(1.4,1.47,-3.66));
#3595 = DIRECTION('',(1.,0.,0.));
#3596 = DIRECTION('',(-0.,0.,1.));
#3597 = ADVANCED_FACE('',(#3598),#3661,.T.);
#3598 = FACE_BOUND('',#3599,.T.);
#3599 = EDGE_LOOP('',(#3600,#3608,#3614,#3622,#3630,#3638,#3646,#3654,
    #3660));
#3600 = ORIENTED_EDGE('',*,*,#3601,.F.);
#3601 = EDGE_CURVE('',#3602,#2874,#3604,.T.);
#3602 = VERTEX_POINT('',#3603);
#3603 = CARTESIAN_POINT('',(2.6,0.8,-4.1));
#3604 = LINE('',#3605,#3606);
#3605 = CARTESIAN_POINT('',(2.6,0.8,-4.3));
#3606 = VECTOR('',#3607,1.);
#3607 = DIRECTION('',(0.,0.,-1.));
#3608 = ORIENTED_EDGE('',*,*,#3609,.T.);
#3609 = EDGE_CURVE('',#3602,#3310,#3610,.T.);
#3610 = LINE('',#3611,#3612);
#3611 = CARTESIAN_POINT('',(2.6,-0.1,-4.1));
#3612 = VECTOR('',#3613,1.);
#3613 = DIRECTION('',(0.,-1.,0.));
#3614 = ORIENTED_EDGE('',*,*,#3615,.T.);
#3615 = EDGE_CURVE('',#3310,#3616,#3618,.T.);
#3616 = VERTEX_POINT('',#3617);
#3617 = CARTESIAN_POINT('',(2.6,-0.1,-4.1));
#3618 = LINE('',#3619,#3620);
#3619 = CARTESIAN_POINT('',(2.6,-0.1,-4.1));
#3620 = VECTOR('',#3621,1.);
#3621 = DIRECTION('',(0.,-1.,0.));
#3622 = ORIENTED_EDGE('',*,*,#3623,.T.);
#3623 = EDGE_CURVE('',#3616,#3624,#3626,.T.);
#3624 = VERTEX_POINT('',#3625);
#3625 = CARTESIAN_POINT('',(2.6,-1.E-01,-5.));
#3626 = LINE('',#3627,#3628);
#3627 = CARTESIAN_POINT('',(2.6,-1.E-01,-5.));
#3628 = VECTOR('',#3629,1.);
#3629 = DIRECTION('',(0.,1.054085445472E-16,-1.));
#3630 = ORIENTED_EDGE('',*,*,#3631,.T.);
#3631 = EDGE_CURVE('',#3624,#3632,#3634,.T.);
#3632 = VERTEX_POINT('',#3633);
#3633 = CARTESIAN_POINT('',(2.6,0.1,-5.));
#3634 = LINE('',#3635,#3636);
#3635 = CARTESIAN_POINT('',(2.6,0.1,-5.));
#3636 = VECTOR('',#3637,1.);
#3637 = DIRECTION('',(0.,1.,0.));
#3638 = ORIENTED_EDGE('',*,*,#3639,.T.);
#3639 = EDGE_CURVE('',#3632,#3640,#3642,.T.);
#3640 = VERTEX_POINT('',#3641);
#3641 = CARTESIAN_POINT('',(2.6,0.1,-4.5));
#3642 = LINE('',#3643,#3644);
#3643 = CARTESIAN_POINT('',(2.6,0.1,-4.5));
#3644 = VECTOR('',#3645,1.);
#3645 = DIRECTION('',(0.,-2.710505431214E-17,1.));
#3646 = ORIENTED_EDGE('',*,*,#3647,.T.);
#3647 = EDGE_CURVE('',#3640,#3648,#3650,.T.);
#3648 = VERTEX_POINT('',#3649);
#3649 = CARTESIAN_POINT('',(2.6,1.47,-4.5));
#3650 = LINE('',#3651,#3652);
#3651 = CARTESIAN_POINT('',(2.6,1.47,-4.5));
#3652 = VECTOR('',#3653,1.);
#3653 = DIRECTION('',(0.,1.,0.));
#3654 = ORIENTED_EDGE('',*,*,#3655,.T.);
#3655 = EDGE_CURVE('',#3648,#2882,#3656,.T.);
#3656 = LINE('',#3657,#3658);
#3657 = CARTESIAN_POINT('',(2.6,1.47,-4.5));
#3658 = VECTOR('',#3659,1.);
#3659 = DIRECTION('',(0.,-1.172110456741E-16,1.));
#3660 = ORIENTED_EDGE('',*,*,#2881,.F.);
#3661 = PLANE('',#3662);
#3662 = AXIS2_PLACEMENT_3D('',#3663,#3664,#3665);
#3663 = CARTESIAN_POINT('',(2.6,1.47,-3.66));
#3664 = DIRECTION('',(1.,0.,0.));
#3665 = DIRECTION('',(-0.,0.,1.));
#3666 = ADVANCED_FACE('',(#3667),#3692,.F.);
#3667 = FACE_BOUND('',#3668,.T.);
#3668 = EDGE_LOOP('',(#3669,#3679,#3685,#3686));
#3669 = ORIENTED_EDGE('',*,*,#3670,.T.);
#3670 = EDGE_CURVE('',#3671,#3673,#3675,.T.);
#3671 = VERTEX_POINT('',#3672);
#3672 = CARTESIAN_POINT('',(6.4,0.8,-4.1));
#3673 = VERTEX_POINT('',#3674);
#3674 = CARTESIAN_POINT('',(4.6,0.8,-4.1));
#3675 = LINE('',#3676,#3677);
#3676 = CARTESIAN_POINT('',(6.4,0.8,-4.1));
#3677 = VECTOR('',#3678,1.);
#3678 = DIRECTION('',(-1.,0.,0.));
#3679 = ORIENTED_EDGE('',*,*,#3680,.T.);
#3680 = EDGE_CURVE('',#3673,#2810,#3681,.T.);
#3681 = LINE('',#3682,#3683);
#3682 = CARTESIAN_POINT('',(4.6,0.8,-4.3));
#3683 = VECTOR('',#3684,1.);
#3684 = DIRECTION('',(0.,0.,-1.));
#3685 = ORIENTED_EDGE('',*,*,#2809,.F.);
#3686 = ORIENTED_EDGE('',*,*,#3687,.F.);
#3687 = EDGE_CURVE('',#3671,#2802,#3688,.T.);
#3688 = LINE('',#3689,#3690);
#3689 = CARTESIAN_POINT('',(6.4,0.8,-4.3));
#3690 = VECTOR('',#3691,1.);
#3691 = DIRECTION('',(0.,0.,-1.));
#3692 = PLANE('',#3693);
#3693 = AXIS2_PLACEMENT_3D('',#3694,#3695,#3696);
#3694 = CARTESIAN_POINT('',(6.4,0.8,-4.3));
#3695 = DIRECTION('',(0.,1.,0.));
#3696 = DIRECTION('',(0.,-0.,1.));
#3697 = ADVANCED_FACE('',(#3698),#3761,.F.);
#3698 = FACE_BOUND('',#3699,.T.);
#3699 = EDGE_LOOP('',(#3700,#3708,#3716,#3722,#3723,#3731,#3739,#3747,
    #3755));
#3700 = ORIENTED_EDGE('',*,*,#3701,.F.);
#3701 = EDGE_CURVE('',#3302,#3702,#3704,.T.);
#3702 = VERTEX_POINT('',#3703);
#3703 = CARTESIAN_POINT('',(2.4,-0.1,-4.1));
#3704 = LINE('',#3705,#3706);
#3705 = CARTESIAN_POINT('',(2.4,-0.1,-4.1));
#3706 = VECTOR('',#3707,1.);
#3707 = DIRECTION('',(0.,-1.,0.));
#3708 = ORIENTED_EDGE('',*,*,#3709,.T.);
#3709 = EDGE_CURVE('',#3302,#3710,#3712,.T.);
#3710 = VERTEX_POINT('',#3711);
#3711 = CARTESIAN_POINT('',(2.4,0.8,-4.1));
#3712 = LINE('',#3713,#3714);
#3713 = CARTESIAN_POINT('',(2.4,0.8,-4.1));
#3714 = VECTOR('',#3715,1.);
#3715 = DIRECTION('',(0.,1.,0.));
#3716 = ORIENTED_EDGE('',*,*,#3717,.T.);
#3717 = EDGE_CURVE('',#3710,#2898,#3718,.T.);
#3718 = LINE('',#3719,#3720);
#3719 = CARTESIAN_POINT('',(2.4,0.8,-4.3));
#3720 = VECTOR('',#3721,1.);
#3721 = DIRECTION('',(0.,0.,-1.));
#3722 = ORIENTED_EDGE('',*,*,#2897,.T.);
#3723 = ORIENTED_EDGE('',*,*,#3724,.F.);
#3724 = EDGE_CURVE('',#3725,#2890,#3727,.T.);
#3725 = VERTEX_POINT('',#3726);
#3726 = CARTESIAN_POINT('',(2.4,1.47,-4.5));
#3727 = LINE('',#3728,#3729);
#3728 = CARTESIAN_POINT('',(2.4,1.47,-4.5));
#3729 = VECTOR('',#3730,1.);
#3730 = DIRECTION('',(0.,-1.172110456741E-16,1.));
#3731 = ORIENTED_EDGE('',*,*,#3732,.F.);
#3732 = EDGE_CURVE('',#3733,#3725,#3735,.T.);
#3733 = VERTEX_POINT('',#3734);
#3734 = CARTESIAN_POINT('',(2.4,0.1,-4.5));
#3735 = LINE('',#3736,#3737);
#3736 = CARTESIAN_POINT('',(2.4,1.47,-4.5));
#3737 = VECTOR('',#3738,1.);
#3738 = DIRECTION('',(0.,1.,0.));
#3739 = ORIENTED_EDGE('',*,*,#3740,.F.);
#3740 = EDGE_CURVE('',#3741,#3733,#3743,.T.);
#3741 = VERTEX_POINT('',#3742);
#3742 = CARTESIAN_POINT('',(2.4,0.1,-5.));
#3743 = LINE('',#3744,#3745);
#3744 = CARTESIAN_POINT('',(2.4,0.1,-4.5));
#3745 = VECTOR('',#3746,1.);
#3746 = DIRECTION('',(0.,-2.710505431214E-17,1.));
#3747 = ORIENTED_EDGE('',*,*,#3748,.F.);
#3748 = EDGE_CURVE('',#3749,#3741,#3751,.T.);
#3749 = VERTEX_POINT('',#3750);
#3750 = CARTESIAN_POINT('',(2.4,-1.E-01,-5.));
#3751 = LINE('',#3752,#3753);
#3752 = CARTESIAN_POINT('',(2.4,0.1,-5.));
#3753 = VECTOR('',#3754,1.);
#3754 = DIRECTION('',(0.,1.,0.));
#3755 = ORIENTED_EDGE('',*,*,#3756,.F.);
#3756 = EDGE_CURVE('',#3702,#3749,#3757,.T.);
#3757 = LINE('',#3758,#3759);
#3758 = CARTESIAN_POINT('',(2.4,-1.E-01,-5.));
#3759 = VECTOR('',#3760,1.);
#3760 = DIRECTION('',(0.,1.054085445472E-16,-1.));
#3761 = PLANE('',#3762);
#3762 = AXIS2_PLACEMENT_3D('',#3763,#3764,#3765);
#3763 = CARTESIAN_POINT('',(2.4,1.47,-3.66));
#3764 = DIRECTION('',(1.,0.,0.));
#3765 = DIRECTION('',(-0.,0.,1.));
#3766 = ADVANCED_FACE('',(#3767),#3830,.T.);
#3767 = FACE_BOUND('',#3768,.T.);
#3768 = EDGE_LOOP('',(#3769,#3777,#3783,#3791,#3799,#3807,#3815,#3823,
    #3829));
#3769 = ORIENTED_EDGE('',*,*,#3770,.F.);
#3770 = EDGE_CURVE('',#3771,#2842,#3773,.T.);
#3771 = VERTEX_POINT('',#3772);
#3772 = CARTESIAN_POINT('',(3.6,0.8,-4.1));
#3773 = LINE('',#3774,#3775);
#3774 = CARTESIAN_POINT('',(3.6,0.8,-4.3));
#3775 = VECTOR('',#3776,1.);
#3776 = DIRECTION('',(0.,0.,-1.));
#3777 = ORIENTED_EDGE('',*,*,#3778,.T.);
#3778 = EDGE_CURVE('',#3771,#3326,#3779,.T.);
#3779 = LINE('',#3780,#3781);
#3780 = CARTESIAN_POINT('',(3.6,-0.1,-4.1));
#3781 = VECTOR('',#3782,1.);
#3782 = DIRECTION('',(0.,-1.,0.));
#3783 = ORIENTED_EDGE('',*,*,#3784,.T.);
#3784 = EDGE_CURVE('',#3326,#3785,#3787,.T.);
#3785 = VERTEX_POINT('',#3786);
#3786 = CARTESIAN_POINT('',(3.6,-0.1,-4.1));
#3787 = LINE('',#3788,#3789);
#3788 = CARTESIAN_POINT('',(3.6,-0.1,-4.1));
#3789 = VECTOR('',#3790,1.);
#3790 = DIRECTION('',(0.,-1.,0.));
#3791 = ORIENTED_EDGE('',*,*,#3792,.T.);
#3792 = EDGE_CURVE('',#3785,#3793,#3795,.T.);
#3793 = VERTEX_POINT('',#3794);
#3794 = CARTESIAN_POINT('',(3.6,-1.E-01,-5.));
#3795 = LINE('',#3796,#3797);
#3796 = CARTESIAN_POINT('',(3.6,-1.E-01,-5.));
#3797 = VECTOR('',#3798,1.);
#3798 = DIRECTION('',(0.,1.054085445472E-16,-1.));
#3799 = ORIENTED_EDGE('',*,*,#3800,.T.);
#3800 = EDGE_CURVE('',#3793,#3801,#3803,.T.);
#3801 = VERTEX_POINT('',#3802);
#3802 = CARTESIAN_POINT('',(3.6,0.1,-5.));
#3803 = LINE('',#3804,#3805);
#3804 = CARTESIAN_POINT('',(3.6,0.1,-5.));
#3805 = VECTOR('',#3806,1.);
#3806 = DIRECTION('',(0.,1.,0.));
#3807 = ORIENTED_EDGE('',*,*,#3808,.T.);
#3808 = EDGE_CURVE('',#3801,#3809,#3811,.T.);
#3809 = VERTEX_POINT('',#3810);
#3810 = CARTESIAN_POINT('',(3.6,0.1,-4.5));
#3811 = LINE('',#3812,#3813);
#3812 = CARTESIAN_POINT('',(3.6,0.1,-4.5));
#3813 = VECTOR('',#3814,1.);
#3814 = DIRECTION('',(0.,-2.710505431214E-17,1.));
#3815 = ORIENTED_EDGE('',*,*,#3816,.T.);
#3816 = EDGE_CURVE('',#3809,#3817,#3819,.T.);
#3817 = VERTEX_POINT('',#3818);
#3818 = CARTESIAN_POINT('',(3.6,1.47,-4.5));
#3819 = LINE('',#3820,#3821);
#3820 = CARTESIAN_POINT('',(3.6,1.47,-4.5));
#3821 = VECTOR('',#3822,1.);
#3822 = DIRECTION('',(0.,1.,0.));
#3823 = ORIENTED_EDGE('',*,*,#3824,.T.);
#3824 = EDGE_CURVE('',#3817,#2850,#3825,.T.);
#3825 = LINE('',#3826,#3827);
#3826 = CARTESIAN_POINT('',(3.6,1.47,-4.5));
#3827 = VECTOR('',#3828,1.);
#3828 = DIRECTION('',(0.,-1.172110456741E-16,1.));
#3829 = ORIENTED_EDGE('',*,*,#2849,.F.);
#3830 = PLANE('',#3831);
#3831 = AXIS2_PLACEMENT_3D('',#3832,#3833,#3834);
#3832 = CARTESIAN_POINT('',(3.6,1.47,-3.66));
#3833 = DIRECTION('',(1.,0.,0.));
#3834 = DIRECTION('',(-0.,0.,1.));
#3835 = ADVANCED_FACE('',(#3836),#3886,.T.);
#3836 = FACE_BOUND('',#3837,.T.);
#3837 = EDGE_LOOP('',(#3838,#3848,#3856,#3862,#3863,#3864,#3872,#3880));
#3838 = ORIENTED_EDGE('',*,*,#3839,.F.);
#3839 = EDGE_CURVE('',#3840,#3842,#3844,.T.);
#3840 = VERTEX_POINT('',#3841);
#3841 = CARTESIAN_POINT('',(6.4,0.65,-1.8));
#3842 = VERTEX_POINT('',#3843);
#3843 = CARTESIAN_POINT('',(6.4,1.7,-1.8));
#3844 = LINE('',#3845,#3846);
#3845 = CARTESIAN_POINT('',(6.4,0.,-1.8));
#3846 = VECTOR('',#3847,1.);
#3847 = DIRECTION('',(0.,1.,0.));
#3848 = ORIENTED_EDGE('',*,*,#3849,.F.);
#3849 = EDGE_CURVE('',#3850,#3840,#3852,.T.);
#3850 = VERTEX_POINT('',#3851);
#3851 = CARTESIAN_POINT('',(6.4,0.65,-4.1));
#3852 = LINE('',#3853,#3854);
#3853 = CARTESIAN_POINT('',(6.4,0.65,-3.8));
#3854 = VECTOR('',#3855,1.);
#3855 = DIRECTION('',(0.,0.,1.));
#3856 = ORIENTED_EDGE('',*,*,#3857,.T.);
#3857 = EDGE_CURVE('',#3850,#3671,#3858,.T.);
#3858 = LINE('',#3859,#3860);
#3859 = CARTESIAN_POINT('',(6.4,0.8,-4.1));
#3860 = VECTOR('',#3861,1.);
#3861 = DIRECTION('',(0.,1.,0.));
#3862 = ORIENTED_EDGE('',*,*,#3687,.T.);
#3863 = ORIENTED_EDGE('',*,*,#2801,.T.);
#3864 = ORIENTED_EDGE('',*,*,#3865,.T.);
#3865 = EDGE_CURVE('',#2794,#3866,#3868,.T.);
#3866 = VERTEX_POINT('',#3867);
#3867 = CARTESIAN_POINT('',(6.4,1.5,-4.1));
#3868 = LINE('',#3869,#3870);
#3869 = CARTESIAN_POINT('',(6.4,1.5,-4.1));
#3870 = VECTOR('',#3871,1.);
#3871 = DIRECTION('',(0.,0.,1.));
#3872 = ORIENTED_EDGE('',*,*,#3873,.T.);
#3873 = EDGE_CURVE('',#3866,#3874,#3876,.T.);
#3874 = VERTEX_POINT('',#3875);
#3875 = CARTESIAN_POINT('',(6.4,1.7,-4.1));
#3876 = LINE('',#3877,#3878);
#3877 = CARTESIAN_POINT('',(6.4,1.7,-4.1));
#3878 = VECTOR('',#3879,1.);
#3879 = DIRECTION('',(0.,1.,0.));
#3880 = ORIENTED_EDGE('',*,*,#3881,.T.);
#3881 = EDGE_CURVE('',#3874,#3842,#3882,.T.);
#3882 = LINE('',#3883,#3884);
#3883 = CARTESIAN_POINT('',(6.4,1.7,0.));
#3884 = VECTOR('',#3885,1.);
#3885 = DIRECTION('',(0.,0.,1.));
#3886 = PLANE('',#3887);
#3887 = AXIS2_PLACEMENT_3D('',#3888,#3889,#3890);
#3888 = CARTESIAN_POINT('',(6.4,1.084202172485E-16,-3.8));
#3889 = DIRECTION('',(1.,0.,0.));
#3890 = DIRECTION('',(-0.,0.,1.));
#3891 = ADVANCED_FACE('',(#3892),#3949,.F.);
#3892 = FACE_BOUND('',#3893,.T.);
#3893 = EDGE_LOOP('',(#3894,#3904,#3912,#3920,#3926,#3927,#3935,#3943));
#3894 = ORIENTED_EDGE('',*,*,#3895,.T.);
#3895 = EDGE_CURVE('',#3896,#3898,#3900,.T.);
#3896 = VERTEX_POINT('',#3897);
#3897 = CARTESIAN_POINT('',(-6.4,0.65,-1.8));
#3898 = VERTEX_POINT('',#3899);
#3899 = CARTESIAN_POINT('',(-6.4,1.7,-1.8));
#3900 = LINE('',#3901,#3902);
#3901 = CARTESIAN_POINT('',(-6.4,-1.E-01,-1.8));
#3902 = VECTOR('',#3903,1.);
#3903 = DIRECTION('',(0.,1.,0.));
#3904 = ORIENTED_EDGE('',*,*,#3905,.F.);
#3905 = EDGE_CURVE('',#3906,#3898,#3908,.T.);
#3906 = VERTEX_POINT('',#3907);
#3907 = CARTESIAN_POINT('',(-6.4,1.7,-4.1));
#3908 = LINE('',#3909,#3910);
#3909 = CARTESIAN_POINT('',(-6.4,1.7,0.));
#3910 = VECTOR('',#3911,1.);
#3911 = DIRECTION('',(0.,0.,1.));
#3912 = ORIENTED_EDGE('',*,*,#3913,.F.);
#3913 = EDGE_CURVE('',#3914,#3906,#3916,.T.);
#3914 = VERTEX_POINT('',#3915);
#3915 = CARTESIAN_POINT('',(-6.4,1.5,-4.1));
#3916 = LINE('',#3917,#3918);
#3917 = CARTESIAN_POINT('',(-6.4,1.7,-4.1));
#3918 = VECTOR('',#3919,1.);
#3919 = DIRECTION('',(0.,1.,0.));
#3920 = ORIENTED_EDGE('',*,*,#3921,.F.);
#3921 = EDGE_CURVE('',#2786,#3914,#3922,.T.);
#3922 = LINE('',#3923,#3924);
#3923 = CARTESIAN_POINT('',(-6.4,1.5,-4.1));
#3924 = VECTOR('',#3925,1.);
#3925 = DIRECTION('',(0.,0.,1.));
#3926 = ORIENTED_EDGE('',*,*,#2785,.F.);
#3927 = ORIENTED_EDGE('',*,*,#3928,.F.);
#3928 = EDGE_CURVE('',#3929,#2778,#3931,.T.);
#3929 = VERTEX_POINT('',#3930);
#3930 = CARTESIAN_POINT('',(-6.4,0.8,-4.1));
#3931 = LINE('',#3932,#3933);
#3932 = CARTESIAN_POINT('',(-6.4,0.8,-4.3));
#3933 = VECTOR('',#3934,1.);
#3934 = DIRECTION('',(0.,0.,-1.));
#3935 = ORIENTED_EDGE('',*,*,#3936,.F.);
#3936 = EDGE_CURVE('',#3937,#3929,#3939,.T.);
#3937 = VERTEX_POINT('',#3938);
#3938 = CARTESIAN_POINT('',(-6.4,0.65,-4.1));
#3939 = LINE('',#3940,#3941);
#3940 = CARTESIAN_POINT('',(-6.4,0.8,-4.1));
#3941 = VECTOR('',#3942,1.);
#3942 = DIRECTION('',(0.,1.,0.));
#3943 = ORIENTED_EDGE('',*,*,#3944,.F.);
#3944 = EDGE_CURVE('',#3896,#3937,#3945,.T.);
#3945 = LINE('',#3946,#3947);
#3946 = CARTESIAN_POINT('',(-6.4,0.65,-3.8));
#3947 = VECTOR('',#3948,1.);
#3948 = DIRECTION('',(0.,0.,-1.));
#3949 = PLANE('',#3950);
#3950 = AXIS2_PLACEMENT_3D('',#3951,#3952,#3953);
#3951 = CARTESIAN_POINT('',(-6.4,1.084202172485E-16,-3.8));
#3952 = DIRECTION('',(1.,0.,0.));
#3953 = DIRECTION('',(-0.,0.,1.));
#3954 = ADVANCED_FACE('',(#3955),#3973,.F.);
#3955 = FACE_BOUND('',#3956,.T.);
#3956 = EDGE_LOOP('',(#3957,#3965,#3971,#3972));
#3957 = ORIENTED_EDGE('',*,*,#3958,.T.);
#3958 = EDGE_CURVE('',#3541,#3959,#3961,.T.);
#3959 = VERTEX_POINT('',#3960);
#3960 = CARTESIAN_POINT('',(0.6,0.8,-4.1));
#3961 = LINE('',#3962,#3963);
#3962 = CARTESIAN_POINT('',(6.4,0.8,-4.1));
#3963 = VECTOR('',#3964,1.);
#3964 = DIRECTION('',(-1.,0.,0.));
#3965 = ORIENTED_EDGE('',*,*,#3966,.T.);
#3966 = EDGE_CURVE('',#3959,#2938,#3967,.T.);
#3967 = LINE('',#3968,#3969);
#3968 = CARTESIAN_POINT('',(0.6,0.8,-4.3));
#3969 = VECTOR('',#3970,1.);
#3970 = DIRECTION('',(0.,0.,-1.));
#3971 = ORIENTED_EDGE('',*,*,#2937,.F.);
#3972 = ORIENTED_EDGE('',*,*,#3548,.F.);
#3973 = PLANE('',#3974);
#3974 = AXIS2_PLACEMENT_3D('',#3975,#3976,#3977);
#3975 = CARTESIAN_POINT('',(6.4,0.8,-4.3));
#3976 = DIRECTION('',(0.,1.,0.));
#3977 = DIRECTION('',(0.,-0.,1.));
#3978 = ADVANCED_FACE('',(#3979),#3997,.F.);
#3979 = FACE_BOUND('',#3980,.T.);
#3980 = EDGE_LOOP('',(#3981,#3989,#3995,#3996));
#3981 = ORIENTED_EDGE('',*,*,#3982,.T.);
#3982 = EDGE_CURVE('',#3381,#3983,#3985,.T.);
#3983 = VERTEX_POINT('',#3984);
#3984 = CARTESIAN_POINT('',(-4.4,0.8,-4.1));
#3985 = LINE('',#3986,#3987);
#3986 = CARTESIAN_POINT('',(6.4,0.8,-4.1));
#3987 = VECTOR('',#3988,1.);
#3988 = DIRECTION('',(-1.,0.,0.));
#3989 = ORIENTED_EDGE('',*,*,#3990,.T.);
#3990 = EDGE_CURVE('',#3983,#2746,#3991,.T.);
#3991 = LINE('',#3992,#3993);
#3992 = CARTESIAN_POINT('',(-4.4,0.8,-4.3));
#3993 = VECTOR('',#3994,1.);
#3994 = DIRECTION('',(0.,0.,-1.));
#3995 = ORIENTED_EDGE('',*,*,#2743,.F.);
#3996 = ORIENTED_EDGE('',*,*,#3388,.F.);
#3997 = PLANE('',#3998);
#3998 = AXIS2_PLACEMENT_3D('',#3999,#4000,#4001);
#3999 = CARTESIAN_POINT('',(6.4,0.8,-4.3));
#4000 = DIRECTION('',(0.,1.,0.));
#4001 = DIRECTION('',(0.,-0.,1.));
#4002 = ADVANCED_FACE('',(#4003),#4021,.F.);
#4003 = FACE_BOUND('',#4004,.T.);
#4004 = EDGE_LOOP('',(#4005,#4013,#4019,#4020));
#4005 = ORIENTED_EDGE('',*,*,#4006,.T.);
#4006 = EDGE_CURVE('',#3710,#4007,#4009,.T.);
#4007 = VERTEX_POINT('',#4008);
#4008 = CARTESIAN_POINT('',(1.6,0.8,-4.1));
#4009 = LINE('',#4010,#4011);
#4010 = CARTESIAN_POINT('',(6.4,0.8,-4.1));
#4011 = VECTOR('',#4012,1.);
#4012 = DIRECTION('',(-1.,0.,0.));
#4013 = ORIENTED_EDGE('',*,*,#4014,.T.);
#4014 = EDGE_CURVE('',#4007,#2906,#4015,.T.);
#4015 = LINE('',#4016,#4017);
#4016 = CARTESIAN_POINT('',(1.6,0.8,-4.3));
#4017 = VECTOR('',#4018,1.);
#4018 = DIRECTION('',(0.,0.,-1.));
#4019 = ORIENTED_EDGE('',*,*,#2905,.F.);
#4020 = ORIENTED_EDGE('',*,*,#3717,.F.);
#4021 = PLANE('',#4022);
#4022 = AXIS2_PLACEMENT_3D('',#4023,#4024,#4025);
#4023 = CARTESIAN_POINT('',(6.4,0.8,-4.3));
#4024 = DIRECTION('',(0.,1.,0.));
#4025 = DIRECTION('',(0.,-0.,1.));
#4026 = ADVANCED_FACE('',(#4027),#4083,.T.);
#4027 = FACE_BOUND('',#4028,.T.);
#4028 = EDGE_LOOP('',(#4029,#4030,#4036,#4044,#4052,#4060,#4068,#4076,
    #4082));
#4029 = ORIENTED_EDGE('',*,*,#3511,.F.);
#4030 = ORIENTED_EDGE('',*,*,#4031,.T.);
#4031 = EDGE_CURVE('',#3504,#3246,#4032,.T.);
#4032 = LINE('',#4033,#4034);
#4033 = CARTESIAN_POINT('',(-1.4,-0.1,-4.1));
#4034 = VECTOR('',#4035,1.);
#4035 = DIRECTION('',(0.,-1.,0.));
#4036 = ORIENTED_EDGE('',*,*,#4037,.T.);
#4037 = EDGE_CURVE('',#3246,#4038,#4040,.T.);
#4038 = VERTEX_POINT('',#4039);
#4039 = CARTESIAN_POINT('',(-1.4,-0.1,-4.1));
#4040 = LINE('',#4041,#4042);
#4041 = CARTESIAN_POINT('',(-1.4,-0.1,-4.1));
#4042 = VECTOR('',#4043,1.);
#4043 = DIRECTION('',(0.,-1.,0.));
#4044 = ORIENTED_EDGE('',*,*,#4045,.T.);
#4045 = EDGE_CURVE('',#4038,#4046,#4048,.T.);
#4046 = VERTEX_POINT('',#4047);
#4047 = CARTESIAN_POINT('',(-1.4,-1.E-01,-5.));
#4048 = LINE('',#4049,#4050);
#4049 = CARTESIAN_POINT('',(-1.4,-1.E-01,-5.));
#4050 = VECTOR('',#4051,1.);
#4051 = DIRECTION('',(0.,1.054085445472E-16,-1.));
#4052 = ORIENTED_EDGE('',*,*,#4053,.T.);
#4053 = EDGE_CURVE('',#4046,#4054,#4056,.T.);
#4054 = VERTEX_POINT('',#4055);
#4055 = CARTESIAN_POINT('',(-1.4,0.1,-5.));
#4056 = LINE('',#4057,#4058);
#4057 = CARTESIAN_POINT('',(-1.4,0.1,-5.));
#4058 = VECTOR('',#4059,1.);
#4059 = DIRECTION('',(0.,1.,0.));
#4060 = ORIENTED_EDGE('',*,*,#4061,.T.);
#4061 = EDGE_CURVE('',#4054,#4062,#4064,.T.);
#4062 = VERTEX_POINT('',#4063);
#4063 = CARTESIAN_POINT('',(-1.4,0.1,-4.5));
#4064 = LINE('',#4065,#4066);
#4065 = CARTESIAN_POINT('',(-1.4,0.1,-4.5));
#4066 = VECTOR('',#4067,1.);
#4067 = DIRECTION('',(0.,-2.710505431214E-17,1.));
#4068 = ORIENTED_EDGE('',*,*,#4069,.T.);
#4069 = EDGE_CURVE('',#4062,#4070,#4072,.T.);
#4070 = VERTEX_POINT('',#4071);
#4071 = CARTESIAN_POINT('',(-1.4,1.47,-4.5));
#4072 = LINE('',#4073,#4074);
#4073 = CARTESIAN_POINT('',(-1.4,1.47,-4.5));
#4074 = VECTOR('',#4075,1.);
#4075 = DIRECTION('',(0.,1.,0.));
#4076 = ORIENTED_EDGE('',*,*,#4077,.T.);
#4077 = EDGE_CURVE('',#4070,#3010,#4078,.T.);
#4078 = LINE('',#4079,#4080);
#4079 = CARTESIAN_POINT('',(-1.4,1.47,-4.5));
#4080 = VECTOR('',#4081,1.);
#4081 = DIRECTION('',(0.,-1.172110456741E-16,1.));
#4082 = ORIENTED_EDGE('',*,*,#3009,.F.);
#4083 = PLANE('',#4084);
#4084 = AXIS2_PLACEMENT_3D('',#4085,#4086,#4087);
#4085 = CARTESIAN_POINT('',(-1.4,1.47,-3.66));
#4086 = DIRECTION('',(1.,0.,0.));
#4087 = DIRECTION('',(-0.,0.,1.));
#4088 = ADVANCED_FACE('',(#4089),#4152,.F.);
#4089 = FACE_BOUND('',#4090,.T.);
#4090 = EDGE_LOOP('',(#4091,#4099,#4107,#4113,#4114,#4122,#4130,#4138,
    #4146));
#4091 = ORIENTED_EDGE('',*,*,#4092,.F.);
#4092 = EDGE_CURVE('',#3318,#4093,#4095,.T.);
#4093 = VERTEX_POINT('',#4094);
#4094 = CARTESIAN_POINT('',(3.4,-0.1,-4.1));
#4095 = LINE('',#4096,#4097);
#4096 = CARTESIAN_POINT('',(3.4,-0.1,-4.1));
#4097 = VECTOR('',#4098,1.);
#4098 = DIRECTION('',(0.,-1.,0.));
#4099 = ORIENTED_EDGE('',*,*,#4100,.T.);
#4100 = EDGE_CURVE('',#3318,#4101,#4103,.T.);
#4101 = VERTEX_POINT('',#4102);
#4102 = CARTESIAN_POINT('',(3.4,0.8,-4.1));
#4103 = LINE('',#4104,#4105);
#4104 = CARTESIAN_POINT('',(3.4,0.8,-4.1));
#4105 = VECTOR('',#4106,1.);
#4106 = DIRECTION('',(0.,1.,0.));
#4107 = ORIENTED_EDGE('',*,*,#4108,.T.);
#4108 = EDGE_CURVE('',#4101,#2866,#4109,.T.);
#4109 = LINE('',#4110,#4111);
#4110 = CARTESIAN_POINT('',(3.4,0.8,-4.3));
#4111 = VECTOR('',#4112,1.);
#4112 = DIRECTION('',(0.,0.,-1.));
#4113 = ORIENTED_EDGE('',*,*,#2865,.T.);
#4114 = ORIENTED_EDGE('',*,*,#4115,.F.);
#4115 = EDGE_CURVE('',#4116,#2858,#4118,.T.);
#4116 = VERTEX_POINT('',#4117);
#4117 = CARTESIAN_POINT('',(3.4,1.47,-4.5));
#4118 = LINE('',#4119,#4120);
#4119 = CARTESIAN_POINT('',(3.4,1.47,-4.5));
#4120 = VECTOR('',#4121,1.);
#4121 = DIRECTION('',(0.,-1.172110456741E-16,1.));
#4122 = ORIENTED_EDGE('',*,*,#4123,.F.);
#4123 = EDGE_CURVE('',#4124,#4116,#4126,.T.);
#4124 = VERTEX_POINT('',#4125);
#4125 = CARTESIAN_POINT('',(3.4,0.1,-4.5));
#4126 = LINE('',#4127,#4128);
#4127 = CARTESIAN_POINT('',(3.4,1.47,-4.5));
#4128 = VECTOR('',#4129,1.);
#4129 = DIRECTION('',(0.,1.,0.));
#4130 = ORIENTED_EDGE('',*,*,#4131,.F.);
#4131 = EDGE_CURVE('',#4132,#4124,#4134,.T.);
#4132 = VERTEX_POINT('',#4133);
#4133 = CARTESIAN_POINT('',(3.4,0.1,-5.));
#4134 = LINE('',#4135,#4136);
#4135 = CARTESIAN_POINT('',(3.4,0.1,-4.5));
#4136 = VECTOR('',#4137,1.);
#4137 = DIRECTION('',(0.,-2.710505431214E-17,1.));
#4138 = ORIENTED_EDGE('',*,*,#4139,.F.);
#4139 = EDGE_CURVE('',#4140,#4132,#4142,.T.);
#4140 = VERTEX_POINT('',#4141);
#4141 = CARTESIAN_POINT('',(3.4,-1.E-01,-5.));
#4142 = LINE('',#4143,#4144);
#4143 = CARTESIAN_POINT('',(3.4,0.1,-5.));
#4144 = VECTOR('',#4145,1.);
#4145 = DIRECTION('',(0.,1.,0.));
#4146 = ORIENTED_EDGE('',*,*,#4147,.F.);
#4147 = EDGE_CURVE('',#4093,#4140,#4148,.T.);
#4148 = LINE('',#4149,#4150);
#4149 = CARTESIAN_POINT('',(3.4,-1.E-01,-5.));
#4150 = VECTOR('',#4151,1.);
#4151 = DIRECTION('',(0.,1.054085445472E-16,-1.));
#4152 = PLANE('',#4153);
#4153 = AXIS2_PLACEMENT_3D('',#4154,#4155,#4156);
#4154 = CARTESIAN_POINT('',(3.4,1.47,-3.66));
#4155 = DIRECTION('',(1.,0.,0.));
#4156 = DIRECTION('',(-0.,0.,1.));
#4157 = ADVANCED_FACE('',(#4158),#4183,.F.);
#4158 = FACE_BOUND('',#4159,.T.);
#4159 = EDGE_LOOP('',(#4160,#4168,#4169,#4177));
#4160 = ORIENTED_EDGE('',*,*,#4161,.T.);
#4161 = EDGE_CURVE('',#4162,#2762,#4164,.T.);
#4162 = VERTEX_POINT('',#4163);
#4163 = CARTESIAN_POINT('',(-4.6,1.47,-4.5));
#4164 = LINE('',#4165,#4166);
#4165 = CARTESIAN_POINT('',(-4.6,1.47,-4.5));
#4166 = VECTOR('',#4167,1.);
#4167 = DIRECTION('',(0.,-1.172110456741E-16,1.));
#4168 = ORIENTED_EDGE('',*,*,#2761,.T.);
#4169 = ORIENTED_EDGE('',*,*,#4170,.F.);
#4170 = EDGE_CURVE('',#4171,#2754,#4173,.T.);
#4171 = VERTEX_POINT('',#4172);
#4172 = CARTESIAN_POINT('',(-4.4,1.47,-4.5));
#4173 = LINE('',#4174,#4175);
#4174 = CARTESIAN_POINT('',(-4.4,1.47,-4.5));
#4175 = VECTOR('',#4176,1.);
#4176 = DIRECTION('',(0.,-1.172110456741E-16,1.));
#4177 = ORIENTED_EDGE('',*,*,#4178,.T.);
#4178 = EDGE_CURVE('',#4171,#4162,#4179,.T.);
#4179 = LINE('',#4180,#4181);
#4180 = CARTESIAN_POINT('',(-4.4,1.47,-4.5));
#4181 = VECTOR('',#4182,1.);
#4182 = DIRECTION('',(-1.,0.,0.));
#4183 = PLANE('',#4184);
#4184 = AXIS2_PLACEMENT_3D('',#4185,#4186,#4187);
#4185 = CARTESIAN_POINT('',(-4.4,1.47,-4.5));
#4186 = DIRECTION('',(0.,-1.,-1.172110456741E-16));
#4187 = DIRECTION('',(0.,1.172110456741E-16,-1.));
#4188 = ADVANCED_FACE('',(#4189),#4245,.T.);
#4189 = FACE_BOUND('',#4190,.T.);
#4190 = EDGE_LOOP('',(#4191,#4199,#4205,#4213,#4221,#4229,#4237,#4243,
    #4244));
#4191 = ORIENTED_EDGE('',*,*,#4192,.F.);
#4192 = EDGE_CURVE('',#4193,#3034,#4195,.T.);
#4193 = VERTEX_POINT('',#4194);
#4194 = CARTESIAN_POINT('',(-2.4,0.8,-4.1));
#4195 = LINE('',#4196,#4197);
#4196 = CARTESIAN_POINT('',(-2.4,0.8,-4.3));
#4197 = VECTOR('',#4198,1.);
#4198 = DIRECTION('',(0.,0.,-1.));
#4199 = ORIENTED_EDGE('',*,*,#4200,.T.);
#4200 = EDGE_CURVE('',#4193,#3230,#4201,.T.);
#4201 = LINE('',#4202,#4203);
#4202 = CARTESIAN_POINT('',(-2.4,-0.1,-4.1));
#4203 = VECTOR('',#4204,1.);
#4204 = DIRECTION('',(0.,-1.,0.));
#4205 = ORIENTED_EDGE('',*,*,#4206,.T.);
#4206 = EDGE_CURVE('',#3230,#4207,#4209,.T.);
#4207 = VERTEX_POINT('',#4208);
#4208 = CARTESIAN_POINT('',(-2.4,-0.1,-4.1));
#4209 = LINE('',#4210,#4211);
#4210 = CARTESIAN_POINT('',(-2.4,-0.1,-4.1));
#4211 = VECTOR('',#4212,1.);
#4212 = DIRECTION('',(0.,-1.,0.));
#4213 = ORIENTED_EDGE('',*,*,#4214,.T.);
#4214 = EDGE_CURVE('',#4207,#4215,#4217,.T.);
#4215 = VERTEX_POINT('',#4216);
#4216 = CARTESIAN_POINT('',(-2.4,-1.E-01,-5.));
#4217 = LINE('',#4218,#4219);
#4218 = CARTESIAN_POINT('',(-2.4,-1.E-01,-5.));
#4219 = VECTOR('',#4220,1.);
#4220 = DIRECTION('',(0.,1.054085445472E-16,-1.));
#4221 = ORIENTED_EDGE('',*,*,#4222,.T.);
#4222 = EDGE_CURVE('',#4215,#4223,#4225,.T.);
#4223 = VERTEX_POINT('',#4224);
#4224 = CARTESIAN_POINT('',(-2.4,0.1,-5.));
#4225 = LINE('',#4226,#4227);
#4226 = CARTESIAN_POINT('',(-2.4,0.1,-5.));
#4227 = VECTOR('',#4228,1.);
#4228 = DIRECTION('',(0.,1.,0.));
#4229 = ORIENTED_EDGE('',*,*,#4230,.T.);
#4230 = EDGE_CURVE('',#4223,#4231,#4233,.T.);
#4231 = VERTEX_POINT('',#4232);
#4232 = CARTESIAN_POINT('',(-2.4,0.1,-4.5));
#4233 = LINE('',#4234,#4235);
#4234 = CARTESIAN_POINT('',(-2.4,0.1,-4.5));
#4235 = VECTOR('',#4236,1.);
#4236 = DIRECTION('',(0.,-2.710505431214E-17,1.));
#4237 = ORIENTED_EDGE('',*,*,#4238,.T.);
#4238 = EDGE_CURVE('',#4231,#3480,#4239,.T.);
#4239 = LINE('',#4240,#4241);
#4240 = CARTESIAN_POINT('',(-2.4,1.47,-4.5));
#4241 = VECTOR('',#4242,1.);
#4242 = DIRECTION('',(0.,1.,0.));
#4243 = ORIENTED_EDGE('',*,*,#3479,.T.);
#4244 = ORIENTED_EDGE('',*,*,#3041,.F.);
#4245 = PLANE('',#4246);
#4246 = AXIS2_PLACEMENT_3D('',#4247,#4248,#4249);
#4247 = CARTESIAN_POINT('',(-2.4,1.47,-3.66));
#4248 = DIRECTION('',(1.,0.,0.));
#4249 = DIRECTION('',(-0.,0.,1.));
#4250 = ADVANCED_FACE('',(#4251),#4262,.F.);
#4251 = FACE_BOUND('',#4252,.T.);
#4252 = EDGE_LOOP('',(#4253,#4259,#4260,#4261));
#4253 = ORIENTED_EDGE('',*,*,#4254,.T.);
#4254 = EDGE_CURVE('',#4101,#3602,#4255,.T.);
#4255 = LINE('',#4256,#4257);
#4256 = CARTESIAN_POINT('',(6.4,0.8,-4.1));
#4257 = VECTOR('',#4258,1.);
#4258 = DIRECTION('',(-1.,0.,0.));
#4259 = ORIENTED_EDGE('',*,*,#3601,.T.);
#4260 = ORIENTED_EDGE('',*,*,#2873,.F.);
#4261 = ORIENTED_EDGE('',*,*,#4108,.F.);
#4262 = PLANE('',#4263);
#4263 = AXIS2_PLACEMENT_3D('',#4264,#4265,#4266);
#4264 = CARTESIAN_POINT('',(6.4,0.8,-4.3));
#4265 = DIRECTION('',(0.,1.,0.));
#4266 = DIRECTION('',(0.,-0.,1.));
#4267 = ADVANCED_FACE('',(#4268),#4317,.T.);
#4268 = FACE_BOUND('',#4269,.T.);
#4269 = EDGE_LOOP('',(#4270,#4271,#4277,#4285,#4293,#4301,#4309,#4315,
    #4316));
#4270 = ORIENTED_EDGE('',*,*,#3990,.F.);
#4271 = ORIENTED_EDGE('',*,*,#4272,.T.);
#4272 = EDGE_CURVE('',#3983,#3214,#4273,.T.);
#4273 = LINE('',#4274,#4275);
#4274 = CARTESIAN_POINT('',(-4.4,-0.1,-4.1));
#4275 = VECTOR('',#4276,1.);
#4276 = DIRECTION('',(0.,-1.,0.));
#4277 = ORIENTED_EDGE('',*,*,#4278,.T.);
#4278 = EDGE_CURVE('',#3214,#4279,#4281,.T.);
#4279 = VERTEX_POINT('',#4280);
#4280 = CARTESIAN_POINT('',(-4.4,-0.1,-4.1));
#4281 = LINE('',#4282,#4283);
#4282 = CARTESIAN_POINT('',(-4.4,-0.1,-4.1));
#4283 = VECTOR('',#4284,1.);
#4284 = DIRECTION('',(0.,-1.,0.));
#4285 = ORIENTED_EDGE('',*,*,#4286,.T.);
#4286 = EDGE_CURVE('',#4279,#4287,#4289,.T.);
#4287 = VERTEX_POINT('',#4288);
#4288 = CARTESIAN_POINT('',(-4.4,-1.E-01,-5.));
#4289 = LINE('',#4290,#4291);
#4290 = CARTESIAN_POINT('',(-4.4,-1.E-01,-5.));
#4291 = VECTOR('',#4292,1.);
#4292 = DIRECTION('',(0.,1.054085445472E-16,-1.));
#4293 = ORIENTED_EDGE('',*,*,#4294,.T.);
#4294 = EDGE_CURVE('',#4287,#4295,#4297,.T.);
#4295 = VERTEX_POINT('',#4296);
#4296 = CARTESIAN_POINT('',(-4.4,0.1,-5.));
#4297 = LINE('',#4298,#4299);
#4298 = CARTESIAN_POINT('',(-4.4,0.1,-5.));
#4299 = VECTOR('',#4300,1.);
#4300 = DIRECTION('',(0.,1.,0.));
#4301 = ORIENTED_EDGE('',*,*,#4302,.T.);
#4302 = EDGE_CURVE('',#4295,#4303,#4305,.T.);
#4303 = VERTEX_POINT('',#4304);
#4304 = CARTESIAN_POINT('',(-4.4,0.1,-4.5));
#4305 = LINE('',#4306,#4307);
#4306 = CARTESIAN_POINT('',(-4.4,0.1,-4.5));
#4307 = VECTOR('',#4308,1.);
#4308 = DIRECTION('',(0.,-2.710505431214E-17,1.));
#4309 = ORIENTED_EDGE('',*,*,#4310,.T.);
#4310 = EDGE_CURVE('',#4303,#4171,#4311,.T.);
#4311 = LINE('',#4312,#4313);
#4312 = CARTESIAN_POINT('',(-4.4,1.47,-4.5));
#4313 = VECTOR('',#4314,1.);
#4314 = DIRECTION('',(0.,1.,0.));
#4315 = ORIENTED_EDGE('',*,*,#4170,.T.);
#4316 = ORIENTED_EDGE('',*,*,#2753,.F.);
#4317 = PLANE('',#4318);
#4318 = AXIS2_PLACEMENT_3D('',#4319,#4320,#4321);
#4319 = CARTESIAN_POINT('',(-4.4,1.47,-3.66));
#4320 = DIRECTION('',(1.,0.,0.));
#4321 = DIRECTION('',(-0.,0.,1.));
#4322 = ADVANCED_FACE('',(#4323),#4386,.T.);
#4323 = FACE_BOUND('',#4324,.T.);
#4324 = EDGE_LOOP('',(#4325,#4333,#4339,#4347,#4355,#4363,#4371,#4379,
    #4385));
#4325 = ORIENTED_EDGE('',*,*,#4326,.F.);
#4326 = EDGE_CURVE('',#4327,#2970,#4329,.T.);
#4327 = VERTEX_POINT('',#4328);
#4328 = CARTESIAN_POINT('',(-0.4,0.8,-4.1));
#4329 = LINE('',#4330,#4331);
#4330 = CARTESIAN_POINT('',(-0.4,0.8,-4.3));
#4331 = VECTOR('',#4332,1.);
#4332 = DIRECTION('',(0.,0.,-1.));
#4333 = ORIENTED_EDGE('',*,*,#4334,.T.);
#4334 = EDGE_CURVE('',#4327,#3262,#4335,.T.);
#4335 = LINE('',#4336,#4337);
#4336 = CARTESIAN_POINT('',(-0.4,-0.1,-4.1));
#4337 = VECTOR('',#4338,1.);
#4338 = DIRECTION('',(0.,-1.,0.));
#4339 = ORIENTED_EDGE('',*,*,#4340,.T.);
#4340 = EDGE_CURVE('',#3262,#4341,#4343,.T.);
#4341 = VERTEX_POINT('',#4342);
#4342 = CARTESIAN_POINT('',(-0.4,-0.1,-4.1));
#4343 = LINE('',#4344,#4345);
#4344 = CARTESIAN_POINT('',(-0.4,-0.1,-4.1));
#4345 = VECTOR('',#4346,1.);
#4346 = DIRECTION('',(0.,-1.,0.));
#4347 = ORIENTED_EDGE('',*,*,#4348,.T.);
#4348 = EDGE_CURVE('',#4341,#4349,#4351,.T.);
#4349 = VERTEX_POINT('',#4350);
#4350 = CARTESIAN_POINT('',(-0.4,-1.E-01,-5.));
#4351 = LINE('',#4352,#4353);
#4352 = CARTESIAN_POINT('',(-0.4,-1.E-01,-5.));
#4353 = VECTOR('',#4354,1.);
#4354 = DIRECTION('',(0.,1.054085445472E-16,-1.));
#4355 = ORIENTED_EDGE('',*,*,#4356,.T.);
#4356 = EDGE_CURVE('',#4349,#4357,#4359,.T.);
#4357 = VERTEX_POINT('',#4358);
#4358 = CARTESIAN_POINT('',(-0.4,0.1,-5.));
#4359 = LINE('',#4360,#4361);
#4360 = CARTESIAN_POINT('',(-0.4,0.1,-5.));
#4361 = VECTOR('',#4362,1.);
#4362 = DIRECTION('',(0.,1.,0.));
#4363 = ORIENTED_EDGE('',*,*,#4364,.T.);
#4364 = EDGE_CURVE('',#4357,#4365,#4367,.T.);
#4365 = VERTEX_POINT('',#4366);
#4366 = CARTESIAN_POINT('',(-0.4,0.1,-4.5));
#4367 = LINE('',#4368,#4369);
#4368 = CARTESIAN_POINT('',(-0.4,0.1,-4.5));
#4369 = VECTOR('',#4370,1.);
#4370 = DIRECTION('',(0.,-2.710505431214E-17,1.));
#4371 = ORIENTED_EDGE('',*,*,#4372,.T.);
#4372 = EDGE_CURVE('',#4365,#4373,#4375,.T.);
#4373 = VERTEX_POINT('',#4374);
#4374 = CARTESIAN_POINT('',(-0.4,1.47,-4.5));
#4375 = LINE('',#4376,#4377);
#4376 = CARTESIAN_POINT('',(-0.4,1.47,-4.5));
#4377 = VECTOR('',#4378,1.);
#4378 = DIRECTION('',(0.,1.,0.));
#4379 = ORIENTED_EDGE('',*,*,#4380,.T.);
#4380 = EDGE_CURVE('',#4373,#2978,#4381,.T.);
#4381 = LINE('',#4382,#4383);
#4382 = CARTESIAN_POINT('',(-0.4,1.47,-4.5));
#4383 = VECTOR('',#4384,1.);
#4384 = DIRECTION('',(0.,-1.172110456741E-16,1.));
#4385 = ORIENTED_EDGE('',*,*,#2977,.F.);
#4386 = PLANE('',#4387);
#4387 = AXIS2_PLACEMENT_3D('',#4388,#4389,#4390);
#4388 = CARTESIAN_POINT('',(-0.4,1.47,-3.66));
#4389 = DIRECTION('',(1.,0.,0.));
#4390 = DIRECTION('',(-0.,0.,1.));
#4391 = ADVANCED_FACE('',(#4392),#4403,.F.);
#4392 = FACE_BOUND('',#4393,.T.);
#4393 = EDGE_LOOP('',(#4394,#4395,#4396,#4397));
#4394 = ORIENTED_EDGE('',*,*,#4115,.T.);
#4395 = ORIENTED_EDGE('',*,*,#2857,.T.);
#4396 = ORIENTED_EDGE('',*,*,#3824,.F.);
#4397 = ORIENTED_EDGE('',*,*,#4398,.T.);
#4398 = EDGE_CURVE('',#3817,#4116,#4399,.T.);
#4399 = LINE('',#4400,#4401);
#4400 = CARTESIAN_POINT('',(3.6,1.47,-4.5));
#4401 = VECTOR('',#4402,1.);
#4402 = DIRECTION('',(-1.,0.,0.));
#4403 = PLANE('',#4404);
#4404 = AXIS2_PLACEMENT_3D('',#4405,#4406,#4407);
#4405 = CARTESIAN_POINT('',(3.6,1.47,-4.5));
#4406 = DIRECTION('',(0.,-1.,-1.172110456741E-16));
#4407 = DIRECTION('',(0.,1.172110456741E-16,-1.));
#4408 = ADVANCED_FACE('',(#4409),#4465,.T.);
#4409 = FACE_BOUND('',#4410,.T.);
#4410 = EDGE_LOOP('',(#4411,#4412,#4418,#4426,#4434,#4442,#4450,#4458,
    #4464));
#4411 = ORIENTED_EDGE('',*,*,#3966,.F.);
#4412 = ORIENTED_EDGE('',*,*,#4413,.T.);
#4413 = EDGE_CURVE('',#3959,#3278,#4414,.T.);
#4414 = LINE('',#4415,#4416);
#4415 = CARTESIAN_POINT('',(0.6,-0.1,-4.1));
#4416 = VECTOR('',#4417,1.);
#4417 = DIRECTION('',(0.,-1.,0.));
#4418 = ORIENTED_EDGE('',*,*,#4419,.T.);
#4419 = EDGE_CURVE('',#3278,#4420,#4422,.T.);
#4420 = VERTEX_POINT('',#4421);
#4421 = CARTESIAN_POINT('',(0.6,-0.1,-4.1));
#4422 = LINE('',#4423,#4424);
#4423 = CARTESIAN_POINT('',(0.6,-0.1,-4.1));
#4424 = VECTOR('',#4425,1.);
#4425 = DIRECTION('',(0.,-1.,0.));
#4426 = ORIENTED_EDGE('',*,*,#4427,.T.);
#4427 = EDGE_CURVE('',#4420,#4428,#4430,.T.);
#4428 = VERTEX_POINT('',#4429);
#4429 = CARTESIAN_POINT('',(0.6,-1.E-01,-5.));
#4430 = LINE('',#4431,#4432);
#4431 = CARTESIAN_POINT('',(0.6,-1.E-01,-5.));
#4432 = VECTOR('',#4433,1.);
#4433 = DIRECTION('',(0.,1.054085445472E-16,-1.));
#4434 = ORIENTED_EDGE('',*,*,#4435,.T.);
#4435 = EDGE_CURVE('',#4428,#4436,#4438,.T.);
#4436 = VERTEX_POINT('',#4437);
#4437 = CARTESIAN_POINT('',(0.6,0.1,-5.));
#4438 = LINE('',#4439,#4440);
#4439 = CARTESIAN_POINT('',(0.6,0.1,-5.));
#4440 = VECTOR('',#4441,1.);
#4441 = DIRECTION('',(0.,1.,0.));
#4442 = ORIENTED_EDGE('',*,*,#4443,.T.);
#4443 = EDGE_CURVE('',#4436,#4444,#4446,.T.);
#4444 = VERTEX_POINT('',#4445);
#4445 = CARTESIAN_POINT('',(0.6,0.1,-4.5));
#4446 = LINE('',#4447,#4448);
#4447 = CARTESIAN_POINT('',(0.6,0.1,-4.5));
#4448 = VECTOR('',#4449,1.);
#4449 = DIRECTION('',(0.,-2.710505431214E-17,1.));
#4450 = ORIENTED_EDGE('',*,*,#4451,.T.);
#4451 = EDGE_CURVE('',#4444,#4452,#4454,.T.);
#4452 = VERTEX_POINT('',#4453);
#4453 = CARTESIAN_POINT('',(0.6,1.47,-4.5));
#4454 = LINE('',#4455,#4456);
#4455 = CARTESIAN_POINT('',(0.6,1.47,-4.5));
#4456 = VECTOR('',#4457,1.);
#4457 = DIRECTION('',(0.,1.,0.));
#4458 = ORIENTED_EDGE('',*,*,#4459,.T.);
#4459 = EDGE_CURVE('',#4452,#2946,#4460,.T.);
#4460 = LINE('',#4461,#4462);
#4461 = CARTESIAN_POINT('',(0.6,1.47,-4.5));
#4462 = VECTOR('',#4463,1.);
#4463 = DIRECTION('',(0.,-1.172110456741E-16,1.));
#4464 = ORIENTED_EDGE('',*,*,#2945,.F.);
#4465 = PLANE('',#4466);
#4466 = AXIS2_PLACEMENT_3D('',#4467,#4468,#4469);
#4467 = CARTESIAN_POINT('',(0.6,1.47,-3.66));
#4468 = DIRECTION('',(1.,0.,0.));
#4469 = DIRECTION('',(-0.,0.,1.));
#4470 = ADVANCED_FACE('',(#4471),#4527,.T.);
#4471 = FACE_BOUND('',#4472,.T.);
#4472 = EDGE_LOOP('',(#4473,#4474,#4480,#4488,#4496,#4504,#4512,#4520,
    #4526));
#4473 = ORIENTED_EDGE('',*,*,#3680,.F.);
#4474 = ORIENTED_EDGE('',*,*,#4475,.T.);
#4475 = EDGE_CURVE('',#3673,#3342,#4476,.T.);
#4476 = LINE('',#4477,#4478);
#4477 = CARTESIAN_POINT('',(4.6,-0.1,-4.1));
#4478 = VECTOR('',#4479,1.);
#4479 = DIRECTION('',(0.,-1.,0.));
#4480 = ORIENTED_EDGE('',*,*,#4481,.T.);
#4481 = EDGE_CURVE('',#3342,#4482,#4484,.T.);
#4482 = VERTEX_POINT('',#4483);
#4483 = CARTESIAN_POINT('',(4.6,-0.1,-4.1));
#4484 = LINE('',#4485,#4486);
#4485 = CARTESIAN_POINT('',(4.6,-0.1,-4.1));
#4486 = VECTOR('',#4487,1.);
#4487 = DIRECTION('',(0.,-1.,0.));
#4488 = ORIENTED_EDGE('',*,*,#4489,.T.);
#4489 = EDGE_CURVE('',#4482,#4490,#4492,.T.);
#4490 = VERTEX_POINT('',#4491);
#4491 = CARTESIAN_POINT('',(4.6,-1.E-01,-5.));
#4492 = LINE('',#4493,#4494);
#4493 = CARTESIAN_POINT('',(4.6,-1.E-01,-5.));
#4494 = VECTOR('',#4495,1.);
#4495 = DIRECTION('',(0.,1.054085445472E-16,-1.));
#4496 = ORIENTED_EDGE('',*,*,#4497,.T.);
#4497 = EDGE_CURVE('',#4490,#4498,#4500,.T.);
#4498 = VERTEX_POINT('',#4499);
#4499 = CARTESIAN_POINT('',(4.6,0.1,-5.));
#4500 = LINE('',#4501,#4502);
#4501 = CARTESIAN_POINT('',(4.6,0.1,-5.));
#4502 = VECTOR('',#4503,1.);
#4503 = DIRECTION('',(0.,1.,0.));
#4504 = ORIENTED_EDGE('',*,*,#4505,.T.);
#4505 = EDGE_CURVE('',#4498,#4506,#4508,.T.);
#4506 = VERTEX_POINT('',#4507);
#4507 = CARTESIAN_POINT('',(4.6,0.1,-4.5));
#4508 = LINE('',#4509,#4510);
#4509 = CARTESIAN_POINT('',(4.6,0.1,-4.5));
#4510 = VECTOR('',#4511,1.);
#4511 = DIRECTION('',(0.,-2.710505431214E-17,1.));
#4512 = ORIENTED_EDGE('',*,*,#4513,.T.);
#4513 = EDGE_CURVE('',#4506,#4514,#4516,.T.);
#4514 = VERTEX_POINT('',#4515);
#4515 = CARTESIAN_POINT('',(4.6,1.47,-4.5));
#4516 = LINE('',#4517,#4518);
#4517 = CARTESIAN_POINT('',(4.6,1.47,-4.5));
#4518 = VECTOR('',#4519,1.);
#4519 = DIRECTION('',(0.,1.,0.));
#4520 = ORIENTED_EDGE('',*,*,#4521,.T.);
#4521 = EDGE_CURVE('',#4514,#2818,#4522,.T.);
#4522 = LINE('',#4523,#4524);
#4523 = CARTESIAN_POINT('',(4.6,1.47,-4.5));
#4524 = VECTOR('',#4525,1.);
#4525 = DIRECTION('',(0.,-1.172110456741E-16,1.));
#4526 = ORIENTED_EDGE('',*,*,#2817,.F.);
#4527 = PLANE('',#4528);
#4528 = AXIS2_PLACEMENT_3D('',#4529,#4530,#4531);
#4529 = CARTESIAN_POINT('',(4.6,1.47,-3.66));
#4530 = DIRECTION('',(1.,0.,0.));
#4531 = DIRECTION('',(-0.,0.,1.));
#4532 = ADVANCED_FACE('',(#4533),#4596,.F.);
#4533 = FACE_BOUND('',#4534,.T.);
#4534 = EDGE_LOOP('',(#4535,#4543,#4551,#4557,#4558,#4566,#4574,#4582,
    #4590));
#4535 = ORIENTED_EDGE('',*,*,#4536,.F.);
#4536 = EDGE_CURVE('',#3238,#4537,#4539,.T.);
#4537 = VERTEX_POINT('',#4538);
#4538 = CARTESIAN_POINT('',(-1.6,-0.1,-4.1));
#4539 = LINE('',#4540,#4541);
#4540 = CARTESIAN_POINT('',(-1.6,-0.1,-4.1));
#4541 = VECTOR('',#4542,1.);
#4542 = DIRECTION('',(0.,-1.,0.));
#4543 = ORIENTED_EDGE('',*,*,#4544,.T.);
#4544 = EDGE_CURVE('',#3238,#4545,#4547,.T.);
#4545 = VERTEX_POINT('',#4546);
#4546 = CARTESIAN_POINT('',(-1.6,0.8,-4.1));
#4547 = LINE('',#4548,#4549);
#4548 = CARTESIAN_POINT('',(-1.6,0.8,-4.1));
#4549 = VECTOR('',#4550,1.);
#4550 = DIRECTION('',(0.,1.,0.));
#4551 = ORIENTED_EDGE('',*,*,#4552,.T.);
#4552 = EDGE_CURVE('',#4545,#3026,#4553,.T.);
#4553 = LINE('',#4554,#4555);
#4554 = CARTESIAN_POINT('',(-1.6,0.8,-4.3));
#4555 = VECTOR('',#4556,1.);
#4556 = DIRECTION('',(0.,0.,-1.));
#4557 = ORIENTED_EDGE('',*,*,#3025,.T.);
#4558 = ORIENTED_EDGE('',*,*,#4559,.F.);
#4559 = EDGE_CURVE('',#4560,#3018,#4562,.T.);
#4560 = VERTEX_POINT('',#4561);
#4561 = CARTESIAN_POINT('',(-1.6,1.47,-4.5));
#4562 = LINE('',#4563,#4564);
#4563 = CARTESIAN_POINT('',(-1.6,1.47,-4.5));
#4564 = VECTOR('',#4565,1.);
#4565 = DIRECTION('',(0.,-1.172110456741E-16,1.));
#4566 = ORIENTED_EDGE('',*,*,#4567,.F.);
#4567 = EDGE_CURVE('',#4568,#4560,#4570,.T.);
#4568 = VERTEX_POINT('',#4569);
#4569 = CARTESIAN_POINT('',(-1.6,0.1,-4.5));
#4570 = LINE('',#4571,#4572);
#4571 = CARTESIAN_POINT('',(-1.6,1.47,-4.5));
#4572 = VECTOR('',#4573,1.);
#4573 = DIRECTION('',(0.,1.,0.));
#4574 = ORIENTED_EDGE('',*,*,#4575,.F.);
#4575 = EDGE_CURVE('',#4576,#4568,#4578,.T.);
#4576 = VERTEX_POINT('',#4577);
#4577 = CARTESIAN_POINT('',(-1.6,0.1,-5.));
#4578 = LINE('',#4579,#4580);
#4579 = CARTESIAN_POINT('',(-1.6,0.1,-4.5));
#4580 = VECTOR('',#4581,1.);
#4581 = DIRECTION('',(0.,-2.710505431214E-17,1.));
#4582 = ORIENTED_EDGE('',*,*,#4583,.F.);
#4583 = EDGE_CURVE('',#4584,#4576,#4586,.T.);
#4584 = VERTEX_POINT('',#4585);
#4585 = CARTESIAN_POINT('',(-1.6,-1.E-01,-5.));
#4586 = LINE('',#4587,#4588);
#4587 = CARTESIAN_POINT('',(-1.6,0.1,-5.));
#4588 = VECTOR('',#4589,1.);
#4589 = DIRECTION('',(0.,1.,0.));
#4590 = ORIENTED_EDGE('',*,*,#4591,.F.);
#4591 = EDGE_CURVE('',#4537,#4584,#4592,.T.);
#4592 = LINE('',#4593,#4594);
#4593 = CARTESIAN_POINT('',(-1.6,-1.E-01,-5.));
#4594 = VECTOR('',#4595,1.);
#4595 = DIRECTION('',(0.,1.054085445472E-16,-1.));
#4596 = PLANE('',#4597);
#4597 = AXIS2_PLACEMENT_3D('',#4598,#4599,#4600);
#4598 = CARTESIAN_POINT('',(-1.6,1.47,-3.66));
#4599 = DIRECTION('',(1.,0.,0.));
#4600 = DIRECTION('',(-0.,0.,1.));
#4601 = ADVANCED_FACE('',(#4602),#4613,.F.);
#4602 = FACE_BOUND('',#4603,.T.);
#4603 = EDGE_LOOP('',(#4604,#4605,#4606,#4607));
#4604 = ORIENTED_EDGE('',*,*,#3724,.T.);
#4605 = ORIENTED_EDGE('',*,*,#2889,.T.);
#4606 = ORIENTED_EDGE('',*,*,#3655,.F.);
#4607 = ORIENTED_EDGE('',*,*,#4608,.T.);
#4608 = EDGE_CURVE('',#3648,#3725,#4609,.T.);
#4609 = LINE('',#4610,#4611);
#4610 = CARTESIAN_POINT('',(2.6,1.47,-4.5));
#4611 = VECTOR('',#4612,1.);
#4612 = DIRECTION('',(-1.,0.,0.));
#4613 = PLANE('',#4614);
#4614 = AXIS2_PLACEMENT_3D('',#4615,#4616,#4617);
#4615 = CARTESIAN_POINT('',(2.6,1.47,-4.5));
#4616 = DIRECTION('',(0.,-1.,-1.172110456741E-16));
#4617 = DIRECTION('',(0.,1.172110456741E-16,-1.));
#4618 = ADVANCED_FACE('',(#4619),#4630,.F.);
#4619 = FACE_BOUND('',#4620,.T.);
#4620 = EDGE_LOOP('',(#4621,#4627,#4628,#4629));
#4621 = ORIENTED_EDGE('',*,*,#4622,.T.);
#4622 = EDGE_CURVE('',#3417,#3771,#4623,.T.);
#4623 = LINE('',#4624,#4625);
#4624 = CARTESIAN_POINT('',(6.4,0.8,-4.1));
#4625 = VECTOR('',#4626,1.);
#4626 = DIRECTION('',(-1.,0.,0.));
#4627 = ORIENTED_EDGE('',*,*,#3770,.T.);
#4628 = ORIENTED_EDGE('',*,*,#2841,.F.);
#4629 = ORIENTED_EDGE('',*,*,#3424,.F.);
#4630 = PLANE('',#4631);
#4631 = AXIS2_PLACEMENT_3D('',#4632,#4633,#4634);
#4632 = CARTESIAN_POINT('',(6.4,0.8,-4.3));
#4633 = DIRECTION('',(0.,1.,0.));
#4634 = DIRECTION('',(0.,-0.,1.));
#4635 = ADVANCED_FACE('',(#4636),#4654,.F.);
#4636 = FACE_BOUND('',#4637,.T.);
#4637 = EDGE_LOOP('',(#4638,#4646,#4647,#4648));
#4638 = ORIENTED_EDGE('',*,*,#4639,.T.);
#4639 = EDGE_CURVE('',#4640,#2986,#4642,.T.);
#4640 = VERTEX_POINT('',#4641);
#4641 = CARTESIAN_POINT('',(-0.6,1.47,-4.5));
#4642 = LINE('',#4643,#4644);
#4643 = CARTESIAN_POINT('',(-0.6,1.47,-4.5));
#4644 = VECTOR('',#4645,1.);
#4645 = DIRECTION('',(0.,-1.172110456741E-16,1.));
#4646 = ORIENTED_EDGE('',*,*,#2985,.T.);
#4647 = ORIENTED_EDGE('',*,*,#4380,.F.);
#4648 = ORIENTED_EDGE('',*,*,#4649,.T.);
#4649 = EDGE_CURVE('',#4373,#4640,#4650,.T.);
#4650 = LINE('',#4651,#4652);
#4651 = CARTESIAN_POINT('',(-0.4,1.47,-4.5));
#4652 = VECTOR('',#4653,1.);
#4653 = DIRECTION('',(-1.,0.,0.));
#4654 = PLANE('',#4655);
#4655 = AXIS2_PLACEMENT_3D('',#4656,#4657,#4658);
#4656 = CARTESIAN_POINT('',(-0.4,1.47,-4.5));
#4657 = DIRECTION('',(0.,-1.,-1.172110456741E-16));
#4658 = DIRECTION('',(0.,1.172110456741E-16,-1.));
#4659 = ADVANCED_FACE('',(#4660),#4723,.F.);
#4660 = FACE_BOUND('',#4661,.T.);
#4661 = EDGE_LOOP('',(#4662,#4670,#4678,#4684,#4685,#4693,#4701,#4709,
    #4717));
#4662 = ORIENTED_EDGE('',*,*,#4663,.F.);
#4663 = EDGE_CURVE('',#3270,#4664,#4666,.T.);
#4664 = VERTEX_POINT('',#4665);
#4665 = CARTESIAN_POINT('',(0.4,-0.1,-4.1));
#4666 = LINE('',#4667,#4668);
#4667 = CARTESIAN_POINT('',(0.4,-0.1,-4.1));
#4668 = VECTOR('',#4669,1.);
#4669 = DIRECTION('',(0.,-1.,0.));
#4670 = ORIENTED_EDGE('',*,*,#4671,.T.);
#4671 = EDGE_CURVE('',#3270,#4672,#4674,.T.);
#4672 = VERTEX_POINT('',#4673);
#4673 = CARTESIAN_POINT('',(0.4,0.8,-4.1));
#4674 = LINE('',#4675,#4676);
#4675 = CARTESIAN_POINT('',(0.4,0.8,-4.1));
#4676 = VECTOR('',#4677,1.);
#4677 = DIRECTION('',(0.,1.,0.));
#4678 = ORIENTED_EDGE('',*,*,#4679,.T.);
#4679 = EDGE_CURVE('',#4672,#2962,#4680,.T.);
#4680 = LINE('',#4681,#4682);
#4681 = CARTESIAN_POINT('',(0.4,0.8,-4.3));
#4682 = VECTOR('',#4683,1.);
#4683 = DIRECTION('',(0.,0.,-1.));
#4684 = ORIENTED_EDGE('',*,*,#2961,.T.);
#4685 = ORIENTED_EDGE('',*,*,#4686,.F.);
#4686 = EDGE_CURVE('',#4687,#2954,#4689,.T.);
#4687 = VERTEX_POINT('',#4688);
#4688 = CARTESIAN_POINT('',(0.4,1.47,-4.5));
#4689 = LINE('',#4690,#4691);
#4690 = CARTESIAN_POINT('',(0.4,1.47,-4.5));
#4691 = VECTOR('',#4692,1.);
#4692 = DIRECTION('',(0.,-1.172110456741E-16,1.));
#4693 = ORIENTED_EDGE('',*,*,#4694,.F.);
#4694 = EDGE_CURVE('',#4695,#4687,#4697,.T.);
#4695 = VERTEX_POINT('',#4696);
#4696 = CARTESIAN_POINT('',(0.4,0.1,-4.5));
#4697 = LINE('',#4698,#4699);
#4698 = CARTESIAN_POINT('',(0.4,1.47,-4.5));
#4699 = VECTOR('',#4700,1.);
#4700 = DIRECTION('',(0.,1.,0.));
#4701 = ORIENTED_EDGE('',*,*,#4702,.F.);
#4702 = EDGE_CURVE('',#4703,#4695,#4705,.T.);
#4703 = VERTEX_POINT('',#4704);
#4704 = CARTESIAN_POINT('',(0.4,0.1,-5.));
#4705 = LINE('',#4706,#4707);
#4706 = CARTESIAN_POINT('',(0.4,0.1,-4.5));
#4707 = VECTOR('',#4708,1.);
#4708 = DIRECTION('',(0.,-2.710505431214E-17,1.));
#4709 = ORIENTED_EDGE('',*,*,#4710,.F.);
#4710 = EDGE_CURVE('',#4711,#4703,#4713,.T.);
#4711 = VERTEX_POINT('',#4712);
#4712 = CARTESIAN_POINT('',(0.4,-1.E-01,-5.));
#4713 = LINE('',#4714,#4715);
#4714 = CARTESIAN_POINT('',(0.4,0.1,-5.));
#4715 = VECTOR('',#4716,1.);
#4716 = DIRECTION('',(0.,1.,0.));
#4717 = ORIENTED_EDGE('',*,*,#4718,.F.);
#4718 = EDGE_CURVE('',#4664,#4711,#4719,.T.);
#4719 = LINE('',#4720,#4721);
#4720 = CARTESIAN_POINT('',(0.4,-1.E-01,-5.));
#4721 = VECTOR('',#4722,1.);
#4722 = DIRECTION('',(0.,1.054085445472E-16,-1.));
#4723 = PLANE('',#4724);
#4724 = AXIS2_PLACEMENT_3D('',#4725,#4726,#4727);
#4725 = CARTESIAN_POINT('',(0.4,1.47,-3.66));
#4726 = DIRECTION('',(1.,0.,0.));
#4727 = DIRECTION('',(-0.,0.,1.));
#4728 = ADVANCED_FACE('',(#4729),#4740,.F.);
#4729 = FACE_BOUND('',#4730,.T.);
#4730 = EDGE_LOOP('',(#4731,#4732,#4733,#4734));
#4731 = ORIENTED_EDGE('',*,*,#4686,.T.);
#4732 = ORIENTED_EDGE('',*,*,#2953,.T.);
#4733 = ORIENTED_EDGE('',*,*,#4459,.F.);
#4734 = ORIENTED_EDGE('',*,*,#4735,.T.);
#4735 = EDGE_CURVE('',#4452,#4687,#4736,.T.);
#4736 = LINE('',#4737,#4738);
#4737 = CARTESIAN_POINT('',(0.6,1.47,-4.5));
#4738 = VECTOR('',#4739,1.);
#4739 = DIRECTION('',(-1.,0.,0.));
#4740 = PLANE('',#4741);
#4741 = AXIS2_PLACEMENT_3D('',#4742,#4743,#4744);
#4742 = CARTESIAN_POINT('',(0.6,1.47,-4.5));
#4743 = DIRECTION('',(0.,-1.,-1.172110456741E-16));
#4744 = DIRECTION('',(0.,1.172110456741E-16,-1.));
#4745 = ADVANCED_FACE('',(#4746),#4757,.F.);
#4746 = FACE_BOUND('',#4747,.T.);
#4747 = EDGE_LOOP('',(#4748,#4749,#4750,#4751));
#4748 = ORIENTED_EDGE('',*,*,#3431,.T.);
#4749 = ORIENTED_EDGE('',*,*,#2825,.T.);
#4750 = ORIENTED_EDGE('',*,*,#4521,.F.);
#4751 = ORIENTED_EDGE('',*,*,#4752,.T.);
#4752 = EDGE_CURVE('',#4514,#3432,#4753,.T.);
#4753 = LINE('',#4754,#4755);
#4754 = CARTESIAN_POINT('',(4.6,1.47,-4.5));
#4755 = VECTOR('',#4756,1.);
#4756 = DIRECTION('',(-1.,0.,0.));
#4757 = PLANE('',#4758);
#4758 = AXIS2_PLACEMENT_3D('',#4759,#4760,#4761);
#4759 = CARTESIAN_POINT('',(4.6,1.47,-4.5));
#4760 = DIRECTION('',(0.,-1.,-1.172110456741E-16));
#4761 = DIRECTION('',(0.,1.172110456741E-16,-1.));
#4762 = ADVANCED_FACE('',(#4763),#4774,.F.);
#4763 = FACE_BOUND('',#4764,.T.);
#4764 = EDGE_LOOP('',(#4765,#4766,#4772,#4773));
#4765 = ORIENTED_EDGE('',*,*,#3921,.T.);
#4766 = ORIENTED_EDGE('',*,*,#4767,.F.);
#4767 = EDGE_CURVE('',#3866,#3914,#4768,.T.);
#4768 = LINE('',#4769,#4770);
#4769 = CARTESIAN_POINT('',(6.4,1.5,-4.1));
#4770 = VECTOR('',#4771,1.);
#4771 = DIRECTION('',(-1.,0.,0.));
#4772 = ORIENTED_EDGE('',*,*,#3865,.F.);
#4773 = ORIENTED_EDGE('',*,*,#2793,.T.);
#4774 = PLANE('',#4775);
#4775 = AXIS2_PLACEMENT_3D('',#4776,#4777,#4778);
#4776 = CARTESIAN_POINT('',(6.4,1.5,-4.1));
#4777 = DIRECTION('',(0.,-1.,0.));
#4778 = DIRECTION('',(0.,-0.,-1.));
#4779 = ADVANCED_FACE('',(#4780),#4836,.F.);
#4780 = FACE_BOUND('',#4781,.T.);
#4781 = EDGE_LOOP('',(#4782,#4790,#4798,#4804,#4805,#4806,#4814,#4822,
    #4830));
#4782 = ORIENTED_EDGE('',*,*,#4783,.F.);
#4783 = EDGE_CURVE('',#3206,#4784,#4786,.T.);
#4784 = VERTEX_POINT('',#4785);
#4785 = CARTESIAN_POINT('',(-4.6,-0.1,-4.1));
#4786 = LINE('',#4787,#4788);
#4787 = CARTESIAN_POINT('',(-4.6,-0.1,-4.1));
#4788 = VECTOR('',#4789,1.);
#4789 = DIRECTION('',(0.,-1.,0.));
#4790 = ORIENTED_EDGE('',*,*,#4791,.T.);
#4791 = EDGE_CURVE('',#3206,#4792,#4794,.T.);
#4792 = VERTEX_POINT('',#4793);
#4793 = CARTESIAN_POINT('',(-4.6,0.8,-4.1));
#4794 = LINE('',#4795,#4796);
#4795 = CARTESIAN_POINT('',(-4.6,0.8,-4.1));
#4796 = VECTOR('',#4797,1.);
#4797 = DIRECTION('',(0.,1.,0.));
#4798 = ORIENTED_EDGE('',*,*,#4799,.T.);
#4799 = EDGE_CURVE('',#4792,#2770,#4800,.T.);
#4800 = LINE('',#4801,#4802);
#4801 = CARTESIAN_POINT('',(-4.6,0.8,-4.3));
#4802 = VECTOR('',#4803,1.);
#4803 = DIRECTION('',(0.,0.,-1.));
#4804 = ORIENTED_EDGE('',*,*,#2769,.T.);
#4805 = ORIENTED_EDGE('',*,*,#4161,.F.);
#4806 = ORIENTED_EDGE('',*,*,#4807,.F.);
#4807 = EDGE_CURVE('',#4808,#4162,#4810,.T.);
#4808 = VERTEX_POINT('',#4809);
#4809 = CARTESIAN_POINT('',(-4.6,0.1,-4.5));
#4810 = LINE('',#4811,#4812);
#4811 = CARTESIAN_POINT('',(-4.6,1.47,-4.5));
#4812 = VECTOR('',#4813,1.);
#4813 = DIRECTION('',(0.,1.,0.));
#4814 = ORIENTED_EDGE('',*,*,#4815,.F.);
#4815 = EDGE_CURVE('',#4816,#4808,#4818,.T.);
#4816 = VERTEX_POINT('',#4817);
#4817 = CARTESIAN_POINT('',(-4.6,0.1,-5.));
#4818 = LINE('',#4819,#4820);
#4819 = CARTESIAN_POINT('',(-4.6,0.1,-4.5));
#4820 = VECTOR('',#4821,1.);
#4821 = DIRECTION('',(0.,-2.710505431214E-17,1.));
#4822 = ORIENTED_EDGE('',*,*,#4823,.F.);
#4823 = EDGE_CURVE('',#4824,#4816,#4826,.T.);
#4824 = VERTEX_POINT('',#4825);
#4825 = CARTESIAN_POINT('',(-4.6,-1.E-01,-5.));
#4826 = LINE('',#4827,#4828);
#4827 = CARTESIAN_POINT('',(-4.6,0.1,-5.));
#4828 = VECTOR('',#4829,1.);
#4829 = DIRECTION('',(0.,1.,0.));
#4830 = ORIENTED_EDGE('',*,*,#4831,.F.);
#4831 = EDGE_CURVE('',#4784,#4824,#4832,.T.);
#4832 = LINE('',#4833,#4834);
#4833 = CARTESIAN_POINT('',(-4.6,-1.E-01,-5.));
#4834 = VECTOR('',#4835,1.);
#4835 = DIRECTION('',(0.,1.054085445472E-16,-1.));
#4836 = PLANE('',#4837);
#4837 = AXIS2_PLACEMENT_3D('',#4838,#4839,#4840);
#4838 = CARTESIAN_POINT('',(-4.6,1.47,-3.66));
#4839 = DIRECTION('',(1.,0.,0.));
#4840 = DIRECTION('',(-0.,0.,1.));
#4841 = ADVANCED_FACE('',(#4842),#4891,.F.);
#4842 = FACE_BOUND('',#4843,.T.);
#4843 = EDGE_LOOP('',(#4844,#4852,#4858,#4859,#4860,#4861,#4869,#4877,
    #4885));
#4844 = ORIENTED_EDGE('',*,*,#4845,.F.);
#4845 = EDGE_CURVE('',#3254,#4846,#4848,.T.);
#4846 = VERTEX_POINT('',#4847);
#4847 = CARTESIAN_POINT('',(-0.6,-0.1,-4.1));
#4848 = LINE('',#4849,#4850);
#4849 = CARTESIAN_POINT('',(-0.6,-0.1,-4.1));
#4850 = VECTOR('',#4851,1.);
#4851 = DIRECTION('',(0.,-1.,0.));
#4852 = ORIENTED_EDGE('',*,*,#4853,.T.);
#4853 = EDGE_CURVE('',#3254,#3502,#4854,.T.);
#4854 = LINE('',#4855,#4856);
#4855 = CARTESIAN_POINT('',(-0.6,0.8,-4.1));
#4856 = VECTOR('',#4857,1.);
#4857 = DIRECTION('',(0.,1.,0.));
#4858 = ORIENTED_EDGE('',*,*,#3518,.T.);
#4859 = ORIENTED_EDGE('',*,*,#2993,.T.);
#4860 = ORIENTED_EDGE('',*,*,#4639,.F.);
#4861 = ORIENTED_EDGE('',*,*,#4862,.F.);
#4862 = EDGE_CURVE('',#4863,#4640,#4865,.T.);
#4863 = VERTEX_POINT('',#4864);
#4864 = CARTESIAN_POINT('',(-0.6,0.1,-4.5));
#4865 = LINE('',#4866,#4867);
#4866 = CARTESIAN_POINT('',(-0.6,1.47,-4.5));
#4867 = VECTOR('',#4868,1.);
#4868 = DIRECTION('',(0.,1.,0.));
#4869 = ORIENTED_EDGE('',*,*,#4870,.F.);
#4870 = EDGE_CURVE('',#4871,#4863,#4873,.T.);
#4871 = VERTEX_POINT('',#4872);
#4872 = CARTESIAN_POINT('',(-0.6,0.1,-5.));
#4873 = LINE('',#4874,#4875);
#4874 = CARTESIAN_POINT('',(-0.6,0.1,-4.5));
#4875 = VECTOR('',#4876,1.);
#4876 = DIRECTION('',(0.,-2.710505431214E-17,1.));
#4877 = ORIENTED_EDGE('',*,*,#4878,.F.);
#4878 = EDGE_CURVE('',#4879,#4871,#4881,.T.);
#4879 = VERTEX_POINT('',#4880);
#4880 = CARTESIAN_POINT('',(-0.6,-1.E-01,-5.));
#4881 = LINE('',#4882,#4883);
#4882 = CARTESIAN_POINT('',(-0.6,0.1,-5.));
#4883 = VECTOR('',#4884,1.);
#4884 = DIRECTION('',(0.,1.,0.));
#4885 = ORIENTED_EDGE('',*,*,#4886,.F.);
#4886 = EDGE_CURVE('',#4846,#4879,#4887,.T.);
#4887 = LINE('',#4888,#4889);
#4888 = CARTESIAN_POINT('',(-0.6,-1.E-01,-5.));
#4889 = VECTOR('',#4890,1.);
#4890 = DIRECTION('',(0.,1.054085445472E-16,-1.));
#4891 = PLANE('',#4892);
#4892 = AXIS2_PLACEMENT_3D('',#4893,#4894,#4895);
#4893 = CARTESIAN_POINT('',(-0.6,1.47,-3.66));
#4894 = DIRECTION('',(1.,0.,0.));
#4895 = DIRECTION('',(-0.,0.,1.));
#4896 = ADVANCED_FACE('',(#4897),#4908,.F.);
#4897 = FACE_BOUND('',#4898,.T.);
#4898 = EDGE_LOOP('',(#4899,#4905,#4906,#4907));
#4899 = ORIENTED_EDGE('',*,*,#4900,.T.);
#4900 = EDGE_CURVE('',#4672,#4327,#4901,.T.);
#4901 = LINE('',#4902,#4903);
#4902 = CARTESIAN_POINT('',(6.4,0.8,-4.1));
#4903 = VECTOR('',#4904,1.);
#4904 = DIRECTION('',(-1.,0.,0.));
#4905 = ORIENTED_EDGE('',*,*,#4326,.T.);
#4906 = ORIENTED_EDGE('',*,*,#2969,.F.);
#4907 = ORIENTED_EDGE('',*,*,#4679,.F.);
#4908 = PLANE('',#4909);
#4909 = AXIS2_PLACEMENT_3D('',#4910,#4911,#4912);
#4910 = CARTESIAN_POINT('',(6.4,0.8,-4.3));
#4911 = DIRECTION('',(0.,1.,0.));
#4912 = DIRECTION('',(0.,-0.,1.));
#4913 = ADVANCED_FACE('',(#4914),#4970,.T.);
#4914 = FACE_BOUND('',#4915,.T.);
#4915 = EDGE_LOOP('',(#4916,#4917,#4923,#4931,#4939,#4947,#4955,#4963,
    #4969));
#4916 = ORIENTED_EDGE('',*,*,#4014,.F.);
#4917 = ORIENTED_EDGE('',*,*,#4918,.T.);
#4918 = EDGE_CURVE('',#4007,#3294,#4919,.T.);
#4919 = LINE('',#4920,#4921);
#4920 = CARTESIAN_POINT('',(1.6,-0.1,-4.1));
#4921 = VECTOR('',#4922,1.);
#4922 = DIRECTION('',(0.,-1.,0.));
#4923 = ORIENTED_EDGE('',*,*,#4924,.T.);
#4924 = EDGE_CURVE('',#3294,#4925,#4927,.T.);
#4925 = VERTEX_POINT('',#4926);
#4926 = CARTESIAN_POINT('',(1.6,-0.1,-4.1));
#4927 = LINE('',#4928,#4929);
#4928 = CARTESIAN_POINT('',(1.6,-0.1,-4.1));
#4929 = VECTOR('',#4930,1.);
#4930 = DIRECTION('',(0.,-1.,0.));
#4931 = ORIENTED_EDGE('',*,*,#4932,.T.);
#4932 = EDGE_CURVE('',#4925,#4933,#4935,.T.);
#4933 = VERTEX_POINT('',#4934);
#4934 = CARTESIAN_POINT('',(1.6,-1.E-01,-5.));
#4935 = LINE('',#4936,#4937);
#4936 = CARTESIAN_POINT('',(1.6,-1.E-01,-5.));
#4937 = VECTOR('',#4938,1.);
#4938 = DIRECTION('',(0.,1.054085445472E-16,-1.));
#4939 = ORIENTED_EDGE('',*,*,#4940,.T.);
#4940 = EDGE_CURVE('',#4933,#4941,#4943,.T.);
#4941 = VERTEX_POINT('',#4942);
#4942 = CARTESIAN_POINT('',(1.6,0.1,-5.));
#4943 = LINE('',#4944,#4945);
#4944 = CARTESIAN_POINT('',(1.6,0.1,-5.));
#4945 = VECTOR('',#4946,1.);
#4946 = DIRECTION('',(0.,1.,0.));
#4947 = ORIENTED_EDGE('',*,*,#4948,.T.);
#4948 = EDGE_CURVE('',#4941,#4949,#4951,.T.);
#4949 = VERTEX_POINT('',#4950);
#4950 = CARTESIAN_POINT('',(1.6,0.1,-4.5));
#4951 = LINE('',#4952,#4953);
#4952 = CARTESIAN_POINT('',(1.6,0.1,-4.5));
#4953 = VECTOR('',#4954,1.);
#4954 = DIRECTION('',(0.,-2.710505431214E-17,1.));
#4955 = ORIENTED_EDGE('',*,*,#4956,.T.);
#4956 = EDGE_CURVE('',#4949,#4957,#4959,.T.);
#4957 = VERTEX_POINT('',#4958);
#4958 = CARTESIAN_POINT('',(1.6,1.47,-4.5));
#4959 = LINE('',#4960,#4961);
#4960 = CARTESIAN_POINT('',(1.6,1.47,-4.5));
#4961 = VECTOR('',#4962,1.);
#4962 = DIRECTION('',(0.,1.,0.));
#4963 = ORIENTED_EDGE('',*,*,#4964,.T.);
#4964 = EDGE_CURVE('',#4957,#2914,#4965,.T.);
#4965 = LINE('',#4966,#4967);
#4966 = CARTESIAN_POINT('',(1.6,1.47,-4.5));
#4967 = VECTOR('',#4968,1.);
#4968 = DIRECTION('',(0.,-1.172110456741E-16,1.));
#4969 = ORIENTED_EDGE('',*,*,#2913,.F.);
#4970 = PLANE('',#4971);
#4971 = AXIS2_PLACEMENT_3D('',#4972,#4973,#4974);
#4972 = CARTESIAN_POINT('',(1.6,1.47,-3.66));
#4973 = DIRECTION('',(1.,0.,0.));
#4974 = DIRECTION('',(-0.,0.,1.));
#4975 = ADVANCED_FACE('',(#4976),#4987,.F.);
#4976 = FACE_BOUND('',#4977,.T.);
#4977 = EDGE_LOOP('',(#4978,#4984,#4985,#4986));
#4978 = ORIENTED_EDGE('',*,*,#4979,.T.);
#4979 = EDGE_CURVE('',#4545,#4193,#4980,.T.);
#4980 = LINE('',#4981,#4982);
#4981 = CARTESIAN_POINT('',(6.4,0.8,-4.1));
#4982 = VECTOR('',#4983,1.);
#4983 = DIRECTION('',(-1.,0.,0.));
#4984 = ORIENTED_EDGE('',*,*,#4192,.T.);
#4985 = ORIENTED_EDGE('',*,*,#3033,.F.);
#4986 = ORIENTED_EDGE('',*,*,#4552,.F.);
#4987 = PLANE('',#4988);
#4988 = AXIS2_PLACEMENT_3D('',#4989,#4990,#4991);
#4989 = CARTESIAN_POINT('',(6.4,0.8,-4.3));
#4990 = DIRECTION('',(0.,1.,0.));
#4991 = DIRECTION('',(0.,-0.,1.));
#4992 = ADVANCED_FACE('',(#4993),#5004,.F.);
#4993 = FACE_BOUND('',#4994,.T.);
#4994 = EDGE_LOOP('',(#4995,#4996,#4997,#4998));
#4995 = ORIENTED_EDGE('',*,*,#4559,.T.);
#4996 = ORIENTED_EDGE('',*,*,#3017,.T.);
#4997 = ORIENTED_EDGE('',*,*,#4077,.F.);
#4998 = ORIENTED_EDGE('',*,*,#4999,.T.);
#4999 = EDGE_CURVE('',#4070,#4560,#5000,.T.);
#5000 = LINE('',#5001,#5002);
#5001 = CARTESIAN_POINT('',(-1.4,1.47,-4.5));
#5002 = VECTOR('',#5003,1.);
#5003 = DIRECTION('',(-1.,0.,0.));
#5004 = PLANE('',#5005);
#5005 = AXIS2_PLACEMENT_3D('',#5006,#5007,#5008);
#5006 = CARTESIAN_POINT('',(-1.4,1.47,-4.5));
#5007 = DIRECTION('',(0.,-1.,-1.172110456741E-16));
#5008 = DIRECTION('',(0.,1.172110456741E-16,-1.));
#5009 = ADVANCED_FACE('',(#5010),#5021,.F.);
#5010 = FACE_BOUND('',#5011,.T.);
#5011 = EDGE_LOOP('',(#5012,#5013,#5014,#5015));
#5012 = ORIENTED_EDGE('',*,*,#3555,.T.);
#5013 = ORIENTED_EDGE('',*,*,#2921,.T.);
#5014 = ORIENTED_EDGE('',*,*,#4964,.F.);
#5015 = ORIENTED_EDGE('',*,*,#5016,.T.);
#5016 = EDGE_CURVE('',#4957,#3556,#5017,.T.);
#5017 = LINE('',#5018,#5019);
#5018 = CARTESIAN_POINT('',(1.6,1.47,-4.5));
#5019 = VECTOR('',#5020,1.);
#5020 = DIRECTION('',(-1.,0.,0.));
#5021 = PLANE('',#5022);
#5022 = AXIS2_PLACEMENT_3D('',#5023,#5024,#5025);
#5023 = CARTESIAN_POINT('',(1.6,1.47,-4.5));
#5024 = DIRECTION('',(0.,-1.,-1.172110456741E-16));
#5025 = DIRECTION('',(0.,1.172110456741E-16,-1.));
#5026 = ADVANCED_FACE('',(#5027),#5038,.F.);
#5027 = FACE_BOUND('',#5028,.T.);
#5028 = EDGE_LOOP('',(#5029,#5030,#5036,#5037));
#5029 = ORIENTED_EDGE('',*,*,#4799,.F.);
#5030 = ORIENTED_EDGE('',*,*,#5031,.T.);
#5031 = EDGE_CURVE('',#4792,#3929,#5032,.T.);
#5032 = LINE('',#5033,#5034);
#5033 = CARTESIAN_POINT('',(6.4,0.8,-4.1));
#5034 = VECTOR('',#5035,1.);
#5035 = DIRECTION('',(-1.,0.,0.));
#5036 = ORIENTED_EDGE('',*,*,#3928,.T.);
#5037 = ORIENTED_EDGE('',*,*,#2777,.F.);
#5038 = PLANE('',#5039);
#5039 = AXIS2_PLACEMENT_3D('',#5040,#5041,#5042);
#5040 = CARTESIAN_POINT('',(6.4,0.8,-4.3));
#5041 = DIRECTION('',(0.,1.,0.));
#5042 = DIRECTION('',(0.,-0.,1.));
#5043 = ADVANCED_FACE('',(#5044),#5060,.F.);
#5044 = FACE_BOUND('',#5045,.T.);
#5045 = EDGE_LOOP('',(#5046,#5047,#5053,#5054));
#5046 = ORIENTED_EDGE('',*,*,#3173,.T.);
#5047 = ORIENTED_EDGE('',*,*,#5048,.F.);
#5048 = EDGE_CURVE('',#4223,#3166,#5049,.T.);
#5049 = LINE('',#5050,#5051);
#5050 = CARTESIAN_POINT('',(-2.4,0.1,-5.));
#5051 = VECTOR('',#5052,1.);
#5052 = DIRECTION('',(-1.,0.,0.));
#5053 = ORIENTED_EDGE('',*,*,#4222,.F.);
#5054 = ORIENTED_EDGE('',*,*,#5055,.T.);
#5055 = EDGE_CURVE('',#4215,#3174,#5056,.T.);
#5056 = LINE('',#5057,#5058);
#5057 = CARTESIAN_POINT('',(-2.4,-1.E-01,-5.));
#5058 = VECTOR('',#5059,1.);
#5059 = DIRECTION('',(-1.,0.,0.));
#5060 = PLANE('',#5061);
#5061 = AXIS2_PLACEMENT_3D('',#5062,#5063,#5064);
#5062 = CARTESIAN_POINT('',(-2.4,0.1,-5.));
#5063 = DIRECTION('',(0.,0.,1.));
#5064 = DIRECTION('',(1.,0.,-0.));
#5065 = ADVANCED_FACE('',(#5066),#5077,.F.);
#5066 = FACE_BOUND('',#5067,.T.);
#5067 = EDGE_LOOP('',(#5068,#5069,#5075,#5076));
#5068 = ORIENTED_EDGE('',*,*,#3165,.T.);
#5069 = ORIENTED_EDGE('',*,*,#5070,.F.);
#5070 = EDGE_CURVE('',#4231,#3158,#5071,.T.);
#5071 = LINE('',#5072,#5073);
#5072 = CARTESIAN_POINT('',(-2.4,0.1,-4.5));
#5073 = VECTOR('',#5074,1.);
#5074 = DIRECTION('',(-1.,0.,0.));
#5075 = ORIENTED_EDGE('',*,*,#4230,.F.);
#5076 = ORIENTED_EDGE('',*,*,#5048,.T.);
#5077 = PLANE('',#5078);
#5078 = AXIS2_PLACEMENT_3D('',#5079,#5080,#5081);
#5079 = CARTESIAN_POINT('',(-2.4,0.1,-4.5));
#5080 = DIRECTION('',(0.,-1.,-2.710505431214E-17));
#5081 = DIRECTION('',(0.,2.710505431214E-17,-1.));
#5082 = ADVANCED_FACE('',(#5083),#5094,.F.);
#5083 = FACE_BOUND('',#5084,.T.);
#5084 = EDGE_LOOP('',(#5085,#5086,#5087,#5088));
#5085 = ORIENTED_EDGE('',*,*,#4206,.F.);
#5086 = ORIENTED_EDGE('',*,*,#3229,.T.);
#5087 = ORIENTED_EDGE('',*,*,#3138,.T.);
#5088 = ORIENTED_EDGE('',*,*,#5089,.F.);
#5089 = EDGE_CURVE('',#4207,#3139,#5090,.T.);
#5090 = LINE('',#5091,#5092);
#5091 = CARTESIAN_POINT('',(-2.4,-0.1,-4.1));
#5092 = VECTOR('',#5093,1.);
#5093 = DIRECTION('',(-1.,0.,0.));
#5094 = PLANE('',#5095);
#5095 = AXIS2_PLACEMENT_3D('',#5096,#5097,#5098);
#5096 = CARTESIAN_POINT('',(-2.4,-0.1,-4.1));
#5097 = DIRECTION('',(0.,0.,-1.));
#5098 = DIRECTION('',(-1.,0.,-0.));
#5099 = ADVANCED_FACE('',(#5100),#5106,.F.);
#5100 = FACE_BOUND('',#5101,.T.);
#5101 = EDGE_LOOP('',(#5102,#5103,#5104,#5105));
#5102 = ORIENTED_EDGE('',*,*,#3181,.T.);
#5103 = ORIENTED_EDGE('',*,*,#5055,.F.);
#5104 = ORIENTED_EDGE('',*,*,#4214,.F.);
#5105 = ORIENTED_EDGE('',*,*,#5089,.T.);
#5106 = PLANE('',#5107);
#5107 = AXIS2_PLACEMENT_3D('',#5108,#5109,#5110);
#5108 = CARTESIAN_POINT('',(-2.4,-1.E-01,-5.));
#5109 = DIRECTION('',(0.,1.,1.054085445472E-16));
#5110 = DIRECTION('',(0.,-1.054085445472E-16,1.));
#5111 = ADVANCED_FACE('',(#5112),#5118,.F.);
#5112 = FACE_BOUND('',#5113,.T.);
#5113 = EDGE_LOOP('',(#5114,#5115,#5116,#5117));
#5114 = ORIENTED_EDGE('',*,*,#3157,.T.);
#5115 = ORIENTED_EDGE('',*,*,#3487,.F.);
#5116 = ORIENTED_EDGE('',*,*,#4238,.F.);
#5117 = ORIENTED_EDGE('',*,*,#5070,.T.);
#5118 = PLANE('',#5119);
#5119 = AXIS2_PLACEMENT_3D('',#5120,#5121,#5122);
#5120 = CARTESIAN_POINT('',(-2.4,1.47,-4.5));
#5121 = DIRECTION('',(0.,0.,1.));
#5122 = DIRECTION('',(1.,0.,-0.));
#5123 = ADVANCED_FACE('',(#5124),#5135,.F.);
#5124 = FACE_BOUND('',#5125,.T.);
#5125 = EDGE_LOOP('',(#5126,#5127,#5128,#5129));
#5126 = ORIENTED_EDGE('',*,*,#4481,.F.);
#5127 = ORIENTED_EDGE('',*,*,#3341,.T.);
#5128 = ORIENTED_EDGE('',*,*,#3408,.T.);
#5129 = ORIENTED_EDGE('',*,*,#5130,.F.);
#5130 = EDGE_CURVE('',#4482,#3409,#5131,.T.);
#5131 = LINE('',#5132,#5133);
#5132 = CARTESIAN_POINT('',(4.6,-0.1,-4.1));
#5133 = VECTOR('',#5134,1.);
#5134 = DIRECTION('',(-1.,0.,0.));
#5135 = PLANE('',#5136);
#5136 = AXIS2_PLACEMENT_3D('',#5137,#5138,#5139);
#5137 = CARTESIAN_POINT('',(4.6,-0.1,-4.1));
#5138 = DIRECTION('',(0.,0.,-1.));
#5139 = DIRECTION('',(-1.,0.,-0.));
#5140 = ADVANCED_FACE('',(#5141),#5147,.F.);
#5141 = FACE_BOUND('',#5142,.T.);
#5142 = EDGE_LOOP('',(#5143,#5144,#5145,#5146));
#5143 = ORIENTED_EDGE('',*,*,#3317,.T.);
#5144 = ORIENTED_EDGE('',*,*,#3609,.F.);
#5145 = ORIENTED_EDGE('',*,*,#4254,.F.);
#5146 = ORIENTED_EDGE('',*,*,#4100,.F.);
#5147 = PLANE('',#5148);
#5148 = AXIS2_PLACEMENT_3D('',#5149,#5150,#5151);
#5149 = CARTESIAN_POINT('',(6.4,0.8,-4.1));
#5150 = DIRECTION('',(0.,0.,1.));
#5151 = DIRECTION('',(1.,0.,-0.));
#5152 = ADVANCED_FACE('',(#5153),#5159,.F.);
#5153 = FACE_BOUND('',#5154,.T.);
#5154 = EDGE_LOOP('',(#5155,#5156,#5157,#5158));
#5155 = ORIENTED_EDGE('',*,*,#3253,.T.);
#5156 = ORIENTED_EDGE('',*,*,#4031,.F.);
#5157 = ORIENTED_EDGE('',*,*,#3501,.F.);
#5158 = ORIENTED_EDGE('',*,*,#4853,.F.);
#5159 = PLANE('',#5160);
#5160 = AXIS2_PLACEMENT_3D('',#5161,#5162,#5163);
#5161 = CARTESIAN_POINT('',(6.4,0.8,-4.1));
#5162 = DIRECTION('',(0.,0.,1.));
#5163 = DIRECTION('',(1.,0.,-0.));
#5164 = ADVANCED_FACE('',(#5165),#5171,.F.);
#5165 = FACE_BOUND('',#5166,.T.);
#5166 = EDGE_LOOP('',(#5167,#5168,#5169,#5170));
#5167 = ORIENTED_EDGE('',*,*,#3269,.T.);
#5168 = ORIENTED_EDGE('',*,*,#4334,.F.);
#5169 = ORIENTED_EDGE('',*,*,#4900,.F.);
#5170 = ORIENTED_EDGE('',*,*,#4671,.F.);
#5171 = PLANE('',#5172);
#5172 = AXIS2_PLACEMENT_3D('',#5173,#5174,#5175);
#5173 = CARTESIAN_POINT('',(6.4,0.8,-4.1));
#5174 = DIRECTION('',(0.,0.,1.));
#5175 = DIRECTION('',(1.,0.,-0.));
#5176 = ADVANCED_FACE('',(#5177),#5197,.F.);
#5177 = FACE_BOUND('',#5178,.T.);
#5178 = EDGE_LOOP('',(#5179,#5180,#5181,#5182,#5183,#5191));
#5179 = ORIENTED_EDGE('',*,*,#3349,.T.);
#5180 = ORIENTED_EDGE('',*,*,#4475,.F.);
#5181 = ORIENTED_EDGE('',*,*,#3670,.F.);
#5182 = ORIENTED_EDGE('',*,*,#3857,.F.);
#5183 = ORIENTED_EDGE('',*,*,#5184,.T.);
#5184 = EDGE_CURVE('',#3850,#5185,#5187,.T.);
#5185 = VERTEX_POINT('',#5186);
#5186 = CARTESIAN_POINT('',(5.75,0.65,-4.1));
#5187 = LINE('',#5188,#5189);
#5188 = CARTESIAN_POINT('',(6.4,0.65,-4.1));
#5189 = VECTOR('',#5190,1.);
#5190 = DIRECTION('',(-1.,0.,0.));
#5191 = ORIENTED_EDGE('',*,*,#5192,.T.);
#5192 = EDGE_CURVE('',#5185,#3350,#5193,.T.);
#5193 = LINE('',#5194,#5195);
#5194 = CARTESIAN_POINT('',(5.75,0.8,-4.1));
#5195 = VECTOR('',#5196,1.);
#5196 = DIRECTION('',(0.,-1.,0.));
#5197 = PLANE('',#5198);
#5198 = AXIS2_PLACEMENT_3D('',#5199,#5200,#5201);
#5199 = CARTESIAN_POINT('',(6.4,0.8,-4.1));
#5200 = DIRECTION('',(0.,0.,1.));
#5201 = DIRECTION('',(1.,0.,-0.));
#5202 = ADVANCED_FACE('',(#5203),#5214,.F.);
#5203 = FACE_BOUND('',#5204,.T.);
#5204 = EDGE_LOOP('',(#5205,#5206,#5207,#5208));
#5205 = ORIENTED_EDGE('',*,*,#4037,.F.);
#5206 = ORIENTED_EDGE('',*,*,#3245,.T.);
#5207 = ORIENTED_EDGE('',*,*,#4536,.T.);
#5208 = ORIENTED_EDGE('',*,*,#5209,.F.);
#5209 = EDGE_CURVE('',#4038,#4537,#5210,.T.);
#5210 = LINE('',#5211,#5212);
#5211 = CARTESIAN_POINT('',(-1.4,-0.1,-4.1));
#5212 = VECTOR('',#5213,1.);
#5213 = DIRECTION('',(-1.,0.,0.));
#5214 = PLANE('',#5215);
#5215 = AXIS2_PLACEMENT_3D('',#5216,#5217,#5218);
#5216 = CARTESIAN_POINT('',(-1.4,-0.1,-4.1));
#5217 = DIRECTION('',(0.,0.,-1.));
#5218 = DIRECTION('',(-1.,0.,-0.));
#5219 = ADVANCED_FACE('',(#5220),#5231,.F.);
#5220 = FACE_BOUND('',#5221,.T.);
#5221 = EDGE_LOOP('',(#5222,#5223,#5224,#5225));
#5222 = ORIENTED_EDGE('',*,*,#4278,.F.);
#5223 = ORIENTED_EDGE('',*,*,#3213,.T.);
#5224 = ORIENTED_EDGE('',*,*,#4783,.T.);
#5225 = ORIENTED_EDGE('',*,*,#5226,.F.);
#5226 = EDGE_CURVE('',#4279,#4784,#5227,.T.);
#5227 = LINE('',#5228,#5229);
#5228 = CARTESIAN_POINT('',(-4.4,-0.1,-4.1));
#5229 = VECTOR('',#5230,1.);
#5230 = DIRECTION('',(-1.,0.,0.));
#5231 = PLANE('',#5232);
#5232 = AXIS2_PLACEMENT_3D('',#5233,#5234,#5235);
#5233 = CARTESIAN_POINT('',(-4.4,-0.1,-4.1));
#5234 = DIRECTION('',(0.,0.,-1.));
#5235 = DIRECTION('',(-1.,0.,-0.));
#5236 = ADVANCED_FACE('',(#5237),#5243,.F.);
#5237 = FACE_BOUND('',#5238,.T.);
#5238 = EDGE_LOOP('',(#5239,#5240,#5241,#5242));
#5239 = ORIENTED_EDGE('',*,*,#3237,.T.);
#5240 = ORIENTED_EDGE('',*,*,#4200,.F.);
#5241 = ORIENTED_EDGE('',*,*,#4979,.F.);
#5242 = ORIENTED_EDGE('',*,*,#4544,.F.);
#5243 = PLANE('',#5244);
#5244 = AXIS2_PLACEMENT_3D('',#5245,#5246,#5247);
#5245 = CARTESIAN_POINT('',(6.4,0.8,-4.1));
#5246 = DIRECTION('',(0.,0.,1.));
#5247 = DIRECTION('',(1.,0.,-0.));
#5248 = ADVANCED_FACE('',(#5249),#5290,.T.);
#5249 = FACE_BOUND('',#5250,.T.);
#5250 = EDGE_LOOP('',(#5251,#5259,#5267,#5275,#5283,#5289));
#5251 = ORIENTED_EDGE('',*,*,#5252,.T.);
#5252 = EDGE_CURVE('',#3198,#5253,#5255,.T.);
#5253 = VERTEX_POINT('',#5254);
#5254 = CARTESIAN_POINT('',(-5.75,0.,-3.8));
#5255 = LINE('',#5256,#5257);
#5256 = CARTESIAN_POINT('',(-5.75,0.4,-3.8));
#5257 = VECTOR('',#5258,1.);
#5258 = DIRECTION('',(0.,-1.,0.));
#5259 = ORIENTED_EDGE('',*,*,#5260,.T.);
#5260 = EDGE_CURVE('',#5253,#5261,#5263,.T.);
#5261 = VERTEX_POINT('',#5262);
#5262 = CARTESIAN_POINT('',(-5.75,0.,0.));
#5263 = LINE('',#5264,#5265);
#5264 = CARTESIAN_POINT('',(-5.75,0.,-4.3));
#5265 = VECTOR('',#5266,1.);
#5266 = DIRECTION('',(0.,0.,1.));
#5267 = ORIENTED_EDGE('',*,*,#5268,.F.);
#5268 = EDGE_CURVE('',#5269,#5261,#5271,.T.);
#5269 = VERTEX_POINT('',#5270);
#5270 = CARTESIAN_POINT('',(-5.75,0.65,0.));
#5271 = LINE('',#5272,#5273);
#5272 = CARTESIAN_POINT('',(-5.75,0.65,0.));
#5273 = VECTOR('',#5274,1.);
#5274 = DIRECTION('',(0.,-1.,0.));
#5275 = ORIENTED_EDGE('',*,*,#5276,.F.);
#5276 = EDGE_CURVE('',#5277,#5269,#5279,.T.);
#5277 = VERTEX_POINT('',#5278);
#5278 = CARTESIAN_POINT('',(-5.75,0.65,-4.1));
#5279 = LINE('',#5280,#5281);
#5280 = CARTESIAN_POINT('',(-5.75,0.65,-4.3));
#5281 = VECTOR('',#5282,1.);
#5282 = DIRECTION('',(0.,0.,1.));
#5283 = ORIENTED_EDGE('',*,*,#5284,.T.);
#5284 = EDGE_CURVE('',#5277,#3196,#5285,.T.);
#5285 = LINE('',#5286,#5287);
#5286 = CARTESIAN_POINT('',(-5.75,0.8,-4.1));
#5287 = VECTOR('',#5288,1.);
#5288 = DIRECTION('',(0.,-1.,0.));
#5289 = ORIENTED_EDGE('',*,*,#3195,.T.);
#5290 = PLANE('',#5291);
#5291 = AXIS2_PLACEMENT_3D('',#5292,#5293,#5294);
#5292 = CARTESIAN_POINT('',(-5.75,0.65,-4.3));
#5293 = DIRECTION('',(-1.,0.,0.));
#5294 = DIRECTION('',(0.,0.,-1.));
#5295 = ADVANCED_FACE('',(#5296),#5302,.F.);
#5296 = FACE_BOUND('',#5297,.T.);
#5297 = EDGE_LOOP('',(#5298,#5299,#5300,#5301));
#5298 = ORIENTED_EDGE('',*,*,#3285,.T.);
#5299 = ORIENTED_EDGE('',*,*,#4413,.F.);
#5300 = ORIENTED_EDGE('',*,*,#3958,.F.);
#5301 = ORIENTED_EDGE('',*,*,#3540,.F.);
#5302 = PLANE('',#5303);
#5303 = AXIS2_PLACEMENT_3D('',#5304,#5305,#5306);
#5304 = CARTESIAN_POINT('',(6.4,0.8,-4.1));
#5305 = DIRECTION('',(0.,0.,1.));
#5306 = DIRECTION('',(1.,0.,-0.));
#5307 = ADVANCED_FACE('',(#5308),#5319,.F.);
#5308 = FACE_BOUND('',#5309,.T.);
#5309 = EDGE_LOOP('',(#5310,#5311,#5312,#5313));
#5310 = ORIENTED_EDGE('',*,*,#3784,.F.);
#5311 = ORIENTED_EDGE('',*,*,#3325,.T.);
#5312 = ORIENTED_EDGE('',*,*,#4092,.T.);
#5313 = ORIENTED_EDGE('',*,*,#5314,.F.);
#5314 = EDGE_CURVE('',#3785,#4093,#5315,.T.);
#5315 = LINE('',#5316,#5317);
#5316 = CARTESIAN_POINT('',(3.6,-0.1,-4.1));
#5317 = VECTOR('',#5318,1.);
#5318 = DIRECTION('',(-1.,0.,0.));
#5319 = PLANE('',#5320);
#5320 = AXIS2_PLACEMENT_3D('',#5321,#5322,#5323);
#5321 = CARTESIAN_POINT('',(3.6,-0.1,-4.1));
#5322 = DIRECTION('',(0.,0.,-1.));
#5323 = DIRECTION('',(-1.,0.,-0.));
#5324 = ADVANCED_FACE('',(#5325),#5336,.F.);
#5325 = FACE_BOUND('',#5326,.T.);
#5326 = EDGE_LOOP('',(#5327,#5328,#5329,#5330));
#5327 = ORIENTED_EDGE('',*,*,#4419,.F.);
#5328 = ORIENTED_EDGE('',*,*,#3277,.T.);
#5329 = ORIENTED_EDGE('',*,*,#4663,.T.);
#5330 = ORIENTED_EDGE('',*,*,#5331,.F.);
#5331 = EDGE_CURVE('',#4420,#4664,#5332,.T.);
#5332 = LINE('',#5333,#5334);
#5333 = CARTESIAN_POINT('',(0.6,-0.1,-4.1));
#5334 = VECTOR('',#5335,1.);
#5335 = DIRECTION('',(-1.,0.,0.));
#5336 = PLANE('',#5337);
#5337 = AXIS2_PLACEMENT_3D('',#5338,#5339,#5340);
#5338 = CARTESIAN_POINT('',(0.6,-0.1,-4.1));
#5339 = DIRECTION('',(0.,0.,-1.));
#5340 = DIRECTION('',(-1.,0.,-0.));
#5341 = ADVANCED_FACE('',(#5342),#5376,.F.);
#5342 = FACE_BOUND('',#5343,.T.);
#5343 = EDGE_LOOP('',(#5344,#5345,#5346,#5354,#5362,#5370));
#5344 = ORIENTED_EDGE('',*,*,#3357,.F.);
#5345 = ORIENTED_EDGE('',*,*,#5192,.F.);
#5346 = ORIENTED_EDGE('',*,*,#5347,.T.);
#5347 = EDGE_CURVE('',#5185,#5348,#5350,.T.);
#5348 = VERTEX_POINT('',#5349);
#5349 = CARTESIAN_POINT('',(5.75,0.65,0.));
#5350 = LINE('',#5351,#5352);
#5351 = CARTESIAN_POINT('',(5.75,0.65,-4.3));
#5352 = VECTOR('',#5353,1.);
#5353 = DIRECTION('',(0.,0.,1.));
#5354 = ORIENTED_EDGE('',*,*,#5355,.T.);
#5355 = EDGE_CURVE('',#5348,#5356,#5358,.T.);
#5356 = VERTEX_POINT('',#5357);
#5357 = CARTESIAN_POINT('',(5.75,0.,0.));
#5358 = LINE('',#5359,#5360);
#5359 = CARTESIAN_POINT('',(5.75,0.65,0.));
#5360 = VECTOR('',#5361,1.);
#5361 = DIRECTION('',(0.,-1.,0.));
#5362 = ORIENTED_EDGE('',*,*,#5363,.F.);
#5363 = EDGE_CURVE('',#5364,#5356,#5366,.T.);
#5364 = VERTEX_POINT('',#5365);
#5365 = CARTESIAN_POINT('',(5.75,0.,-3.8));
#5366 = LINE('',#5367,#5368);
#5367 = CARTESIAN_POINT('',(5.75,0.,-4.3));
#5368 = VECTOR('',#5369,1.);
#5369 = DIRECTION('',(0.,0.,1.));
#5370 = ORIENTED_EDGE('',*,*,#5371,.F.);
#5371 = EDGE_CURVE('',#3358,#5364,#5372,.T.);
#5372 = LINE('',#5373,#5374);
#5373 = CARTESIAN_POINT('',(5.75,0.4,-3.8));
#5374 = VECTOR('',#5375,1.);
#5375 = DIRECTION('',(0.,-1.,0.));
#5376 = PLANE('',#5377);
#5377 = AXIS2_PLACEMENT_3D('',#5378,#5379,#5380);
#5378 = CARTESIAN_POINT('',(5.75,0.65,-4.3));
#5379 = DIRECTION('',(-1.,0.,0.));
#5380 = DIRECTION('',(0.,0.,-1.));
#5381 = ADVANCED_FACE('',(#5382),#5388,.F.);
#5382 = FACE_BOUND('',#5383,.T.);
#5383 = EDGE_LOOP('',(#5384,#5385,#5386,#5387));
#5384 = ORIENTED_EDGE('',*,*,#3333,.T.);
#5385 = ORIENTED_EDGE('',*,*,#3778,.F.);
#5386 = ORIENTED_EDGE('',*,*,#4622,.F.);
#5387 = ORIENTED_EDGE('',*,*,#3416,.F.);
#5388 = PLANE('',#5389);
#5389 = AXIS2_PLACEMENT_3D('',#5390,#5391,#5392);
#5390 = CARTESIAN_POINT('',(6.4,0.8,-4.1));
#5391 = DIRECTION('',(0.,0.,1.));
#5392 = DIRECTION('',(1.,0.,-0.));
#5393 = ADVANCED_FACE('',(#5394),#5405,.F.);
#5394 = FACE_BOUND('',#5395,.T.);
#5395 = EDGE_LOOP('',(#5396,#5397,#5398,#5399));
#5396 = ORIENTED_EDGE('',*,*,#4924,.F.);
#5397 = ORIENTED_EDGE('',*,*,#3293,.T.);
#5398 = ORIENTED_EDGE('',*,*,#3532,.T.);
#5399 = ORIENTED_EDGE('',*,*,#5400,.F.);
#5400 = EDGE_CURVE('',#4925,#3533,#5401,.T.);
#5401 = LINE('',#5402,#5403);
#5402 = CARTESIAN_POINT('',(1.6,-0.1,-4.1));
#5403 = VECTOR('',#5404,1.);
#5404 = DIRECTION('',(-1.,0.,0.));
#5405 = PLANE('',#5406);
#5406 = AXIS2_PLACEMENT_3D('',#5407,#5408,#5409);
#5407 = CARTESIAN_POINT('',(1.6,-0.1,-4.1));
#5408 = DIRECTION('',(0.,0.,-1.));
#5409 = DIRECTION('',(-1.,0.,-0.));
#5410 = ADVANCED_FACE('',(#5411),#5422,.F.);
#5411 = FACE_BOUND('',#5412,.T.);
#5412 = EDGE_LOOP('',(#5413,#5414,#5415,#5416));
#5413 = ORIENTED_EDGE('',*,*,#4340,.F.);
#5414 = ORIENTED_EDGE('',*,*,#3261,.T.);
#5415 = ORIENTED_EDGE('',*,*,#4845,.T.);
#5416 = ORIENTED_EDGE('',*,*,#5417,.F.);
#5417 = EDGE_CURVE('',#4341,#4846,#5418,.T.);
#5418 = LINE('',#5419,#5420);
#5419 = CARTESIAN_POINT('',(-0.4,-0.1,-4.1));
#5420 = VECTOR('',#5421,1.);
#5421 = DIRECTION('',(-1.,0.,0.));
#5422 = PLANE('',#5423);
#5423 = AXIS2_PLACEMENT_3D('',#5424,#5425,#5426);
#5424 = CARTESIAN_POINT('',(-0.4,-0.1,-4.1));
#5425 = DIRECTION('',(0.,0.,-1.));
#5426 = DIRECTION('',(-1.,0.,-0.));
#5427 = ADVANCED_FACE('',(#5428),#5434,.F.);
#5428 = FACE_BOUND('',#5429,.T.);
#5429 = EDGE_LOOP('',(#5430,#5431,#5432,#5433));
#5430 = ORIENTED_EDGE('',*,*,#3301,.T.);
#5431 = ORIENTED_EDGE('',*,*,#4918,.F.);
#5432 = ORIENTED_EDGE('',*,*,#4006,.F.);
#5433 = ORIENTED_EDGE('',*,*,#3709,.F.);
#5434 = PLANE('',#5435);
#5435 = AXIS2_PLACEMENT_3D('',#5436,#5437,#5438);
#5436 = CARTESIAN_POINT('',(6.4,0.8,-4.1));
#5437 = DIRECTION('',(0.,0.,1.));
#5438 = DIRECTION('',(1.,0.,-0.));
#5439 = ADVANCED_FACE('',(#5440),#5446,.F.);
#5440 = FACE_BOUND('',#5441,.T.);
#5441 = EDGE_LOOP('',(#5442,#5443,#5444,#5445));
#5442 = ORIENTED_EDGE('',*,*,#3221,.T.);
#5443 = ORIENTED_EDGE('',*,*,#4272,.F.);
#5444 = ORIENTED_EDGE('',*,*,#3982,.F.);
#5445 = ORIENTED_EDGE('',*,*,#3380,.F.);
#5446 = PLANE('',#5447);
#5447 = AXIS2_PLACEMENT_3D('',#5448,#5449,#5450);
#5448 = CARTESIAN_POINT('',(6.4,0.8,-4.1));
#5449 = DIRECTION('',(0.,0.,1.));
#5450 = DIRECTION('',(1.,0.,-0.));
#5451 = ADVANCED_FACE('',(#5452),#5465,.F.);
#5452 = FACE_BOUND('',#5453,.T.);
#5453 = EDGE_LOOP('',(#5454,#5455,#5456,#5457,#5463,#5464));
#5454 = ORIENTED_EDGE('',*,*,#4791,.F.);
#5455 = ORIENTED_EDGE('',*,*,#3205,.T.);
#5456 = ORIENTED_EDGE('',*,*,#5284,.F.);
#5457 = ORIENTED_EDGE('',*,*,#5458,.F.);
#5458 = EDGE_CURVE('',#3937,#5277,#5459,.T.);
#5459 = LINE('',#5460,#5461);
#5460 = CARTESIAN_POINT('',(6.4,0.65,-4.1));
#5461 = VECTOR('',#5462,1.);
#5462 = DIRECTION('',(1.,0.,0.));
#5463 = ORIENTED_EDGE('',*,*,#3936,.T.);
#5464 = ORIENTED_EDGE('',*,*,#5031,.F.);
#5465 = PLANE('',#5466);
#5466 = AXIS2_PLACEMENT_3D('',#5467,#5468,#5469);
#5467 = CARTESIAN_POINT('',(6.4,0.8,-4.1));
#5468 = DIRECTION('',(0.,0.,1.));
#5469 = DIRECTION('',(1.,0.,-0.));
#5470 = ADVANCED_FACE('',(#5471),#5482,.F.);
#5471 = FACE_BOUND('',#5472,.T.);
#5472 = EDGE_LOOP('',(#5473,#5474,#5475,#5476));
#5473 = ORIENTED_EDGE('',*,*,#5252,.F.);
#5474 = ORIENTED_EDGE('',*,*,#3365,.F.);
#5475 = ORIENTED_EDGE('',*,*,#5371,.T.);
#5476 = ORIENTED_EDGE('',*,*,#5477,.T.);
#5477 = EDGE_CURVE('',#5364,#5253,#5478,.T.);
#5478 = LINE('',#5479,#5480);
#5479 = CARTESIAN_POINT('',(6.4,2.633107345842E-32,-3.8));
#5480 = VECTOR('',#5481,1.);
#5481 = DIRECTION('',(-1.,0.,0.));
#5482 = PLANE('',#5483);
#5483 = AXIS2_PLACEMENT_3D('',#5484,#5485,#5486);
#5484 = CARTESIAN_POINT('',(6.4,0.4,-3.8));
#5485 = DIRECTION('',(0.,0.,1.));
#5486 = DIRECTION('',(1.,0.,-0.));
#5487 = ADVANCED_FACE('',(#5488),#5499,.F.);
#5488 = FACE_BOUND('',#5489,.T.);
#5489 = EDGE_LOOP('',(#5490,#5491,#5492,#5493));
#5490 = ORIENTED_EDGE('',*,*,#3615,.F.);
#5491 = ORIENTED_EDGE('',*,*,#3309,.T.);
#5492 = ORIENTED_EDGE('',*,*,#3701,.T.);
#5493 = ORIENTED_EDGE('',*,*,#5494,.F.);
#5494 = EDGE_CURVE('',#3616,#3702,#5495,.T.);
#5495 = LINE('',#5496,#5497);
#5496 = CARTESIAN_POINT('',(2.6,-0.1,-4.1));
#5497 = VECTOR('',#5498,1.);
#5498 = DIRECTION('',(-1.,0.,0.));
#5499 = PLANE('',#5500);
#5500 = AXIS2_PLACEMENT_3D('',#5501,#5502,#5503);
#5501 = CARTESIAN_POINT('',(2.6,-0.1,-4.1));
#5502 = DIRECTION('',(0.,0.,-1.));
#5503 = DIRECTION('',(-1.,0.,-0.));
#5504 = ADVANCED_FACE('',(#5505),#5521,.F.);
#5505 = FACE_BOUND('',#5506,.T.);
#5506 = EDGE_LOOP('',(#5507,#5508,#5514,#5515));
#5507 = ORIENTED_EDGE('',*,*,#3447,.T.);
#5508 = ORIENTED_EDGE('',*,*,#5509,.F.);
#5509 = EDGE_CURVE('',#4506,#3440,#5510,.T.);
#5510 = LINE('',#5511,#5512);
#5511 = CARTESIAN_POINT('',(4.6,0.1,-4.5));
#5512 = VECTOR('',#5513,1.);
#5513 = DIRECTION('',(-1.,0.,0.));
#5514 = ORIENTED_EDGE('',*,*,#4505,.F.);
#5515 = ORIENTED_EDGE('',*,*,#5516,.T.);
#5516 = EDGE_CURVE('',#4498,#3448,#5517,.T.);
#5517 = LINE('',#5518,#5519);
#5518 = CARTESIAN_POINT('',(4.6,0.1,-5.));
#5519 = VECTOR('',#5520,1.);
#5520 = DIRECTION('',(-1.,0.,0.));
#5521 = PLANE('',#5522);
#5522 = AXIS2_PLACEMENT_3D('',#5523,#5524,#5525);
#5523 = CARTESIAN_POINT('',(4.6,0.1,-4.5));
#5524 = DIRECTION('',(0.,-1.,-2.710505431214E-17));
#5525 = DIRECTION('',(0.,2.710505431214E-17,-1.));
#5526 = ADVANCED_FACE('',(#5527),#5538,.F.);
#5527 = FACE_BOUND('',#5528,.T.);
#5528 = EDGE_LOOP('',(#5529,#5530,#5531,#5532));
#5529 = ORIENTED_EDGE('',*,*,#3455,.T.);
#5530 = ORIENTED_EDGE('',*,*,#5516,.F.);
#5531 = ORIENTED_EDGE('',*,*,#4497,.F.);
#5532 = ORIENTED_EDGE('',*,*,#5533,.T.);
#5533 = EDGE_CURVE('',#4490,#3456,#5534,.T.);
#5534 = LINE('',#5535,#5536);
#5535 = CARTESIAN_POINT('',(4.6,-1.E-01,-5.));
#5536 = VECTOR('',#5537,1.);
#5537 = DIRECTION('',(-1.,0.,0.));
#5538 = PLANE('',#5539);
#5539 = AXIS2_PLACEMENT_3D('',#5540,#5541,#5542);
#5540 = CARTESIAN_POINT('',(4.6,0.1,-5.));
#5541 = DIRECTION('',(0.,0.,1.));
#5542 = DIRECTION('',(1.,0.,-0.));
#5543 = ADVANCED_FACE('',(#5544),#5550,.F.);
#5544 = FACE_BOUND('',#5545,.T.);
#5545 = EDGE_LOOP('',(#5546,#5547,#5548,#5549));
#5546 = ORIENTED_EDGE('',*,*,#3439,.T.);
#5547 = ORIENTED_EDGE('',*,*,#4752,.F.);
#5548 = ORIENTED_EDGE('',*,*,#4513,.F.);
#5549 = ORIENTED_EDGE('',*,*,#5509,.T.);
#5550 = PLANE('',#5551);
#5551 = AXIS2_PLACEMENT_3D('',#5552,#5553,#5554);
#5552 = CARTESIAN_POINT('',(4.6,1.47,-4.5));
#5553 = DIRECTION('',(0.,0.,1.));
#5554 = DIRECTION('',(1.,0.,-0.));
#5555 = ADVANCED_FACE('',(#5556),#5562,.F.);
#5556 = FACE_BOUND('',#5557,.T.);
#5557 = EDGE_LOOP('',(#5558,#5559,#5560,#5561));
#5558 = ORIENTED_EDGE('',*,*,#3463,.T.);
#5559 = ORIENTED_EDGE('',*,*,#5533,.F.);
#5560 = ORIENTED_EDGE('',*,*,#4489,.F.);
#5561 = ORIENTED_EDGE('',*,*,#5130,.T.);
#5562 = PLANE('',#5563);
#5563 = AXIS2_PLACEMENT_3D('',#5564,#5565,#5566);
#5564 = CARTESIAN_POINT('',(4.6,-1.E-01,-5.));
#5565 = DIRECTION('',(0.,1.,1.054085445472E-16));
#5566 = DIRECTION('',(0.,-1.054085445472E-16,1.));
#5567 = ADVANCED_FACE('',(#5568),#5584,.F.);
#5568 = FACE_BOUND('',#5569,.T.);
#5569 = EDGE_LOOP('',(#5570,#5571,#5577,#5578));
#5570 = ORIENTED_EDGE('',*,*,#3579,.T.);
#5571 = ORIENTED_EDGE('',*,*,#5572,.F.);
#5572 = EDGE_CURVE('',#4941,#3572,#5573,.T.);
#5573 = LINE('',#5574,#5575);
#5574 = CARTESIAN_POINT('',(1.6,0.1,-5.));
#5575 = VECTOR('',#5576,1.);
#5576 = DIRECTION('',(-1.,0.,0.));
#5577 = ORIENTED_EDGE('',*,*,#4940,.F.);
#5578 = ORIENTED_EDGE('',*,*,#5579,.T.);
#5579 = EDGE_CURVE('',#4933,#3580,#5580,.T.);
#5580 = LINE('',#5581,#5582);
#5581 = CARTESIAN_POINT('',(1.6,-1.E-01,-5.));
#5582 = VECTOR('',#5583,1.);
#5583 = DIRECTION('',(-1.,0.,0.));
#5584 = PLANE('',#5585);
#5585 = AXIS2_PLACEMENT_3D('',#5586,#5587,#5588);
#5586 = CARTESIAN_POINT('',(1.6,0.1,-5.));
#5587 = DIRECTION('',(0.,0.,1.));
#5588 = DIRECTION('',(1.,0.,-0.));
#5589 = ADVANCED_FACE('',(#5590),#5596,.F.);
#5590 = FACE_BOUND('',#5591,.T.);
#5591 = EDGE_LOOP('',(#5592,#5593,#5594,#5595));
#5592 = ORIENTED_EDGE('',*,*,#3587,.T.);
#5593 = ORIENTED_EDGE('',*,*,#5579,.F.);
#5594 = ORIENTED_EDGE('',*,*,#4932,.F.);
#5595 = ORIENTED_EDGE('',*,*,#5400,.T.);
#5596 = PLANE('',#5597);
#5597 = AXIS2_PLACEMENT_3D('',#5598,#5599,#5600);
#5598 = CARTESIAN_POINT('',(1.6,-1.E-01,-5.));
#5599 = DIRECTION('',(0.,1.,1.054085445472E-16));
#5600 = DIRECTION('',(0.,-1.054085445472E-16,1.));
#5601 = ADVANCED_FACE('',(#5602),#5613,.F.);
#5602 = FACE_BOUND('',#5603,.T.);
#5603 = EDGE_LOOP('',(#5604,#5605,#5611,#5612));
#5604 = ORIENTED_EDGE('',*,*,#3571,.T.);
#5605 = ORIENTED_EDGE('',*,*,#5606,.F.);
#5606 = EDGE_CURVE('',#4949,#3564,#5607,.T.);
#5607 = LINE('',#5608,#5609);
#5608 = CARTESIAN_POINT('',(1.6,0.1,-4.5));
#5609 = VECTOR('',#5610,1.);
#5610 = DIRECTION('',(-1.,0.,0.));
#5611 = ORIENTED_EDGE('',*,*,#4948,.F.);
#5612 = ORIENTED_EDGE('',*,*,#5572,.T.);
#5613 = PLANE('',#5614);
#5614 = AXIS2_PLACEMENT_3D('',#5615,#5616,#5617);
#5615 = CARTESIAN_POINT('',(1.6,0.1,-4.5));
#5616 = DIRECTION('',(0.,-1.,-2.710505431214E-17));
#5617 = DIRECTION('',(0.,2.710505431214E-17,-1.));
#5618 = ADVANCED_FACE('',(#5619),#5625,.F.);
#5619 = FACE_BOUND('',#5620,.T.);
#5620 = EDGE_LOOP('',(#5621,#5622,#5623,#5624));
#5621 = ORIENTED_EDGE('',*,*,#3563,.T.);
#5622 = ORIENTED_EDGE('',*,*,#5016,.F.);
#5623 = ORIENTED_EDGE('',*,*,#4956,.F.);
#5624 = ORIENTED_EDGE('',*,*,#5606,.T.);
#5625 = PLANE('',#5626);
#5626 = AXIS2_PLACEMENT_3D('',#5627,#5628,#5629);
#5627 = CARTESIAN_POINT('',(1.6,1.47,-4.5));
#5628 = DIRECTION('',(0.,0.,1.));
#5629 = DIRECTION('',(1.,0.,-0.));
#5630 = ADVANCED_FACE('',(#5631),#5642,.F.);
#5631 = FACE_BOUND('',#5632,.T.);
#5632 = EDGE_LOOP('',(#5633,#5634,#5640,#5641));
#5633 = ORIENTED_EDGE('',*,*,#3756,.T.);
#5634 = ORIENTED_EDGE('',*,*,#5635,.F.);
#5635 = EDGE_CURVE('',#3624,#3749,#5636,.T.);
#5636 = LINE('',#5637,#5638);
#5637 = CARTESIAN_POINT('',(2.6,-1.E-01,-5.));
#5638 = VECTOR('',#5639,1.);
#5639 = DIRECTION('',(-1.,0.,0.));
#5640 = ORIENTED_EDGE('',*,*,#3623,.F.);
#5641 = ORIENTED_EDGE('',*,*,#5494,.T.);
#5642 = PLANE('',#5643);
#5643 = AXIS2_PLACEMENT_3D('',#5644,#5645,#5646);
#5644 = CARTESIAN_POINT('',(2.6,-1.E-01,-5.));
#5645 = DIRECTION('',(0.,1.,1.054085445472E-16));
#5646 = DIRECTION('',(0.,-1.054085445472E-16,1.));
#5647 = ADVANCED_FACE('',(#5648),#5664,.F.);
#5648 = FACE_BOUND('',#5649,.T.);
#5649 = EDGE_LOOP('',(#5650,#5651,#5657,#5658));
#5650 = ORIENTED_EDGE('',*,*,#3740,.T.);
#5651 = ORIENTED_EDGE('',*,*,#5652,.F.);
#5652 = EDGE_CURVE('',#3640,#3733,#5653,.T.);
#5653 = LINE('',#5654,#5655);
#5654 = CARTESIAN_POINT('',(2.6,0.1,-4.5));
#5655 = VECTOR('',#5656,1.);
#5656 = DIRECTION('',(-1.,0.,0.));
#5657 = ORIENTED_EDGE('',*,*,#3639,.F.);
#5658 = ORIENTED_EDGE('',*,*,#5659,.T.);
#5659 = EDGE_CURVE('',#3632,#3741,#5660,.T.);
#5660 = LINE('',#5661,#5662);
#5661 = CARTESIAN_POINT('',(2.6,0.1,-5.));
#5662 = VECTOR('',#5663,1.);
#5663 = DIRECTION('',(-1.,0.,0.));
#5664 = PLANE('',#5665);
#5665 = AXIS2_PLACEMENT_3D('',#5666,#5667,#5668);
#5666 = CARTESIAN_POINT('',(2.6,0.1,-4.5));
#5667 = DIRECTION('',(0.,-1.,-2.710505431214E-17));
#5668 = DIRECTION('',(0.,2.710505431214E-17,-1.));
#5669 = ADVANCED_FACE('',(#5670),#5676,.F.);
#5670 = FACE_BOUND('',#5671,.T.);
#5671 = EDGE_LOOP('',(#5672,#5673,#5674,#5675));
#5672 = ORIENTED_EDGE('',*,*,#3732,.T.);
#5673 = ORIENTED_EDGE('',*,*,#4608,.F.);
#5674 = ORIENTED_EDGE('',*,*,#3647,.F.);
#5675 = ORIENTED_EDGE('',*,*,#5652,.T.);
#5676 = PLANE('',#5677);
#5677 = AXIS2_PLACEMENT_3D('',#5678,#5679,#5680);
#5678 = CARTESIAN_POINT('',(2.6,1.47,-4.5));
#5679 = DIRECTION('',(0.,0.,1.));
#5680 = DIRECTION('',(1.,0.,-0.));
#5681 = ADVANCED_FACE('',(#5682),#5688,.F.);
#5682 = FACE_BOUND('',#5683,.T.);
#5683 = EDGE_LOOP('',(#5684,#5685,#5686,#5687));
#5684 = ORIENTED_EDGE('',*,*,#3748,.T.);
#5685 = ORIENTED_EDGE('',*,*,#5659,.F.);
#5686 = ORIENTED_EDGE('',*,*,#3631,.F.);
#5687 = ORIENTED_EDGE('',*,*,#5635,.T.);
#5688 = PLANE('',#5689);
#5689 = AXIS2_PLACEMENT_3D('',#5690,#5691,#5692);
#5690 = CARTESIAN_POINT('',(2.6,0.1,-5.));
#5691 = DIRECTION('',(0.,0.,1.));
#5692 = DIRECTION('',(1.,0.,-0.));
#5693 = ADVANCED_FACE('',(#5694),#5705,.F.);
#5694 = FACE_BOUND('',#5695,.T.);
#5695 = EDGE_LOOP('',(#5696,#5697,#5703,#5704));
#5696 = ORIENTED_EDGE('',*,*,#4147,.T.);
#5697 = ORIENTED_EDGE('',*,*,#5698,.F.);
#5698 = EDGE_CURVE('',#3793,#4140,#5699,.T.);
#5699 = LINE('',#5700,#5701);
#5700 = CARTESIAN_POINT('',(3.6,-1.E-01,-5.));
#5701 = VECTOR('',#5702,1.);
#5702 = DIRECTION('',(-1.,0.,0.));
#5703 = ORIENTED_EDGE('',*,*,#3792,.F.);
#5704 = ORIENTED_EDGE('',*,*,#5314,.T.);
#5705 = PLANE('',#5706);
#5706 = AXIS2_PLACEMENT_3D('',#5707,#5708,#5709);
#5707 = CARTESIAN_POINT('',(3.6,-1.E-01,-5.));
#5708 = DIRECTION('',(0.,1.,1.054085445472E-16));
#5709 = DIRECTION('',(0.,-1.054085445472E-16,1.));
#5710 = ADVANCED_FACE('',(#5711),#5727,.F.);
#5711 = FACE_BOUND('',#5712,.T.);
#5712 = EDGE_LOOP('',(#5713,#5714,#5720,#5721));
#5713 = ORIENTED_EDGE('',*,*,#4131,.T.);
#5714 = ORIENTED_EDGE('',*,*,#5715,.F.);
#5715 = EDGE_CURVE('',#3809,#4124,#5716,.T.);
#5716 = LINE('',#5717,#5718);
#5717 = CARTESIAN_POINT('',(3.6,0.1,-4.5));
#5718 = VECTOR('',#5719,1.);
#5719 = DIRECTION('',(-1.,0.,0.));
#5720 = ORIENTED_EDGE('',*,*,#3808,.F.);
#5721 = ORIENTED_EDGE('',*,*,#5722,.T.);
#5722 = EDGE_CURVE('',#3801,#4132,#5723,.T.);
#5723 = LINE('',#5724,#5725);
#5724 = CARTESIAN_POINT('',(3.6,0.1,-5.));
#5725 = VECTOR('',#5726,1.);
#5726 = DIRECTION('',(-1.,0.,0.));
#5727 = PLANE('',#5728);
#5728 = AXIS2_PLACEMENT_3D('',#5729,#5730,#5731);
#5729 = CARTESIAN_POINT('',(3.6,0.1,-4.5));
#5730 = DIRECTION('',(0.,-1.,-2.710505431214E-17));
#5731 = DIRECTION('',(0.,2.710505431214E-17,-1.));
#5732 = ADVANCED_FACE('',(#5733),#5739,.F.);
#5733 = FACE_BOUND('',#5734,.T.);
#5734 = EDGE_LOOP('',(#5735,#5736,#5737,#5738));
#5735 = ORIENTED_EDGE('',*,*,#4123,.T.);
#5736 = ORIENTED_EDGE('',*,*,#4398,.F.);
#5737 = ORIENTED_EDGE('',*,*,#3816,.F.);
#5738 = ORIENTED_EDGE('',*,*,#5715,.T.);
#5739 = PLANE('',#5740);
#5740 = AXIS2_PLACEMENT_3D('',#5741,#5742,#5743);
#5741 = CARTESIAN_POINT('',(3.6,1.47,-4.5));
#5742 = DIRECTION('',(0.,0.,1.));
#5743 = DIRECTION('',(1.,0.,-0.));
#5744 = ADVANCED_FACE('',(#5745),#5751,.F.);
#5745 = FACE_BOUND('',#5746,.T.);
#5746 = EDGE_LOOP('',(#5747,#5748,#5749,#5750));
#5747 = ORIENTED_EDGE('',*,*,#4139,.T.);
#5748 = ORIENTED_EDGE('',*,*,#5722,.F.);
#5749 = ORIENTED_EDGE('',*,*,#3800,.F.);
#5750 = ORIENTED_EDGE('',*,*,#5698,.T.);
#5751 = PLANE('',#5752);
#5752 = AXIS2_PLACEMENT_3D('',#5753,#5754,#5755);
#5753 = CARTESIAN_POINT('',(3.6,0.1,-5.));
#5754 = DIRECTION('',(0.,0.,1.));
#5755 = DIRECTION('',(1.,0.,-0.));
#5756 = ADVANCED_FACE('',(#5757),#5768,.F.);
#5757 = FACE_BOUND('',#5758,.T.);
#5758 = EDGE_LOOP('',(#5759,#5760,#5766,#5767));
#5759 = ORIENTED_EDGE('',*,*,#3913,.T.);
#5760 = ORIENTED_EDGE('',*,*,#5761,.F.);
#5761 = EDGE_CURVE('',#3874,#3906,#5762,.T.);
#5762 = LINE('',#5763,#5764);
#5763 = CARTESIAN_POINT('',(6.4,1.7,-4.1));
#5764 = VECTOR('',#5765,1.);
#5765 = DIRECTION('',(-1.,0.,0.));
#5766 = ORIENTED_EDGE('',*,*,#3873,.F.);
#5767 = ORIENTED_EDGE('',*,*,#4767,.T.);
#5768 = PLANE('',#5769);
#5769 = AXIS2_PLACEMENT_3D('',#5770,#5771,#5772);
#5770 = CARTESIAN_POINT('',(6.4,1.7,-4.1));
#5771 = DIRECTION('',(0.,0.,1.));
#5772 = DIRECTION('',(1.,0.,-0.));
#5773 = ADVANCED_FACE('',(#5774),#5849,.F.);
#5774 = FACE_BOUND('',#5775,.T.);
#5775 = EDGE_LOOP('',(#5776,#5784,#5792,#5800,#5808,#5816,#5824,#5832,
    #5840,#5846,#5847,#5848));
#5776 = ORIENTED_EDGE('',*,*,#5777,.T.);
#5777 = EDGE_CURVE('',#3898,#5778,#5780,.T.);
#5778 = VERTEX_POINT('',#5779);
#5779 = CARTESIAN_POINT('',(-6.,1.7,-1.8));
#5780 = LINE('',#5781,#5782);
#5781 = CARTESIAN_POINT('',(-6.4,1.7,-1.8));
#5782 = VECTOR('',#5783,1.);
#5783 = DIRECTION('',(1.,0.,0.));
#5784 = ORIENTED_EDGE('',*,*,#5785,.T.);
#5785 = EDGE_CURVE('',#5778,#5786,#5788,.T.);
#5786 = VERTEX_POINT('',#5787);
#5787 = CARTESIAN_POINT('',(-6.,1.7,-1.));
#5788 = LINE('',#5789,#5790);
#5789 = CARTESIAN_POINT('',(-6.,1.7,-1.8));
#5790 = VECTOR('',#5791,1.);
#5791 = DIRECTION('',(0.,0.,1.));
#5792 = ORIENTED_EDGE('',*,*,#5793,.T.);
#5793 = EDGE_CURVE('',#5786,#5794,#5796,.T.);
#5794 = VERTEX_POINT('',#5795);
#5795 = CARTESIAN_POINT('',(-6.4,1.7,-1.));
#5796 = LINE('',#5797,#5798);
#5797 = CARTESIAN_POINT('',(-6.4,1.7,-1.));
#5798 = VECTOR('',#5799,1.);
#5799 = DIRECTION('',(-1.,0.,0.));
#5800 = ORIENTED_EDGE('',*,*,#5801,.T.);
#5801 = EDGE_CURVE('',#5794,#5802,#5804,.T.);
#5802 = VERTEX_POINT('',#5803);
#5803 = CARTESIAN_POINT('',(-6.4,1.7,0.));
#5804 = LINE('',#5805,#5806);
#5805 = CARTESIAN_POINT('',(-6.4,1.7,0.));
#5806 = VECTOR('',#5807,1.);
#5807 = DIRECTION('',(0.,0.,1.));
#5808 = ORIENTED_EDGE('',*,*,#5809,.F.);
#5809 = EDGE_CURVE('',#5810,#5802,#5812,.T.);
#5810 = VERTEX_POINT('',#5811);
#5811 = CARTESIAN_POINT('',(6.4,1.7,0.));
#5812 = LINE('',#5813,#5814);
#5813 = CARTESIAN_POINT('',(6.4,1.7,0.));
#5814 = VECTOR('',#5815,1.);
#5815 = DIRECTION('',(-1.,0.,0.));
#5816 = ORIENTED_EDGE('',*,*,#5817,.F.);
#5817 = EDGE_CURVE('',#5818,#5810,#5820,.T.);
#5818 = VERTEX_POINT('',#5819);
#5819 = CARTESIAN_POINT('',(6.4,1.7,-1.));
#5820 = LINE('',#5821,#5822);
#5821 = CARTESIAN_POINT('',(6.4,1.7,0.));
#5822 = VECTOR('',#5823,1.);
#5823 = DIRECTION('',(0.,0.,1.));
#5824 = ORIENTED_EDGE('',*,*,#5825,.F.);
#5825 = EDGE_CURVE('',#5826,#5818,#5828,.T.);
#5826 = VERTEX_POINT('',#5827);
#5827 = CARTESIAN_POINT('',(6.,1.7,-1.));
#5828 = LINE('',#5829,#5830);
#5829 = CARTESIAN_POINT('',(6.4,1.7,-1.));
#5830 = VECTOR('',#5831,1.);
#5831 = DIRECTION('',(1.,0.,0.));
#5832 = ORIENTED_EDGE('',*,*,#5833,.F.);
#5833 = EDGE_CURVE('',#5834,#5826,#5836,.T.);
#5834 = VERTEX_POINT('',#5835);
#5835 = CARTESIAN_POINT('',(6.,1.7,-1.8));
#5836 = LINE('',#5837,#5838);
#5837 = CARTESIAN_POINT('',(6.,1.7,-1.8));
#5838 = VECTOR('',#5839,1.);
#5839 = DIRECTION('',(0.,0.,1.));
#5840 = ORIENTED_EDGE('',*,*,#5841,.F.);
#5841 = EDGE_CURVE('',#3842,#5834,#5842,.T.);
#5842 = LINE('',#5843,#5844);
#5843 = CARTESIAN_POINT('',(6.4,1.7,-1.8));
#5844 = VECTOR('',#5845,1.);
#5845 = DIRECTION('',(-1.,0.,0.));
#5846 = ORIENTED_EDGE('',*,*,#3881,.F.);
#5847 = ORIENTED_EDGE('',*,*,#5761,.T.);
#5848 = ORIENTED_EDGE('',*,*,#3905,.T.);
#5849 = PLANE('',#5850);
#5850 = AXIS2_PLACEMENT_3D('',#5851,#5852,#5853);
#5851 = CARTESIAN_POINT('',(6.4,1.7,0.));
#5852 = DIRECTION('',(0.,-1.,0.));
#5853 = DIRECTION('',(0.,-0.,-1.));
#5854 = ADVANCED_FACE('',(#5855),#5873,.F.);
#5855 = FACE_BOUND('',#5856,.T.);
#5856 = EDGE_LOOP('',(#5857,#5858,#5859,#5867));
#5857 = ORIENTED_EDGE('',*,*,#3839,.T.);
#5858 = ORIENTED_EDGE('',*,*,#5841,.T.);
#5859 = ORIENTED_EDGE('',*,*,#5860,.F.);
#5860 = EDGE_CURVE('',#5861,#5834,#5863,.T.);
#5861 = VERTEX_POINT('',#5862);
#5862 = CARTESIAN_POINT('',(6.,0.65,-1.8));
#5863 = LINE('',#5864,#5865);
#5864 = CARTESIAN_POINT('',(6.,0.,-1.8));
#5865 = VECTOR('',#5866,1.);
#5866 = DIRECTION('',(0.,1.,0.));
#5867 = ORIENTED_EDGE('',*,*,#5868,.F.);
#5868 = EDGE_CURVE('',#3840,#5861,#5869,.T.);
#5869 = LINE('',#5870,#5871);
#5870 = CARTESIAN_POINT('',(6.4,0.65,-1.8));
#5871 = VECTOR('',#5872,1.);
#5872 = DIRECTION('',(-1.,0.,0.));
#5873 = PLANE('',#5874);
#5874 = AXIS2_PLACEMENT_3D('',#5875,#5876,#5877);
#5875 = CARTESIAN_POINT('',(6.4,0.,-1.8));
#5876 = DIRECTION('',(0.,0.,-1.));
#5877 = DIRECTION('',(-1.,0.,-0.));
#5878 = ADVANCED_FACE('',(#5879),#5947,.F.);
#5879 = FACE_BOUND('',#5880,.T.);
#5880 = EDGE_LOOP('',(#5881,#5889,#5897,#5905,#5913,#5921,#5929,#5937,
    #5943,#5944,#5945,#5946));
#5881 = ORIENTED_EDGE('',*,*,#5882,.F.);
#5882 = EDGE_CURVE('',#5883,#5861,#5885,.T.);
#5883 = VERTEX_POINT('',#5884);
#5884 = CARTESIAN_POINT('',(6.,0.65,-1.9));
#5885 = LINE('',#5886,#5887);
#5886 = CARTESIAN_POINT('',(6.,0.65,-1.4));
#5887 = VECTOR('',#5888,1.);
#5888 = DIRECTION('',(0.,0.,1.));
#5889 = ORIENTED_EDGE('',*,*,#5890,.F.);
#5890 = EDGE_CURVE('',#5891,#5883,#5893,.T.);
#5891 = VERTEX_POINT('',#5892);
#5892 = CARTESIAN_POINT('',(5.8,0.65,-1.9));
#5893 = LINE('',#5894,#5895);
#5894 = CARTESIAN_POINT('',(5.8,0.65,-1.9));
#5895 = VECTOR('',#5896,1.);
#5896 = DIRECTION('',(1.,0.,0.));
#5897 = ORIENTED_EDGE('',*,*,#5898,.F.);
#5898 = EDGE_CURVE('',#5899,#5891,#5901,.T.);
#5899 = VERTEX_POINT('',#5900);
#5900 = CARTESIAN_POINT('',(5.8,0.65,-0.9));
#5901 = LINE('',#5902,#5903);
#5902 = CARTESIAN_POINT('',(5.8,0.65,-0.9));
#5903 = VECTOR('',#5904,1.);
#5904 = DIRECTION('',(0.,0.,-1.));
#5905 = ORIENTED_EDGE('',*,*,#5906,.F.);
#5906 = EDGE_CURVE('',#5907,#5899,#5909,.T.);
#5907 = VERTEX_POINT('',#5908);
#5908 = CARTESIAN_POINT('',(6.,0.65,-0.9));
#5909 = LINE('',#5910,#5911);
#5910 = CARTESIAN_POINT('',(6.,0.65,-0.9));
#5911 = VECTOR('',#5912,1.);
#5912 = DIRECTION('',(-1.,0.,0.));
#5913 = ORIENTED_EDGE('',*,*,#5914,.F.);
#5914 = EDGE_CURVE('',#5915,#5907,#5917,.T.);
#5915 = VERTEX_POINT('',#5916);
#5916 = CARTESIAN_POINT('',(6.,0.65,-1.));
#5917 = LINE('',#5918,#5919);
#5918 = CARTESIAN_POINT('',(6.,0.65,-1.4));
#5919 = VECTOR('',#5920,1.);
#5920 = DIRECTION('',(0.,0.,1.));
#5921 = ORIENTED_EDGE('',*,*,#5922,.T.);
#5922 = EDGE_CURVE('',#5915,#5923,#5925,.T.);
#5923 = VERTEX_POINT('',#5924);
#5924 = CARTESIAN_POINT('',(6.4,0.65,-1.));
#5925 = LINE('',#5926,#5927);
#5926 = CARTESIAN_POINT('',(6.4,0.65,-1.));
#5927 = VECTOR('',#5928,1.);
#5928 = DIRECTION('',(1.,0.,0.));
#5929 = ORIENTED_EDGE('',*,*,#5930,.T.);
#5930 = EDGE_CURVE('',#5923,#5931,#5933,.T.);
#5931 = VERTEX_POINT('',#5932);
#5932 = CARTESIAN_POINT('',(6.4,0.65,0.));
#5933 = LINE('',#5934,#5935);
#5934 = CARTESIAN_POINT('',(6.4,0.65,-3.8));
#5935 = VECTOR('',#5936,1.);
#5936 = DIRECTION('',(0.,0.,1.));
#5937 = ORIENTED_EDGE('',*,*,#5938,.T.);
#5938 = EDGE_CURVE('',#5931,#5348,#5939,.T.);
#5939 = LINE('',#5940,#5941);
#5940 = CARTESIAN_POINT('',(6.4,0.65,0.));
#5941 = VECTOR('',#5942,1.);
#5942 = DIRECTION('',(-1.,0.,0.));
#5943 = ORIENTED_EDGE('',*,*,#5347,.F.);
#5944 = ORIENTED_EDGE('',*,*,#5184,.F.);
#5945 = ORIENTED_EDGE('',*,*,#3849,.T.);
#5946 = ORIENTED_EDGE('',*,*,#5868,.T.);
#5947 = PLANE('',#5948);
#5948 = AXIS2_PLACEMENT_3D('',#5949,#5950,#5951);
#5949 = CARTESIAN_POINT('',(6.4,0.65,-4.3));
#5950 = DIRECTION('',(0.,1.,0.));
#5951 = DIRECTION('',(0.,-0.,1.));
#5952 = ADVANCED_FACE('',(#5953),#5971,.T.);
#5953 = FACE_BOUND('',#5954,.T.);
#5954 = EDGE_LOOP('',(#5955,#5963,#5964,#5965));
#5955 = ORIENTED_EDGE('',*,*,#5956,.T.);
#5956 = EDGE_CURVE('',#5957,#5778,#5959,.T.);
#5957 = VERTEX_POINT('',#5958);
#5958 = CARTESIAN_POINT('',(-6.,0.65,-1.8));
#5959 = LINE('',#5960,#5961);
#5960 = CARTESIAN_POINT('',(-6.,-1.E-01,-1.8));
#5961 = VECTOR('',#5962,1.);
#5962 = DIRECTION('',(0.,1.,0.));
#5963 = ORIENTED_EDGE('',*,*,#5777,.F.);
#5964 = ORIENTED_EDGE('',*,*,#3895,.F.);
#5965 = ORIENTED_EDGE('',*,*,#5966,.F.);
#5966 = EDGE_CURVE('',#5957,#3896,#5967,.T.);
#5967 = LINE('',#5968,#5969);
#5968 = CARTESIAN_POINT('',(-6.4,0.65,-1.8));
#5969 = VECTOR('',#5970,1.);
#5970 = DIRECTION('',(-1.,0.,0.));
#5971 = PLANE('',#5972);
#5972 = AXIS2_PLACEMENT_3D('',#5973,#5974,#5975);
#5973 = CARTESIAN_POINT('',(-6.4,-1.E-01,-1.8));
#5974 = DIRECTION('',(0.,0.,1.));
#5975 = DIRECTION('',(1.,0.,-0.));
#5976 = ADVANCED_FACE('',(#5977),#6045,.T.);
#5977 = FACE_BOUND('',#5978,.T.);
#5978 = EDGE_LOOP('',(#5979,#5989,#5997,#6005,#6013,#6019,#6020,#6021,
    #6022,#6023,#6031,#6039));
#5979 = ORIENTED_EDGE('',*,*,#5980,.T.);
#5980 = EDGE_CURVE('',#5981,#5983,#5985,.T.);
#5981 = VERTEX_POINT('',#5982);
#5982 = CARTESIAN_POINT('',(-6.,0.65,-1.));
#5983 = VERTEX_POINT('',#5984);
#5984 = CARTESIAN_POINT('',(-6.,0.65,-0.9));
#5985 = LINE('',#5986,#5987);
#5986 = CARTESIAN_POINT('',(-6.,0.65,-1.4));
#5987 = VECTOR('',#5988,1.);
#5988 = DIRECTION('',(0.,0.,1.));
#5989 = ORIENTED_EDGE('',*,*,#5990,.T.);
#5990 = EDGE_CURVE('',#5983,#5991,#5993,.T.);
#5991 = VERTEX_POINT('',#5992);
#5992 = CARTESIAN_POINT('',(-5.8,0.65,-0.9));
#5993 = LINE('',#5994,#5995);
#5994 = CARTESIAN_POINT('',(-6.,0.65,-0.9));
#5995 = VECTOR('',#5996,1.);
#5996 = DIRECTION('',(1.,0.,0.));
#5997 = ORIENTED_EDGE('',*,*,#5998,.T.);
#5998 = EDGE_CURVE('',#5991,#5999,#6001,.T.);
#5999 = VERTEX_POINT('',#6000);
#6000 = CARTESIAN_POINT('',(-5.8,0.65,-1.9));
#6001 = LINE('',#6002,#6003);
#6002 = CARTESIAN_POINT('',(-5.8,0.65,-0.9));
#6003 = VECTOR('',#6004,1.);
#6004 = DIRECTION('',(0.,0.,-1.));
#6005 = ORIENTED_EDGE('',*,*,#6006,.T.);
#6006 = EDGE_CURVE('',#5999,#6007,#6009,.T.);
#6007 = VERTEX_POINT('',#6008);
#6008 = CARTESIAN_POINT('',(-6.,0.65,-1.9));
#6009 = LINE('',#6010,#6011);
#6010 = CARTESIAN_POINT('',(-5.8,0.65,-1.9));
#6011 = VECTOR('',#6012,1.);
#6012 = DIRECTION('',(-1.,0.,0.));
#6013 = ORIENTED_EDGE('',*,*,#6014,.T.);
#6014 = EDGE_CURVE('',#6007,#5957,#6015,.T.);
#6015 = LINE('',#6016,#6017);
#6016 = CARTESIAN_POINT('',(-6.,0.65,-1.4));
#6017 = VECTOR('',#6018,1.);
#6018 = DIRECTION('',(0.,0.,1.));
#6019 = ORIENTED_EDGE('',*,*,#5966,.T.);
#6020 = ORIENTED_EDGE('',*,*,#3944,.T.);
#6021 = ORIENTED_EDGE('',*,*,#5458,.T.);
#6022 = ORIENTED_EDGE('',*,*,#5276,.T.);
#6023 = ORIENTED_EDGE('',*,*,#6024,.F.);
#6024 = EDGE_CURVE('',#6025,#5269,#6027,.T.);
#6025 = VERTEX_POINT('',#6026);
#6026 = CARTESIAN_POINT('',(-6.4,0.65,0.));
#6027 = LINE('',#6028,#6029);
#6028 = CARTESIAN_POINT('',(-6.4,0.65,0.));
#6029 = VECTOR('',#6030,1.);
#6030 = DIRECTION('',(1.,0.,0.));
#6031 = ORIENTED_EDGE('',*,*,#6032,.T.);
#6032 = EDGE_CURVE('',#6025,#6033,#6035,.T.);
#6033 = VERTEX_POINT('',#6034);
#6034 = CARTESIAN_POINT('',(-6.4,0.65,-1.));
#6035 = LINE('',#6036,#6037);
#6036 = CARTESIAN_POINT('',(-6.4,0.65,-3.8));
#6037 = VECTOR('',#6038,1.);
#6038 = DIRECTION('',(0.,0.,-1.));
#6039 = ORIENTED_EDGE('',*,*,#6040,.T.);
#6040 = EDGE_CURVE('',#6033,#5981,#6041,.T.);
#6041 = LINE('',#6042,#6043);
#6042 = CARTESIAN_POINT('',(-6.4,0.65,-1.));
#6043 = VECTOR('',#6044,1.);
#6044 = DIRECTION('',(1.,0.,0.));
#6045 = PLANE('',#6046);
#6046 = AXIS2_PLACEMENT_3D('',#6047,#6048,#6049);
#6047 = CARTESIAN_POINT('',(-6.4,0.65,-4.3));
#6048 = DIRECTION('',(0.,-1.,0.));
#6049 = DIRECTION('',(0.,-0.,-1.));
#6050 = ADVANCED_FACE('',(#6051),#6067,.F.);
#6051 = FACE_BOUND('',#6052,.T.);
#6052 = EDGE_LOOP('',(#6053,#6054,#6060,#6061));
#6053 = ORIENTED_EDGE('',*,*,#4575,.T.);
#6054 = ORIENTED_EDGE('',*,*,#6055,.F.);
#6055 = EDGE_CURVE('',#4062,#4568,#6056,.T.);
#6056 = LINE('',#6057,#6058);
#6057 = CARTESIAN_POINT('',(-1.4,0.1,-4.5));
#6058 = VECTOR('',#6059,1.);
#6059 = DIRECTION('',(-1.,0.,0.));
#6060 = ORIENTED_EDGE('',*,*,#4061,.F.);
#6061 = ORIENTED_EDGE('',*,*,#6062,.T.);
#6062 = EDGE_CURVE('',#4054,#4576,#6063,.T.);
#6063 = LINE('',#6064,#6065);
#6064 = CARTESIAN_POINT('',(-1.4,0.1,-5.));
#6065 = VECTOR('',#6066,1.);
#6066 = DIRECTION('',(-1.,0.,0.));
#6067 = PLANE('',#6068);
#6068 = AXIS2_PLACEMENT_3D('',#6069,#6070,#6071);
#6069 = CARTESIAN_POINT('',(-1.4,0.1,-4.5));
#6070 = DIRECTION('',(0.,-1.,-2.710505431214E-17));
#6071 = DIRECTION('',(0.,2.710505431214E-17,-1.));
#6072 = ADVANCED_FACE('',(#6073),#6079,.F.);
#6073 = FACE_BOUND('',#6074,.T.);
#6074 = EDGE_LOOP('',(#6075,#6076,#6077,#6078));
#6075 = ORIENTED_EDGE('',*,*,#4567,.T.);
#6076 = ORIENTED_EDGE('',*,*,#4999,.F.);
#6077 = ORIENTED_EDGE('',*,*,#4069,.F.);
#6078 = ORIENTED_EDGE('',*,*,#6055,.T.);
#6079 = PLANE('',#6080);
#6080 = AXIS2_PLACEMENT_3D('',#6081,#6082,#6083);
#6081 = CARTESIAN_POINT('',(-1.4,1.47,-4.5));
#6082 = DIRECTION('',(0.,0.,1.));
#6083 = DIRECTION('',(1.,0.,-0.));
#6084 = ADVANCED_FACE('',(#6085),#6096,.F.);
#6085 = FACE_BOUND('',#6086,.T.);
#6086 = EDGE_LOOP('',(#6087,#6088,#6089,#6090));
#6087 = ORIENTED_EDGE('',*,*,#4583,.T.);
#6088 = ORIENTED_EDGE('',*,*,#6062,.F.);
#6089 = ORIENTED_EDGE('',*,*,#4053,.F.);
#6090 = ORIENTED_EDGE('',*,*,#6091,.T.);
#6091 = EDGE_CURVE('',#4046,#4584,#6092,.T.);
#6092 = LINE('',#6093,#6094);
#6093 = CARTESIAN_POINT('',(-1.4,-1.E-01,-5.));
#6094 = VECTOR('',#6095,1.);
#6095 = DIRECTION('',(-1.,0.,0.));
#6096 = PLANE('',#6097);
#6097 = AXIS2_PLACEMENT_3D('',#6098,#6099,#6100);
#6098 = CARTESIAN_POINT('',(-1.4,0.1,-5.));
#6099 = DIRECTION('',(0.,0.,1.));
#6100 = DIRECTION('',(1.,0.,-0.));
#6101 = ADVANCED_FACE('',(#6102),#6108,.F.);
#6102 = FACE_BOUND('',#6103,.T.);
#6103 = EDGE_LOOP('',(#6104,#6105,#6106,#6107));
#6104 = ORIENTED_EDGE('',*,*,#4591,.T.);
#6105 = ORIENTED_EDGE('',*,*,#6091,.F.);
#6106 = ORIENTED_EDGE('',*,*,#4045,.F.);
#6107 = ORIENTED_EDGE('',*,*,#5209,.T.);
#6108 = PLANE('',#6109);
#6109 = AXIS2_PLACEMENT_3D('',#6110,#6111,#6112);
#6110 = CARTESIAN_POINT('',(-1.4,-1.E-01,-5.));
#6111 = DIRECTION('',(0.,1.,1.054085445472E-16));
#6112 = DIRECTION('',(0.,-1.054085445472E-16,1.));
#6113 = ADVANCED_FACE('',(#6114),#6125,.F.);
#6114 = FACE_BOUND('',#6115,.T.);
#6115 = EDGE_LOOP('',(#6116,#6117,#6118,#6119));
#6116 = ORIENTED_EDGE('',*,*,#4807,.T.);
#6117 = ORIENTED_EDGE('',*,*,#4178,.F.);
#6118 = ORIENTED_EDGE('',*,*,#4310,.F.);
#6119 = ORIENTED_EDGE('',*,*,#6120,.T.);
#6120 = EDGE_CURVE('',#4303,#4808,#6121,.T.);
#6121 = LINE('',#6122,#6123);
#6122 = CARTESIAN_POINT('',(-4.4,0.1,-4.5));
#6123 = VECTOR('',#6124,1.);
#6124 = DIRECTION('',(-1.,0.,0.));
#6125 = PLANE('',#6126);
#6126 = AXIS2_PLACEMENT_3D('',#6127,#6128,#6129);
#6127 = CARTESIAN_POINT('',(-4.4,1.47,-4.5));
#6128 = DIRECTION('',(0.,0.,1.));
#6129 = DIRECTION('',(1.,0.,-0.));
#6130 = ADVANCED_FACE('',(#6131),#6142,.F.);
#6131 = FACE_BOUND('',#6132,.T.);
#6132 = EDGE_LOOP('',(#6133,#6134,#6135,#6136));
#6133 = ORIENTED_EDGE('',*,*,#4815,.T.);
#6134 = ORIENTED_EDGE('',*,*,#6120,.F.);
#6135 = ORIENTED_EDGE('',*,*,#4302,.F.);
#6136 = ORIENTED_EDGE('',*,*,#6137,.T.);
#6137 = EDGE_CURVE('',#4295,#4816,#6138,.T.);
#6138 = LINE('',#6139,#6140);
#6139 = CARTESIAN_POINT('',(-4.4,0.1,-5.));
#6140 = VECTOR('',#6141,1.);
#6141 = DIRECTION('',(-1.,0.,0.));
#6142 = PLANE('',#6143);
#6143 = AXIS2_PLACEMENT_3D('',#6144,#6145,#6146);
#6144 = CARTESIAN_POINT('',(-4.4,0.1,-4.5));
#6145 = DIRECTION('',(0.,-1.,-2.710505431214E-17));
#6146 = DIRECTION('',(0.,2.710505431214E-17,-1.));
#6147 = ADVANCED_FACE('',(#6148),#6159,.F.);
#6148 = FACE_BOUND('',#6149,.T.);
#6149 = EDGE_LOOP('',(#6150,#6151,#6152,#6153));
#6150 = ORIENTED_EDGE('',*,*,#4823,.T.);
#6151 = ORIENTED_EDGE('',*,*,#6137,.F.);
#6152 = ORIENTED_EDGE('',*,*,#4294,.F.);
#6153 = ORIENTED_EDGE('',*,*,#6154,.T.);
#6154 = EDGE_CURVE('',#4287,#4824,#6155,.T.);
#6155 = LINE('',#6156,#6157);
#6156 = CARTESIAN_POINT('',(-4.4,-1.E-01,-5.));
#6157 = VECTOR('',#6158,1.);
#6158 = DIRECTION('',(-1.,0.,0.));
#6159 = PLANE('',#6160);
#6160 = AXIS2_PLACEMENT_3D('',#6161,#6162,#6163);
#6161 = CARTESIAN_POINT('',(-4.4,0.1,-5.));
#6162 = DIRECTION('',(0.,0.,1.));
#6163 = DIRECTION('',(1.,0.,-0.));
#6164 = ADVANCED_FACE('',(#6165),#6171,.F.);
#6165 = FACE_BOUND('',#6166,.T.);
#6166 = EDGE_LOOP('',(#6167,#6168,#6169,#6170));
#6167 = ORIENTED_EDGE('',*,*,#4831,.T.);
#6168 = ORIENTED_EDGE('',*,*,#6154,.F.);
#6169 = ORIENTED_EDGE('',*,*,#4286,.F.);
#6170 = ORIENTED_EDGE('',*,*,#5226,.T.);
#6171 = PLANE('',#6172);
#6172 = AXIS2_PLACEMENT_3D('',#6173,#6174,#6175);
#6173 = CARTESIAN_POINT('',(-4.4,-1.E-01,-5.));
#6174 = DIRECTION('',(0.,1.,1.054085445472E-16));
#6175 = DIRECTION('',(0.,-1.054085445472E-16,1.));
#6176 = ADVANCED_FACE('',(#6177),#6193,.F.);
#6177 = FACE_BOUND('',#6178,.T.);
#6178 = EDGE_LOOP('',(#6179,#6180,#6186,#6187));
#6179 = ORIENTED_EDGE('',*,*,#4870,.T.);
#6180 = ORIENTED_EDGE('',*,*,#6181,.F.);
#6181 = EDGE_CURVE('',#4365,#4863,#6182,.T.);
#6182 = LINE('',#6183,#6184);
#6183 = CARTESIAN_POINT('',(-0.4,0.1,-4.5));
#6184 = VECTOR('',#6185,1.);
#6185 = DIRECTION('',(-1.,0.,0.));
#6186 = ORIENTED_EDGE('',*,*,#4364,.F.);
#6187 = ORIENTED_EDGE('',*,*,#6188,.T.);
#6188 = EDGE_CURVE('',#4357,#4871,#6189,.T.);
#6189 = LINE('',#6190,#6191);
#6190 = CARTESIAN_POINT('',(-0.4,0.1,-5.));
#6191 = VECTOR('',#6192,1.);
#6192 = DIRECTION('',(-1.,0.,0.));
#6193 = PLANE('',#6194);
#6194 = AXIS2_PLACEMENT_3D('',#6195,#6196,#6197);
#6195 = CARTESIAN_POINT('',(-0.4,0.1,-4.5));
#6196 = DIRECTION('',(0.,-1.,-2.710505431214E-17));
#6197 = DIRECTION('',(0.,2.710505431214E-17,-1.));
#6198 = ADVANCED_FACE('',(#6199),#6210,.F.);
#6199 = FACE_BOUND('',#6200,.T.);
#6200 = EDGE_LOOP('',(#6201,#6202,#6203,#6204));
#6201 = ORIENTED_EDGE('',*,*,#4878,.T.);
#6202 = ORIENTED_EDGE('',*,*,#6188,.F.);
#6203 = ORIENTED_EDGE('',*,*,#4356,.F.);
#6204 = ORIENTED_EDGE('',*,*,#6205,.T.);
#6205 = EDGE_CURVE('',#4349,#4879,#6206,.T.);
#6206 = LINE('',#6207,#6208);
#6207 = CARTESIAN_POINT('',(-0.4,-1.E-01,-5.));
#6208 = VECTOR('',#6209,1.);
#6209 = DIRECTION('',(-1.,0.,0.));
#6210 = PLANE('',#6211);
#6211 = AXIS2_PLACEMENT_3D('',#6212,#6213,#6214);
#6212 = CARTESIAN_POINT('',(-0.4,0.1,-5.));
#6213 = DIRECTION('',(0.,0.,1.));
#6214 = DIRECTION('',(1.,0.,-0.));
#6215 = ADVANCED_FACE('',(#6216),#6222,.F.);
#6216 = FACE_BOUND('',#6217,.T.);
#6217 = EDGE_LOOP('',(#6218,#6219,#6220,#6221));
#6218 = ORIENTED_EDGE('',*,*,#4862,.T.);
#6219 = ORIENTED_EDGE('',*,*,#4649,.F.);
#6220 = ORIENTED_EDGE('',*,*,#4372,.F.);
#6221 = ORIENTED_EDGE('',*,*,#6181,.T.);
#6222 = PLANE('',#6223);
#6223 = AXIS2_PLACEMENT_3D('',#6224,#6225,#6226);
#6224 = CARTESIAN_POINT('',(-0.4,1.47,-4.5));
#6225 = DIRECTION('',(0.,0.,1.));
#6226 = DIRECTION('',(1.,0.,-0.));
#6227 = ADVANCED_FACE('',(#6228),#6234,.F.);
#6228 = FACE_BOUND('',#6229,.T.);
#6229 = EDGE_LOOP('',(#6230,#6231,#6232,#6233));
#6230 = ORIENTED_EDGE('',*,*,#4886,.T.);
#6231 = ORIENTED_EDGE('',*,*,#6205,.F.);
#6232 = ORIENTED_EDGE('',*,*,#4348,.F.);
#6233 = ORIENTED_EDGE('',*,*,#5417,.T.);
#6234 = PLANE('',#6235);
#6235 = AXIS2_PLACEMENT_3D('',#6236,#6237,#6238);
#6236 = CARTESIAN_POINT('',(-0.4,-1.E-01,-5.));
#6237 = DIRECTION('',(0.,1.,1.054085445472E-16));
#6238 = DIRECTION('',(0.,-1.054085445472E-16,1.));
#6239 = ADVANCED_FACE('',(#6240),#6256,.F.);
#6240 = FACE_BOUND('',#6241,.T.);
#6241 = EDGE_LOOP('',(#6242,#6243,#6249,#6250));
#6242 = ORIENTED_EDGE('',*,*,#4702,.T.);
#6243 = ORIENTED_EDGE('',*,*,#6244,.F.);
#6244 = EDGE_CURVE('',#4444,#4695,#6245,.T.);
#6245 = LINE('',#6246,#6247);
#6246 = CARTESIAN_POINT('',(0.6,0.1,-4.5));
#6247 = VECTOR('',#6248,1.);
#6248 = DIRECTION('',(-1.,0.,0.));
#6249 = ORIENTED_EDGE('',*,*,#4443,.F.);
#6250 = ORIENTED_EDGE('',*,*,#6251,.T.);
#6251 = EDGE_CURVE('',#4436,#4703,#6252,.T.);
#6252 = LINE('',#6253,#6254);
#6253 = CARTESIAN_POINT('',(0.6,0.1,-5.));
#6254 = VECTOR('',#6255,1.);
#6255 = DIRECTION('',(-1.,0.,0.));
#6256 = PLANE('',#6257);
#6257 = AXIS2_PLACEMENT_3D('',#6258,#6259,#6260);
#6258 = CARTESIAN_POINT('',(0.6,0.1,-4.5));
#6259 = DIRECTION('',(0.,-1.,-2.710505431214E-17));
#6260 = DIRECTION('',(0.,2.710505431214E-17,-1.));
#6261 = ADVANCED_FACE('',(#6262),#6268,.F.);
#6262 = FACE_BOUND('',#6263,.T.);
#6263 = EDGE_LOOP('',(#6264,#6265,#6266,#6267));
#6264 = ORIENTED_EDGE('',*,*,#4694,.T.);
#6265 = ORIENTED_EDGE('',*,*,#4735,.F.);
#6266 = ORIENTED_EDGE('',*,*,#4451,.F.);
#6267 = ORIENTED_EDGE('',*,*,#6244,.T.);
#6268 = PLANE('',#6269);
#6269 = AXIS2_PLACEMENT_3D('',#6270,#6271,#6272);
#6270 = CARTESIAN_POINT('',(0.6,1.47,-4.5));
#6271 = DIRECTION('',(0.,0.,1.));
#6272 = DIRECTION('',(1.,0.,-0.));
#6273 = ADVANCED_FACE('',(#6274),#6285,.F.);
#6274 = FACE_BOUND('',#6275,.T.);
#6275 = EDGE_LOOP('',(#6276,#6277,#6278,#6279));
#6276 = ORIENTED_EDGE('',*,*,#4710,.T.);
#6277 = ORIENTED_EDGE('',*,*,#6251,.F.);
#6278 = ORIENTED_EDGE('',*,*,#4435,.F.);
#6279 = ORIENTED_EDGE('',*,*,#6280,.T.);
#6280 = EDGE_CURVE('',#4428,#4711,#6281,.T.);
#6281 = LINE('',#6282,#6283);
#6282 = CARTESIAN_POINT('',(0.6,-1.E-01,-5.));
#6283 = VECTOR('',#6284,1.);
#6284 = DIRECTION('',(-1.,0.,0.));
#6285 = PLANE('',#6286);
#6286 = AXIS2_PLACEMENT_3D('',#6287,#6288,#6289);
#6287 = CARTESIAN_POINT('',(0.6,0.1,-5.));
#6288 = DIRECTION('',(0.,0.,1.));
#6289 = DIRECTION('',(1.,0.,-0.));
#6290 = ADVANCED_FACE('',(#6291),#6297,.F.);
#6291 = FACE_BOUND('',#6292,.T.);
#6292 = EDGE_LOOP('',(#6293,#6294,#6295,#6296));
#6293 = ORIENTED_EDGE('',*,*,#4718,.T.);
#6294 = ORIENTED_EDGE('',*,*,#6280,.F.);
#6295 = ORIENTED_EDGE('',*,*,#4427,.F.);
#6296 = ORIENTED_EDGE('',*,*,#5331,.T.);
#6297 = PLANE('',#6298);
#6298 = AXIS2_PLACEMENT_3D('',#6299,#6300,#6301);
#6299 = CARTESIAN_POINT('',(0.6,-1.E-01,-5.));
#6300 = DIRECTION('',(0.,1.,1.054085445472E-16));
#6301 = DIRECTION('',(0.,-1.054085445472E-16,1.));
#6302 = ADVANCED_FACE('',(#6303,#6369),#6394,.F.);
#6303 = FACE_BOUND('',#6304,.T.);
#6304 = EDGE_LOOP('',(#6305,#6315,#6323,#6331,#6339,#6347,#6355,#6363));
#6305 = ORIENTED_EDGE('',*,*,#6306,.F.);
#6306 = EDGE_CURVE('',#6307,#6309,#6311,.T.);
#6307 = VERTEX_POINT('',#6308);
#6308 = CARTESIAN_POINT('',(-5.2,0.4,0.));
#6309 = VERTEX_POINT('',#6310);
#6310 = CARTESIAN_POINT('',(5.2,0.4,0.));
#6311 = LINE('',#6312,#6313);
#6312 = CARTESIAN_POINT('',(-5.2,0.4,0.));
#6313 = VECTOR('',#6314,1.);
#6314 = DIRECTION('',(1.,0.,0.));
#6315 = ORIENTED_EDGE('',*,*,#6316,.F.);
#6316 = EDGE_CURVE('',#6317,#6307,#6319,.T.);
#6317 = VERTEX_POINT('',#6318);
#6318 = CARTESIAN_POINT('',(-5.2,0.85,0.));
#6319 = LINE('',#6320,#6321);
#6320 = CARTESIAN_POINT('',(-5.2,0.4,0.));
#6321 = VECTOR('',#6322,1.);
#6322 = DIRECTION('',(0.,-1.,0.));
#6323 = ORIENTED_EDGE('',*,*,#6324,.F.);
#6324 = EDGE_CURVE('',#6325,#6317,#6327,.T.);
#6325 = VERTEX_POINT('',#6326);
#6326 = CARTESIAN_POINT('',(-5.5,0.85,0.));
#6327 = LINE('',#6328,#6329);
#6328 = CARTESIAN_POINT('',(-5.2,0.85,0.));
#6329 = VECTOR('',#6330,1.);
#6330 = DIRECTION('',(1.,0.,0.));
#6331 = ORIENTED_EDGE('',*,*,#6332,.F.);
#6332 = EDGE_CURVE('',#6333,#6325,#6335,.T.);
#6333 = VERTEX_POINT('',#6334);
#6334 = CARTESIAN_POINT('',(-5.5,1.351915208999,0.));
#6335 = LINE('',#6336,#6337);
#6336 = CARTESIAN_POINT('',(-5.5,0.85,0.));
#6337 = VECTOR('',#6338,1.);
#6338 = DIRECTION('',(0.,-1.,0.));
#6339 = ORIENTED_EDGE('',*,*,#6340,.F.);
#6340 = EDGE_CURVE('',#6341,#6333,#6343,.T.);
#6341 = VERTEX_POINT('',#6342);
#6342 = CARTESIAN_POINT('',(5.5,1.351915208999,0.));
#6343 = LINE('',#6344,#6345);
#6344 = CARTESIAN_POINT('',(-5.5,1.351915208999,0.));
#6345 = VECTOR('',#6346,1.);
#6346 = DIRECTION('',(-1.,0.,0.));
#6347 = ORIENTED_EDGE('',*,*,#6348,.F.);
#6348 = EDGE_CURVE('',#6349,#6341,#6351,.T.);
#6349 = VERTEX_POINT('',#6350);
#6350 = CARTESIAN_POINT('',(5.5,0.851915208999,0.));
#6351 = LINE('',#6352,#6353);
#6352 = CARTESIAN_POINT('',(5.5,1.351915208999,0.));
#6353 = VECTOR('',#6354,1.);
#6354 = DIRECTION('',(0.,1.,0.));
#6355 = ORIENTED_EDGE('',*,*,#6356,.F.);
#6356 = EDGE_CURVE('',#6357,#6349,#6359,.T.);
#6357 = VERTEX_POINT('',#6358);
#6358 = CARTESIAN_POINT('',(5.2,0.85,0.));
#6359 = LINE('',#6360,#6361);
#6360 = CARTESIAN_POINT('',(5.5,0.851915208999,0.));
#6361 = VECTOR('',#6362,1.);
#6362 = DIRECTION('',(0.999979622703,6.383899908504E-03,0.));
#6363 = ORIENTED_EDGE('',*,*,#6364,.F.);
#6364 = EDGE_CURVE('',#6309,#6357,#6365,.T.);
#6365 = LINE('',#6366,#6367);
#6366 = CARTESIAN_POINT('',(5.2,0.85,0.));
#6367 = VECTOR('',#6368,1.);
#6368 = DIRECTION('',(0.,1.,0.));
#6369 = FACE_BOUND('',#6370,.T.);
#6370 = EDGE_LOOP('',(#6371,#6372,#6373,#6379,#6380,#6381,#6387,#6388));
#6371 = ORIENTED_EDGE('',*,*,#6024,.T.);
#6372 = ORIENTED_EDGE('',*,*,#5268,.T.);
#6373 = ORIENTED_EDGE('',*,*,#6374,.F.);
#6374 = EDGE_CURVE('',#5356,#5261,#6375,.T.);
#6375 = LINE('',#6376,#6377);
#6376 = CARTESIAN_POINT('',(6.4,0.,0.));
#6377 = VECTOR('',#6378,1.);
#6378 = DIRECTION('',(-1.,0.,0.));
#6379 = ORIENTED_EDGE('',*,*,#5355,.F.);
#6380 = ORIENTED_EDGE('',*,*,#5938,.F.);
#6381 = ORIENTED_EDGE('',*,*,#6382,.F.);
#6382 = EDGE_CURVE('',#5810,#5931,#6383,.T.);
#6383 = LINE('',#6384,#6385);
#6384 = CARTESIAN_POINT('',(6.4,1.7,0.));
#6385 = VECTOR('',#6386,1.);
#6386 = DIRECTION('',(0.,-1.,0.));
#6387 = ORIENTED_EDGE('',*,*,#5809,.T.);
#6388 = ORIENTED_EDGE('',*,*,#6389,.T.);
#6389 = EDGE_CURVE('',#5802,#6025,#6390,.T.);
#6390 = LINE('',#6391,#6392);
#6391 = CARTESIAN_POINT('',(-6.4,1.7,0.));
#6392 = VECTOR('',#6393,1.);
#6393 = DIRECTION('',(0.,-1.,0.));
#6394 = PLANE('',#6395);
#6395 = AXIS2_PLACEMENT_3D('',#6396,#6397,#6398);
#6396 = CARTESIAN_POINT('',(6.4,1.7,0.));
#6397 = DIRECTION('',(0.,0.,-1.));
#6398 = DIRECTION('',(-1.,0.,-0.));
#6399 = ADVANCED_FACE('',(#6400),#6406,.F.);
#6400 = FACE_BOUND('',#6401,.T.);
#6401 = EDGE_LOOP('',(#6402,#6403,#6404,#6405));
#6402 = ORIENTED_EDGE('',*,*,#5260,.F.);
#6403 = ORIENTED_EDGE('',*,*,#5477,.F.);
#6404 = ORIENTED_EDGE('',*,*,#5363,.T.);
#6405 = ORIENTED_EDGE('',*,*,#6374,.T.);
#6406 = PLANE('',#6407);
#6407 = AXIS2_PLACEMENT_3D('',#6408,#6409,#6410);
#6408 = CARTESIAN_POINT('',(6.4,2.633107345842E-32,-3.8));
#6409 = DIRECTION('',(0.,1.,6.929229857479E-33));
#6410 = DIRECTION('',(0.,-6.929229857479E-33,1.));
#6411 = ADVANCED_FACE('',(#6412),#6423,.T.);
#6412 = FACE_BOUND('',#6413,.T.);
#6413 = EDGE_LOOP('',(#6414,#6420,#6421,#6422));
#6414 = ORIENTED_EDGE('',*,*,#6415,.T.);
#6415 = EDGE_CURVE('',#5923,#5818,#6416,.T.);
#6416 = LINE('',#6417,#6418);
#6417 = CARTESIAN_POINT('',(6.4,0.,-1.));
#6418 = VECTOR('',#6419,1.);
#6419 = DIRECTION('',(0.,1.,0.));
#6420 = ORIENTED_EDGE('',*,*,#5817,.T.);
#6421 = ORIENTED_EDGE('',*,*,#6382,.T.);
#6422 = ORIENTED_EDGE('',*,*,#5930,.F.);
#6423 = PLANE('',#6424);
#6424 = AXIS2_PLACEMENT_3D('',#6425,#6426,#6427);
#6425 = CARTESIAN_POINT('',(6.4,1.084202172485E-16,-3.8));
#6426 = DIRECTION('',(1.,0.,0.));
#6427 = DIRECTION('',(-0.,0.,1.));
#6428 = ADVANCED_FACE('',(#6429),#6463,.F.);
#6429 = FACE_BOUND('',#6430,.T.);
#6430 = EDGE_LOOP('',(#6431,#6432,#6433,#6439,#6440,#6448,#6456,#6462));
#6431 = ORIENTED_EDGE('',*,*,#5860,.T.);
#6432 = ORIENTED_EDGE('',*,*,#5833,.T.);
#6433 = ORIENTED_EDGE('',*,*,#6434,.F.);
#6434 = EDGE_CURVE('',#5915,#5826,#6435,.T.);
#6435 = LINE('',#6436,#6437);
#6436 = CARTESIAN_POINT('',(6.,0.,-1.));
#6437 = VECTOR('',#6438,1.);
#6438 = DIRECTION('',(0.,1.,0.));
#6439 = ORIENTED_EDGE('',*,*,#5914,.T.);
#6440 = ORIENTED_EDGE('',*,*,#6441,.F.);
#6441 = EDGE_CURVE('',#6442,#5907,#6444,.T.);
#6442 = VERTEX_POINT('',#6443);
#6443 = CARTESIAN_POINT('',(6.,-1.E-01,-0.9));
#6444 = LINE('',#6445,#6446);
#6445 = CARTESIAN_POINT('',(6.,-1.E-01,-0.9));
#6446 = VECTOR('',#6447,1.);
#6447 = DIRECTION('',(-1.668003342285E-16,1.,0.));
#6448 = ORIENTED_EDGE('',*,*,#6449,.F.);
#6449 = EDGE_CURVE('',#6450,#6442,#6452,.T.);
#6450 = VERTEX_POINT('',#6451);
#6451 = CARTESIAN_POINT('',(6.,-1.E-01,-1.9));
#6452 = LINE('',#6453,#6454);
#6453 = CARTESIAN_POINT('',(6.,-1.E-01,-0.9));
#6454 = VECTOR('',#6455,1.);
#6455 = DIRECTION('',(0.,0.,1.));
#6456 = ORIENTED_EDGE('',*,*,#6457,.T.);
#6457 = EDGE_CURVE('',#6450,#5883,#6458,.T.);
#6458 = LINE('',#6459,#6460);
#6459 = CARTESIAN_POINT('',(6.,-1.E-01,-1.9));
#6460 = VECTOR('',#6461,1.);
#6461 = DIRECTION('',(-1.668003342285E-16,1.,0.));
#6462 = ORIENTED_EDGE('',*,*,#5882,.T.);
#6463 = PLANE('',#6464);
#6464 = AXIS2_PLACEMENT_3D('',#6465,#6466,#6467);
#6465 = CARTESIAN_POINT('',(6.,0.,-1.8));
#6466 = DIRECTION('',(-1.,0.,0.));
#6467 = DIRECTION('',(0.,0.,-1.));
#6468 = ADVANCED_FACE('',(#6469),#6485,.T.);
#6469 = FACE_BOUND('',#6470,.T.);
#6470 = EDGE_LOOP('',(#6471,#6477,#6478,#6484));
#6471 = ORIENTED_EDGE('',*,*,#6472,.T.);
#6472 = EDGE_CURVE('',#6033,#5794,#6473,.T.);
#6473 = LINE('',#6474,#6475);
#6474 = CARTESIAN_POINT('',(-6.4,-1.E-01,-1.));
#6475 = VECTOR('',#6476,1.);
#6476 = DIRECTION('',(0.,1.,0.));
#6477 = ORIENTED_EDGE('',*,*,#5793,.F.);
#6478 = ORIENTED_EDGE('',*,*,#6479,.F.);
#6479 = EDGE_CURVE('',#5981,#5786,#6480,.T.);
#6480 = LINE('',#6481,#6482);
#6481 = CARTESIAN_POINT('',(-6.,-1.E-01,-1.));
#6482 = VECTOR('',#6483,1.);
#6483 = DIRECTION('',(0.,1.,0.));
#6484 = ORIENTED_EDGE('',*,*,#6040,.F.);
#6485 = PLANE('',#6486);
#6486 = AXIS2_PLACEMENT_3D('',#6487,#6488,#6489);
#6487 = CARTESIAN_POINT('',(-6.4,-1.E-01,-1.));
#6488 = DIRECTION('',(0.,0.,-1.));
#6489 = DIRECTION('',(-1.,0.,-0.));
#6490 = ADVANCED_FACE('',(#6491),#6520,.T.);
#6491 = FACE_BOUND('',#6492,.T.);
#6492 = EDGE_LOOP('',(#6493,#6494,#6495,#6496,#6497,#6505,#6513,#6519));
#6493 = ORIENTED_EDGE('',*,*,#6479,.T.);
#6494 = ORIENTED_EDGE('',*,*,#5785,.F.);
#6495 = ORIENTED_EDGE('',*,*,#5956,.F.);
#6496 = ORIENTED_EDGE('',*,*,#6014,.F.);
#6497 = ORIENTED_EDGE('',*,*,#6498,.F.);
#6498 = EDGE_CURVE('',#6499,#6007,#6501,.T.);
#6499 = VERTEX_POINT('',#6500);
#6500 = CARTESIAN_POINT('',(-6.,-1.E-01,-1.9));
#6501 = LINE('',#6502,#6503);
#6502 = CARTESIAN_POINT('',(-6.,-1.E-01,-1.9));
#6503 = VECTOR('',#6504,1.);
#6504 = DIRECTION('',(1.668003342285E-16,1.,0.));
#6505 = ORIENTED_EDGE('',*,*,#6506,.T.);
#6506 = EDGE_CURVE('',#6499,#6507,#6509,.T.);
#6507 = VERTEX_POINT('',#6508);
#6508 = CARTESIAN_POINT('',(-6.,-1.E-01,-0.9));
#6509 = LINE('',#6510,#6511);
#6510 = CARTESIAN_POINT('',(-6.,-1.E-01,-0.9));
#6511 = VECTOR('',#6512,1.);
#6512 = DIRECTION('',(0.,0.,1.));
#6513 = ORIENTED_EDGE('',*,*,#6514,.T.);
#6514 = EDGE_CURVE('',#6507,#5983,#6515,.T.);
#6515 = LINE('',#6516,#6517);
#6516 = CARTESIAN_POINT('',(-6.,-1.E-01,-0.9));
#6517 = VECTOR('',#6518,1.);
#6518 = DIRECTION('',(1.668003342285E-16,1.,0.));
#6519 = ORIENTED_EDGE('',*,*,#5980,.F.);
#6520 = PLANE('',#6521);
#6521 = AXIS2_PLACEMENT_3D('',#6522,#6523,#6524);
#6522 = CARTESIAN_POINT('',(-6.,-1.E-01,-1.8));
#6523 = DIRECTION('',(-1.,0.,0.));
#6524 = DIRECTION('',(0.,0.,-1.));
#6525 = ADVANCED_FACE('',(#6526),#6532,.F.);
#6526 = FACE_BOUND('',#6527,.T.);
#6527 = EDGE_LOOP('',(#6528,#6529,#6530,#6531));
#6528 = ORIENTED_EDGE('',*,*,#6434,.T.);
#6529 = ORIENTED_EDGE('',*,*,#5825,.T.);
#6530 = ORIENTED_EDGE('',*,*,#6415,.F.);
#6531 = ORIENTED_EDGE('',*,*,#5922,.F.);
#6532 = PLANE('',#6533);
#6533 = AXIS2_PLACEMENT_3D('',#6534,#6535,#6536);
#6534 = CARTESIAN_POINT('',(6.4,0.,-1.));
#6535 = DIRECTION('',(0.,0.,1.));
#6536 = DIRECTION('',(1.,0.,-0.));
#6537 = ADVANCED_FACE('',(#6538),#6544,.F.);
#6538 = FACE_BOUND('',#6539,.T.);
#6539 = EDGE_LOOP('',(#6540,#6541,#6542,#6543));
#6540 = ORIENTED_EDGE('',*,*,#6472,.F.);
#6541 = ORIENTED_EDGE('',*,*,#6032,.F.);
#6542 = ORIENTED_EDGE('',*,*,#6389,.F.);
#6543 = ORIENTED_EDGE('',*,*,#5801,.F.);
#6544 = PLANE('',#6545);
#6545 = AXIS2_PLACEMENT_3D('',#6546,#6547,#6548);
#6546 = CARTESIAN_POINT('',(-6.4,1.084202172485E-16,-3.8));
#6547 = DIRECTION('',(1.,0.,0.));
#6548 = DIRECTION('',(-0.,0.,1.));
#6549 = ADVANCED_FACE('',(#6550),#6568,.F.);
#6550 = FACE_BOUND('',#6551,.T.);
#6551 = EDGE_LOOP('',(#6552,#6553,#6554,#6562));
#6552 = ORIENTED_EDGE('',*,*,#5890,.T.);
#6553 = ORIENTED_EDGE('',*,*,#6457,.F.);
#6554 = ORIENTED_EDGE('',*,*,#6555,.F.);
#6555 = EDGE_CURVE('',#6556,#6450,#6558,.T.);
#6556 = VERTEX_POINT('',#6557);
#6557 = CARTESIAN_POINT('',(5.8,-1.E-01,-1.9));
#6558 = LINE('',#6559,#6560);
#6559 = CARTESIAN_POINT('',(5.8,-1.E-01,-1.9));
#6560 = VECTOR('',#6561,1.);
#6561 = DIRECTION('',(1.,0.,0.));
#6562 = ORIENTED_EDGE('',*,*,#6563,.T.);
#6563 = EDGE_CURVE('',#6556,#5891,#6564,.T.);
#6564 = LINE('',#6565,#6566);
#6565 = CARTESIAN_POINT('',(5.8,-1.E-01,-1.9));
#6566 = VECTOR('',#6567,1.);
#6567 = DIRECTION('',(-1.668003342285E-16,1.,0.));
#6568 = PLANE('',#6569);
#6569 = AXIS2_PLACEMENT_3D('',#6570,#6571,#6572);
#6570 = CARTESIAN_POINT('',(5.8,-1.E-01,-1.9));
#6571 = DIRECTION('',(0.,0.,1.));
#6572 = DIRECTION('',(1.,0.,-0.));
#6573 = ADVANCED_FACE('',(#6574),#6592,.F.);
#6574 = FACE_BOUND('',#6575,.T.);
#6575 = EDGE_LOOP('',(#6576,#6577,#6578,#6586));
#6576 = ORIENTED_EDGE('',*,*,#5898,.T.);
#6577 = ORIENTED_EDGE('',*,*,#6563,.F.);
#6578 = ORIENTED_EDGE('',*,*,#6579,.F.);
#6579 = EDGE_CURVE('',#6580,#6556,#6582,.T.);
#6580 = VERTEX_POINT('',#6581);
#6581 = CARTESIAN_POINT('',(5.8,-1.E-01,-0.9));
#6582 = LINE('',#6583,#6584);
#6583 = CARTESIAN_POINT('',(5.8,-1.E-01,-0.9));
#6584 = VECTOR('',#6585,1.);
#6585 = DIRECTION('',(0.,0.,-1.));
#6586 = ORIENTED_EDGE('',*,*,#6587,.T.);
#6587 = EDGE_CURVE('',#6580,#5899,#6588,.T.);
#6588 = LINE('',#6589,#6590);
#6589 = CARTESIAN_POINT('',(5.8,-1.E-01,-0.9));
#6590 = VECTOR('',#6591,1.);
#6591 = DIRECTION('',(-1.668003342285E-16,1.,0.));
#6592 = PLANE('',#6593);
#6593 = AXIS2_PLACEMENT_3D('',#6594,#6595,#6596);
#6594 = CARTESIAN_POINT('',(5.8,-1.E-01,-0.9));
#6595 = DIRECTION('',(1.,1.668003342285E-16,0.));
#6596 = DIRECTION('',(-1.668003342285E-16,1.,0.));
#6597 = ADVANCED_FACE('',(#6598),#6609,.F.);
#6598 = FACE_BOUND('',#6599,.T.);
#6599 = EDGE_LOOP('',(#6600,#6601,#6602,#6608));
#6600 = ORIENTED_EDGE('',*,*,#5906,.T.);
#6601 = ORIENTED_EDGE('',*,*,#6587,.F.);
#6602 = ORIENTED_EDGE('',*,*,#6603,.F.);
#6603 = EDGE_CURVE('',#6442,#6580,#6604,.T.);
#6604 = LINE('',#6605,#6606);
#6605 = CARTESIAN_POINT('',(6.,-1.E-01,-0.9));
#6606 = VECTOR('',#6607,1.);
#6607 = DIRECTION('',(-1.,0.,0.));
#6608 = ORIENTED_EDGE('',*,*,#6441,.T.);
#6609 = PLANE('',#6610);
#6610 = AXIS2_PLACEMENT_3D('',#6611,#6612,#6613);
#6611 = CARTESIAN_POINT('',(6.,-1.E-01,-0.9));
#6612 = DIRECTION('',(0.,0.,-1.));
#6613 = DIRECTION('',(-1.,0.,-0.));
#6614 = ADVANCED_FACE('',(#6615),#6633,.T.);
#6615 = FACE_BOUND('',#6616,.T.);
#6616 = EDGE_LOOP('',(#6617,#6618,#6619,#6627));
#6617 = ORIENTED_EDGE('',*,*,#5990,.F.);
#6618 = ORIENTED_EDGE('',*,*,#6514,.F.);
#6619 = ORIENTED_EDGE('',*,*,#6620,.T.);
#6620 = EDGE_CURVE('',#6507,#6621,#6623,.T.);
#6621 = VERTEX_POINT('',#6622);
#6622 = CARTESIAN_POINT('',(-5.8,-1.E-01,-0.9));
#6623 = LINE('',#6624,#6625);
#6624 = CARTESIAN_POINT('',(-6.,-1.E-01,-0.9));
#6625 = VECTOR('',#6626,1.);
#6626 = DIRECTION('',(1.,0.,0.));
#6627 = ORIENTED_EDGE('',*,*,#6628,.T.);
#6628 = EDGE_CURVE('',#6621,#5991,#6629,.T.);
#6629 = LINE('',#6630,#6631);
#6630 = CARTESIAN_POINT('',(-5.8,-1.E-01,-0.9));
#6631 = VECTOR('',#6632,1.);
#6632 = DIRECTION('',(1.668003342285E-16,1.,0.));
#6633 = PLANE('',#6634);
#6634 = AXIS2_PLACEMENT_3D('',#6635,#6636,#6637);
#6635 = CARTESIAN_POINT('',(-6.,-1.E-01,-0.9));
#6636 = DIRECTION('',(0.,0.,1.));
#6637 = DIRECTION('',(1.,0.,-0.));
#6638 = ADVANCED_FACE('',(#6639),#6657,.T.);
#6639 = FACE_BOUND('',#6640,.T.);
#6640 = EDGE_LOOP('',(#6641,#6642,#6643,#6651));
#6641 = ORIENTED_EDGE('',*,*,#5998,.F.);
#6642 = ORIENTED_EDGE('',*,*,#6628,.F.);
#6643 = ORIENTED_EDGE('',*,*,#6644,.T.);
#6644 = EDGE_CURVE('',#6621,#6645,#6647,.T.);
#6645 = VERTEX_POINT('',#6646);
#6646 = CARTESIAN_POINT('',(-5.8,-1.E-01,-1.9));
#6647 = LINE('',#6648,#6649);
#6648 = CARTESIAN_POINT('',(-5.8,-1.E-01,-0.9));
#6649 = VECTOR('',#6650,1.);
#6650 = DIRECTION('',(0.,0.,-1.));
#6651 = ORIENTED_EDGE('',*,*,#6652,.T.);
#6652 = EDGE_CURVE('',#6645,#5999,#6653,.T.);
#6653 = LINE('',#6654,#6655);
#6654 = CARTESIAN_POINT('',(-5.8,-1.E-01,-1.9));
#6655 = VECTOR('',#6656,1.);
#6656 = DIRECTION('',(1.668003342285E-16,1.,0.));
#6657 = PLANE('',#6658);
#6658 = AXIS2_PLACEMENT_3D('',#6659,#6660,#6661);
#6659 = CARTESIAN_POINT('',(-5.8,-1.E-01,-0.9));
#6660 = DIRECTION('',(1.,-1.668003342285E-16,0.));
#6661 = DIRECTION('',(1.668003342285E-16,1.,0.));
#6662 = ADVANCED_FACE('',(#6663),#6674,.T.);
#6663 = FACE_BOUND('',#6664,.T.);
#6664 = EDGE_LOOP('',(#6665,#6666,#6667,#6673));
#6665 = ORIENTED_EDGE('',*,*,#6006,.F.);
#6666 = ORIENTED_EDGE('',*,*,#6652,.F.);
#6667 = ORIENTED_EDGE('',*,*,#6668,.T.);
#6668 = EDGE_CURVE('',#6645,#6499,#6669,.T.);
#6669 = LINE('',#6670,#6671);
#6670 = CARTESIAN_POINT('',(-5.8,-1.E-01,-1.9));
#6671 = VECTOR('',#6672,1.);
#6672 = DIRECTION('',(-1.,0.,0.));
#6673 = ORIENTED_EDGE('',*,*,#6498,.T.);
#6674 = PLANE('',#6675);
#6675 = AXIS2_PLACEMENT_3D('',#6676,#6677,#6678);
#6676 = CARTESIAN_POINT('',(-5.8,-1.E-01,-1.9));
#6677 = DIRECTION('',(0.,0.,-1.));
#6678 = DIRECTION('',(-1.,0.,-0.));
#6679 = ADVANCED_FACE('',(#6680),#6705,.F.);
#6680 = FACE_BOUND('',#6681,.T.);
#6681 = EDGE_LOOP('',(#6682,#6683,#6691,#6699));
#6682 = ORIENTED_EDGE('',*,*,#6316,.T.);
#6683 = ORIENTED_EDGE('',*,*,#6684,.F.);
#6684 = EDGE_CURVE('',#6685,#6307,#6687,.T.);
#6685 = VERTEX_POINT('',#6686);
#6686 = CARTESIAN_POINT('',(-5.2,0.4,-2.8));
#6687 = LINE('',#6688,#6689);
#6688 = CARTESIAN_POINT('',(-5.2,0.4,-2.8));
#6689 = VECTOR('',#6690,1.);
#6690 = DIRECTION('',(0.,0.,1.));
#6691 = ORIENTED_EDGE('',*,*,#6692,.F.);
#6692 = EDGE_CURVE('',#6693,#6685,#6695,.T.);
#6693 = VERTEX_POINT('',#6694);
#6694 = CARTESIAN_POINT('',(-5.2,0.85,-2.8));
#6695 = LINE('',#6696,#6697);
#6696 = CARTESIAN_POINT('',(-5.2,0.4,-2.8));
#6697 = VECTOR('',#6698,1.);
#6698 = DIRECTION('',(0.,-1.,0.));
#6699 = ORIENTED_EDGE('',*,*,#6700,.T.);
#6700 = EDGE_CURVE('',#6693,#6317,#6701,.T.);
#6701 = LINE('',#6702,#6703);
#6702 = CARTESIAN_POINT('',(-5.2,0.85,-2.8));
#6703 = VECTOR('',#6704,1.);
#6704 = DIRECTION('',(0.,0.,1.));
#6705 = PLANE('',#6706);
#6706 = AXIS2_PLACEMENT_3D('',#6707,#6708,#6709);
#6707 = CARTESIAN_POINT('',(-5.2,0.4,-2.8));
#6708 = DIRECTION('',(-1.,0.,0.));
#6709 = DIRECTION('',(0.,0.,-1.));
#6710 = ADVANCED_FACE('',(#6711),#6736,.F.);
#6711 = FACE_BOUND('',#6712,.T.);
#6712 = EDGE_LOOP('',(#6713,#6714,#6722,#6730));
#6713 = ORIENTED_EDGE('',*,*,#6348,.T.);
#6714 = ORIENTED_EDGE('',*,*,#6715,.F.);
#6715 = EDGE_CURVE('',#6716,#6341,#6718,.T.);
#6716 = VERTEX_POINT('',#6717);
#6717 = CARTESIAN_POINT('',(5.5,1.351915208999,-2.8));
#6718 = LINE('',#6719,#6720);
#6719 = CARTESIAN_POINT('',(5.5,1.351915208999,-2.8));
#6720 = VECTOR('',#6721,1.);
#6721 = DIRECTION('',(0.,0.,1.));
#6722 = ORIENTED_EDGE('',*,*,#6723,.F.);
#6723 = EDGE_CURVE('',#6724,#6716,#6726,.T.);
#6724 = VERTEX_POINT('',#6725);
#6725 = CARTESIAN_POINT('',(5.5,0.851915208999,-2.8));
#6726 = LINE('',#6727,#6728);
#6727 = CARTESIAN_POINT('',(5.5,1.351915208999,-2.8));
#6728 = VECTOR('',#6729,1.);
#6729 = DIRECTION('',(0.,1.,0.));
#6730 = ORIENTED_EDGE('',*,*,#6731,.T.);
#6731 = EDGE_CURVE('',#6724,#6349,#6732,.T.);
#6732 = LINE('',#6733,#6734);
#6733 = CARTESIAN_POINT('',(5.5,0.851915208999,-2.8));
#6734 = VECTOR('',#6735,1.);
#6735 = DIRECTION('',(0.,0.,1.));
#6736 = PLANE('',#6737);
#6737 = AXIS2_PLACEMENT_3D('',#6738,#6739,#6740);
#6738 = CARTESIAN_POINT('',(5.5,1.351915208999,-2.8));
#6739 = DIRECTION('',(1.,0.,0.));
#6740 = DIRECTION('',(-0.,0.,1.));
#6741 = ADVANCED_FACE('',(#6742),#6760,.F.);
#6742 = FACE_BOUND('',#6743,.T.);
#6743 = EDGE_LOOP('',(#6744,#6745,#6746,#6754));
#6744 = ORIENTED_EDGE('',*,*,#6324,.T.);
#6745 = ORIENTED_EDGE('',*,*,#6700,.F.);
#6746 = ORIENTED_EDGE('',*,*,#6747,.F.);
#6747 = EDGE_CURVE('',#6748,#6693,#6750,.T.);
#6748 = VERTEX_POINT('',#6749);
#6749 = CARTESIAN_POINT('',(-5.5,0.85,-2.8));
#6750 = LINE('',#6751,#6752);
#6751 = CARTESIAN_POINT('',(-5.2,0.85,-2.8));
#6752 = VECTOR('',#6753,1.);
#6753 = DIRECTION('',(1.,0.,0.));
#6754 = ORIENTED_EDGE('',*,*,#6755,.T.);
#6755 = EDGE_CURVE('',#6748,#6325,#6756,.T.);
#6756 = LINE('',#6757,#6758);
#6757 = CARTESIAN_POINT('',(-5.5,0.85,-2.8));
#6758 = VECTOR('',#6759,1.);
#6759 = DIRECTION('',(0.,0.,1.));
#6760 = PLANE('',#6761);
#6761 = AXIS2_PLACEMENT_3D('',#6762,#6763,#6764);
#6762 = CARTESIAN_POINT('',(-5.2,0.85,-2.8));
#6763 = DIRECTION('',(0.,-1.,0.));
#6764 = DIRECTION('',(0.,-0.,-1.));
#6765 = ADVANCED_FACE('',(#6766),#6791,.F.);
#6766 = FACE_BOUND('',#6767,.T.);
#6767 = EDGE_LOOP('',(#6768,#6769,#6777,#6785));
#6768 = ORIENTED_EDGE('',*,*,#6364,.T.);
#6769 = ORIENTED_EDGE('',*,*,#6770,.F.);
#6770 = EDGE_CURVE('',#6771,#6357,#6773,.T.);
#6771 = VERTEX_POINT('',#6772);
#6772 = CARTESIAN_POINT('',(5.2,0.85,-2.8));
#6773 = LINE('',#6774,#6775);
#6774 = CARTESIAN_POINT('',(5.2,0.85,-2.8));
#6775 = VECTOR('',#6776,1.);
#6776 = DIRECTION('',(0.,0.,1.));
#6777 = ORIENTED_EDGE('',*,*,#6778,.F.);
#6778 = EDGE_CURVE('',#6779,#6771,#6781,.T.);
#6779 = VERTEX_POINT('',#6780);
#6780 = CARTESIAN_POINT('',(5.2,0.4,-2.8));
#6781 = LINE('',#6782,#6783);
#6782 = CARTESIAN_POINT('',(5.2,0.85,-2.8));
#6783 = VECTOR('',#6784,1.);
#6784 = DIRECTION('',(0.,1.,0.));
#6785 = ORIENTED_EDGE('',*,*,#6786,.T.);
#6786 = EDGE_CURVE('',#6779,#6309,#6787,.T.);
#6787 = LINE('',#6788,#6789);
#6788 = CARTESIAN_POINT('',(5.2,0.4,-2.8));
#6789 = VECTOR('',#6790,1.);
#6790 = DIRECTION('',(0.,0.,1.));
#6791 = PLANE('',#6792);
#6792 = AXIS2_PLACEMENT_3D('',#6793,#6794,#6795);
#6793 = CARTESIAN_POINT('',(5.2,0.85,-2.8));
#6794 = DIRECTION('',(1.,0.,0.));
#6795 = DIRECTION('',(-0.,0.,1.));
#6796 = ADVANCED_FACE('',(#6797),#6808,.F.);
#6797 = FACE_BOUND('',#6798,.T.);
#6798 = EDGE_LOOP('',(#6799,#6800,#6801,#6807));
#6799 = ORIENTED_EDGE('',*,*,#6356,.T.);
#6800 = ORIENTED_EDGE('',*,*,#6731,.F.);
#6801 = ORIENTED_EDGE('',*,*,#6802,.F.);
#6802 = EDGE_CURVE('',#6771,#6724,#6803,.T.);
#6803 = LINE('',#6804,#6805);
#6804 = CARTESIAN_POINT('',(5.5,0.851915208999,-2.8));
#6805 = VECTOR('',#6806,1.);
#6806 = DIRECTION('',(0.999979622703,6.383899908504E-03,0.));
#6807 = ORIENTED_EDGE('',*,*,#6770,.T.);
#6808 = PLANE('',#6809);
#6809 = AXIS2_PLACEMENT_3D('',#6810,#6811,#6812);
#6810 = CARTESIAN_POINT('',(5.5,0.851915208999,-2.8));
#6811 = DIRECTION('',(6.383899908504E-03,-0.999979622703,0.));
#6812 = DIRECTION('',(-0.999979622703,-6.383899908504E-03,0.));
#6813 = ADVANCED_FACE('',(#6814),#6825,.F.);
#6814 = FACE_BOUND('',#6815,.T.);
#6815 = EDGE_LOOP('',(#6816,#6817,#6818,#6824));
#6816 = ORIENTED_EDGE('',*,*,#6306,.T.);
#6817 = ORIENTED_EDGE('',*,*,#6786,.F.);
#6818 = ORIENTED_EDGE('',*,*,#6819,.F.);
#6819 = EDGE_CURVE('',#6685,#6779,#6820,.T.);
#6820 = LINE('',#6821,#6822);
#6821 = CARTESIAN_POINT('',(-5.2,0.4,-2.8));
#6822 = VECTOR('',#6823,1.);
#6823 = DIRECTION('',(1.,0.,0.));
#6824 = ORIENTED_EDGE('',*,*,#6684,.T.);
#6825 = PLANE('',#6826);
#6826 = AXIS2_PLACEMENT_3D('',#6827,#6828,#6829);
#6827 = CARTESIAN_POINT('',(-5.2,0.4,-2.8));
#6828 = DIRECTION('',(0.,-1.,0.));
#6829 = DIRECTION('',(0.,-0.,-1.));
#6830 = ADVANCED_FACE('',(#6831),#7169,.F.);
#6831 = FACE_BOUND('',#6832,.T.);
#6832 = EDGE_LOOP('',(#6833,#6843,#6851,#6859,#6867,#6875,#6883,#6891,
    #6899,#6907,#6915,#6923,#6931,#6939,#6947,#6955,#6963,#6971,#6979,
    #6987,#6995,#7003,#7011,#7019,#7027,#7035,#7043,#7051,#7059,#7067,
    #7075,#7083,#7091,#7099,#7107,#7115,#7123,#7131,#7139,#7145,#7146,
    #7147,#7155,#7163));
#6833 = ORIENTED_EDGE('',*,*,#6834,.F.);
#6834 = EDGE_CURVE('',#6835,#6837,#6839,.T.);
#6835 = VERTEX_POINT('',#6836);
#6836 = CARTESIAN_POINT('',(-4.4,1.351915208999,-0.8));
#6837 = VERTEX_POINT('',#6838);
#6838 = CARTESIAN_POINT('',(-4.6,1.351915208999,-0.8));
#6839 = LINE('',#6840,#6841);
#6840 = CARTESIAN_POINT('',(-5.5,1.351915208999,-0.8));
#6841 = VECTOR('',#6842,1.);
#6842 = DIRECTION('',(-1.,0.,0.));
#6843 = ORIENTED_EDGE('',*,*,#6844,.T.);
#6844 = EDGE_CURVE('',#6835,#6845,#6847,.T.);
#6845 = VERTEX_POINT('',#6846);
#6846 = CARTESIAN_POINT('',(-4.4,1.351915208999,-2.8));
#6847 = LINE('',#6848,#6849);
#6848 = CARTESIAN_POINT('',(-4.4,1.351915208999,-2.8));
#6849 = VECTOR('',#6850,1.);
#6850 = DIRECTION('',(0.,0.,-1.));
#6851 = ORIENTED_EDGE('',*,*,#6852,.F.);
#6852 = EDGE_CURVE('',#6853,#6845,#6855,.T.);
#6853 = VERTEX_POINT('',#6854);
#6854 = CARTESIAN_POINT('',(-3.6,1.351915208999,-2.8));
#6855 = LINE('',#6856,#6857);
#6856 = CARTESIAN_POINT('',(-5.5,1.351915208999,-2.8));
#6857 = VECTOR('',#6858,1.);
#6858 = DIRECTION('',(-1.,0.,0.));
#6859 = ORIENTED_EDGE('',*,*,#6860,.F.);
#6860 = EDGE_CURVE('',#6861,#6853,#6863,.T.);
#6861 = VERTEX_POINT('',#6862);
#6862 = CARTESIAN_POINT('',(-3.6,1.351915208999,-0.8));
#6863 = LINE('',#6864,#6865);
#6864 = CARTESIAN_POINT('',(-3.6,1.351915208999,-2.8));
#6865 = VECTOR('',#6866,1.);
#6866 = DIRECTION('',(0.,0.,-1.));
#6867 = ORIENTED_EDGE('',*,*,#6868,.F.);
#6868 = EDGE_CURVE('',#6869,#6861,#6871,.T.);
#6869 = VERTEX_POINT('',#6870);
#6870 = CARTESIAN_POINT('',(-3.4,1.351915208999,-0.8));
#6871 = LINE('',#6872,#6873);
#6872 = CARTESIAN_POINT('',(-5.5,1.351915208999,-0.8));
#6873 = VECTOR('',#6874,1.);
#6874 = DIRECTION('',(-1.,0.,0.));
#6875 = ORIENTED_EDGE('',*,*,#6876,.T.);
#6876 = EDGE_CURVE('',#6869,#6877,#6879,.T.);
#6877 = VERTEX_POINT('',#6878);
#6878 = CARTESIAN_POINT('',(-3.4,1.351915208999,-2.8));
#6879 = LINE('',#6880,#6881);
#6880 = CARTESIAN_POINT('',(-3.4,1.351915208999,-2.8));
#6881 = VECTOR('',#6882,1.);
#6882 = DIRECTION('',(0.,0.,-1.));
#6883 = ORIENTED_EDGE('',*,*,#6884,.F.);
#6884 = EDGE_CURVE('',#6885,#6877,#6887,.T.);
#6885 = VERTEX_POINT('',#6886);
#6886 = CARTESIAN_POINT('',(-2.6,1.351915208999,-2.8));
#6887 = LINE('',#6888,#6889);
#6888 = CARTESIAN_POINT('',(-5.5,1.351915208999,-2.8));
#6889 = VECTOR('',#6890,1.);
#6890 = DIRECTION('',(-1.,0.,0.));
#6891 = ORIENTED_EDGE('',*,*,#6892,.F.);
#6892 = EDGE_CURVE('',#6893,#6885,#6895,.T.);
#6893 = VERTEX_POINT('',#6894);
#6894 = CARTESIAN_POINT('',(-2.6,1.351915208999,-0.8));
#6895 = LINE('',#6896,#6897);
#6896 = CARTESIAN_POINT('',(-2.6,1.351915208999,-2.8));
#6897 = VECTOR('',#6898,1.);
#6898 = DIRECTION('',(0.,0.,-1.));
#6899 = ORIENTED_EDGE('',*,*,#6900,.F.);
#6900 = EDGE_CURVE('',#6901,#6893,#6903,.T.);
#6901 = VERTEX_POINT('',#6902);
#6902 = CARTESIAN_POINT('',(-2.4,1.351915208999,-0.8));
#6903 = LINE('',#6904,#6905);
#6904 = CARTESIAN_POINT('',(-5.5,1.351915208999,-0.8));
#6905 = VECTOR('',#6906,1.);
#6906 = DIRECTION('',(-1.,0.,0.));
#6907 = ORIENTED_EDGE('',*,*,#6908,.T.);
#6908 = EDGE_CURVE('',#6901,#6909,#6911,.T.);
#6909 = VERTEX_POINT('',#6910);
#6910 = CARTESIAN_POINT('',(-2.4,1.351915208999,-2.8));
#6911 = LINE('',#6912,#6913);
#6912 = CARTESIAN_POINT('',(-2.4,1.351915208999,-2.8));
#6913 = VECTOR('',#6914,1.);
#6914 = DIRECTION('',(0.,0.,-1.));
#6915 = ORIENTED_EDGE('',*,*,#6916,.F.);
#6916 = EDGE_CURVE('',#6917,#6909,#6919,.T.);
#6917 = VERTEX_POINT('',#6918);
#6918 = CARTESIAN_POINT('',(-1.6,1.351915208999,-2.8));
#6919 = LINE('',#6920,#6921);
#6920 = CARTESIAN_POINT('',(-5.5,1.351915208999,-2.8));
#6921 = VECTOR('',#6922,1.);
#6922 = DIRECTION('',(-1.,0.,0.));
#6923 = ORIENTED_EDGE('',*,*,#6924,.F.);
#6924 = EDGE_CURVE('',#6925,#6917,#6927,.T.);
#6925 = VERTEX_POINT('',#6926);
#6926 = CARTESIAN_POINT('',(-1.6,1.351915208999,-0.8));
#6927 = LINE('',#6928,#6929);
#6928 = CARTESIAN_POINT('',(-1.6,1.351915208999,-2.8));
#6929 = VECTOR('',#6930,1.);
#6930 = DIRECTION('',(0.,0.,-1.));
#6931 = ORIENTED_EDGE('',*,*,#6932,.F.);
#6932 = EDGE_CURVE('',#6933,#6925,#6935,.T.);
#6933 = VERTEX_POINT('',#6934);
#6934 = CARTESIAN_POINT('',(-1.4,1.351915208999,-0.8));
#6935 = LINE('',#6936,#6937);
#6936 = CARTESIAN_POINT('',(-5.5,1.351915208999,-0.8));
#6937 = VECTOR('',#6938,1.);
#6938 = DIRECTION('',(-1.,0.,0.));
#6939 = ORIENTED_EDGE('',*,*,#6940,.T.);
#6940 = EDGE_CURVE('',#6933,#6941,#6943,.T.);
#6941 = VERTEX_POINT('',#6942);
#6942 = CARTESIAN_POINT('',(-1.4,1.351915208999,-2.8));
#6943 = LINE('',#6944,#6945);
#6944 = CARTESIAN_POINT('',(-1.4,1.351915208999,-2.8));
#6945 = VECTOR('',#6946,1.);
#6946 = DIRECTION('',(0.,0.,-1.));
#6947 = ORIENTED_EDGE('',*,*,#6948,.F.);
#6948 = EDGE_CURVE('',#6949,#6941,#6951,.T.);
#6949 = VERTEX_POINT('',#6950);
#6950 = CARTESIAN_POINT('',(-0.6,1.351915208999,-2.8));
#6951 = LINE('',#6952,#6953);
#6952 = CARTESIAN_POINT('',(-5.5,1.351915208999,-2.8));
#6953 = VECTOR('',#6954,1.);
#6954 = DIRECTION('',(-1.,0.,0.));
#6955 = ORIENTED_EDGE('',*,*,#6956,.F.);
#6956 = EDGE_CURVE('',#6957,#6949,#6959,.T.);
#6957 = VERTEX_POINT('',#6958);
#6958 = CARTESIAN_POINT('',(-0.6,1.351915208999,-0.8));
#6959 = LINE('',#6960,#6961);
#6960 = CARTESIAN_POINT('',(-0.6,1.351915208999,-2.8));
#6961 = VECTOR('',#6962,1.);
#6962 = DIRECTION('',(0.,0.,-1.));
#6963 = ORIENTED_EDGE('',*,*,#6964,.F.);
#6964 = EDGE_CURVE('',#6965,#6957,#6967,.T.);
#6965 = VERTEX_POINT('',#6966);
#6966 = CARTESIAN_POINT('',(-0.4,1.351915208999,-0.8));
#6967 = LINE('',#6968,#6969);
#6968 = CARTESIAN_POINT('',(-5.5,1.351915208999,-0.8));
#6969 = VECTOR('',#6970,1.);
#6970 = DIRECTION('',(-1.,0.,0.));
#6971 = ORIENTED_EDGE('',*,*,#6972,.T.);
#6972 = EDGE_CURVE('',#6965,#6973,#6975,.T.);
#6973 = VERTEX_POINT('',#6974);
#6974 = CARTESIAN_POINT('',(-0.4,1.351915208999,-2.8));
#6975 = LINE('',#6976,#6977);
#6976 = CARTESIAN_POINT('',(-0.4,1.351915208999,-2.8));
#6977 = VECTOR('',#6978,1.);
#6978 = DIRECTION('',(0.,0.,-1.));
#6979 = ORIENTED_EDGE('',*,*,#6980,.F.);
#6980 = EDGE_CURVE('',#6981,#6973,#6983,.T.);
#6981 = VERTEX_POINT('',#6982);
#6982 = CARTESIAN_POINT('',(0.4,1.351915208999,-2.8));
#6983 = LINE('',#6984,#6985);
#6984 = CARTESIAN_POINT('',(-5.5,1.351915208999,-2.8));
#6985 = VECTOR('',#6986,1.);
#6986 = DIRECTION('',(-1.,0.,0.));
#6987 = ORIENTED_EDGE('',*,*,#6988,.F.);
#6988 = EDGE_CURVE('',#6989,#6981,#6991,.T.);
#6989 = VERTEX_POINT('',#6990);
#6990 = CARTESIAN_POINT('',(0.4,1.351915208999,-0.8));
#6991 = LINE('',#6992,#6993);
#6992 = CARTESIAN_POINT('',(0.4,1.351915208999,-2.8));
#6993 = VECTOR('',#6994,1.);
#6994 = DIRECTION('',(0.,0.,-1.));
#6995 = ORIENTED_EDGE('',*,*,#6996,.F.);
#6996 = EDGE_CURVE('',#6997,#6989,#6999,.T.);
#6997 = VERTEX_POINT('',#6998);
#6998 = CARTESIAN_POINT('',(0.6,1.351915208999,-0.8));
#6999 = LINE('',#7000,#7001);
#7000 = CARTESIAN_POINT('',(-5.5,1.351915208999,-0.8));
#7001 = VECTOR('',#7002,1.);
#7002 = DIRECTION('',(-1.,0.,0.));
#7003 = ORIENTED_EDGE('',*,*,#7004,.T.);
#7004 = EDGE_CURVE('',#6997,#7005,#7007,.T.);
#7005 = VERTEX_POINT('',#7006);
#7006 = CARTESIAN_POINT('',(0.6,1.351915208999,-2.8));
#7007 = LINE('',#7008,#7009);
#7008 = CARTESIAN_POINT('',(0.6,1.351915208999,-2.8));
#7009 = VECTOR('',#7010,1.);
#7010 = DIRECTION('',(0.,0.,-1.));
#7011 = ORIENTED_EDGE('',*,*,#7012,.F.);
#7012 = EDGE_CURVE('',#7013,#7005,#7015,.T.);
#7013 = VERTEX_POINT('',#7014);
#7014 = CARTESIAN_POINT('',(1.4,1.351915208999,-2.8));
#7015 = LINE('',#7016,#7017);
#7016 = CARTESIAN_POINT('',(-5.5,1.351915208999,-2.8));
#7017 = VECTOR('',#7018,1.);
#7018 = DIRECTION('',(-1.,0.,0.));
#7019 = ORIENTED_EDGE('',*,*,#7020,.F.);
#7020 = EDGE_CURVE('',#7021,#7013,#7023,.T.);
#7021 = VERTEX_POINT('',#7022);
#7022 = CARTESIAN_POINT('',(1.4,1.351915208999,-0.8));
#7023 = LINE('',#7024,#7025);
#7024 = CARTESIAN_POINT('',(1.4,1.351915208999,-2.8));
#7025 = VECTOR('',#7026,1.);
#7026 = DIRECTION('',(0.,0.,-1.));
#7027 = ORIENTED_EDGE('',*,*,#7028,.F.);
#7028 = EDGE_CURVE('',#7029,#7021,#7031,.T.);
#7029 = VERTEX_POINT('',#7030);
#7030 = CARTESIAN_POINT('',(1.6,1.351915208999,-0.8));
#7031 = LINE('',#7032,#7033);
#7032 = CARTESIAN_POINT('',(-5.5,1.351915208999,-0.8));
#7033 = VECTOR('',#7034,1.);
#7034 = DIRECTION('',(-1.,0.,0.));
#7035 = ORIENTED_EDGE('',*,*,#7036,.T.);
#7036 = EDGE_CURVE('',#7029,#7037,#7039,.T.);
#7037 = VERTEX_POINT('',#7038);
#7038 = CARTESIAN_POINT('',(1.6,1.351915208999,-2.8));
#7039 = LINE('',#7040,#7041);
#7040 = CARTESIAN_POINT('',(1.6,1.351915208999,-2.8));
#7041 = VECTOR('',#7042,1.);
#7042 = DIRECTION('',(0.,0.,-1.));
#7043 = ORIENTED_EDGE('',*,*,#7044,.F.);
#7044 = EDGE_CURVE('',#7045,#7037,#7047,.T.);
#7045 = VERTEX_POINT('',#7046);
#7046 = CARTESIAN_POINT('',(2.4,1.351915208999,-2.8));
#7047 = LINE('',#7048,#7049);
#7048 = CARTESIAN_POINT('',(-5.5,1.351915208999,-2.8));
#7049 = VECTOR('',#7050,1.);
#7050 = DIRECTION('',(-1.,0.,0.));
#7051 = ORIENTED_EDGE('',*,*,#7052,.F.);
#7052 = EDGE_CURVE('',#7053,#7045,#7055,.T.);
#7053 = VERTEX_POINT('',#7054);
#7054 = CARTESIAN_POINT('',(2.4,1.351915208999,-0.8));
#7055 = LINE('',#7056,#7057);
#7056 = CARTESIAN_POINT('',(2.4,1.351915208999,-2.8));
#7057 = VECTOR('',#7058,1.);
#7058 = DIRECTION('',(0.,0.,-1.));
#7059 = ORIENTED_EDGE('',*,*,#7060,.F.);
#7060 = EDGE_CURVE('',#7061,#7053,#7063,.T.);
#7061 = VERTEX_POINT('',#7062);
#7062 = CARTESIAN_POINT('',(2.6,1.351915208999,-0.8));
#7063 = LINE('',#7064,#7065);
#7064 = CARTESIAN_POINT('',(-5.5,1.351915208999,-0.8));
#7065 = VECTOR('',#7066,1.);
#7066 = DIRECTION('',(-1.,0.,0.));
#7067 = ORIENTED_EDGE('',*,*,#7068,.T.);
#7068 = EDGE_CURVE('',#7061,#7069,#7071,.T.);
#7069 = VERTEX_POINT('',#7070);
#7070 = CARTESIAN_POINT('',(2.6,1.351915208999,-2.8));
#7071 = LINE('',#7072,#7073);
#7072 = CARTESIAN_POINT('',(2.6,1.351915208999,-2.8));
#7073 = VECTOR('',#7074,1.);
#7074 = DIRECTION('',(0.,0.,-1.));
#7075 = ORIENTED_EDGE('',*,*,#7076,.F.);
#7076 = EDGE_CURVE('',#7077,#7069,#7079,.T.);
#7077 = VERTEX_POINT('',#7078);
#7078 = CARTESIAN_POINT('',(3.4,1.351915208999,-2.8));
#7079 = LINE('',#7080,#7081);
#7080 = CARTESIAN_POINT('',(-5.5,1.351915208999,-2.8));
#7081 = VECTOR('',#7082,1.);
#7082 = DIRECTION('',(-1.,0.,0.));
#7083 = ORIENTED_EDGE('',*,*,#7084,.F.);
#7084 = EDGE_CURVE('',#7085,#7077,#7087,.T.);
#7085 = VERTEX_POINT('',#7086);
#7086 = CARTESIAN_POINT('',(3.4,1.351915208999,-0.8));
#7087 = LINE('',#7088,#7089);
#7088 = CARTESIAN_POINT('',(3.4,1.351915208999,-2.8));
#7089 = VECTOR('',#7090,1.);
#7090 = DIRECTION('',(0.,0.,-1.));
#7091 = ORIENTED_EDGE('',*,*,#7092,.F.);
#7092 = EDGE_CURVE('',#7093,#7085,#7095,.T.);
#7093 = VERTEX_POINT('',#7094);
#7094 = CARTESIAN_POINT('',(3.6,1.351915208999,-0.8));
#7095 = LINE('',#7096,#7097);
#7096 = CARTESIAN_POINT('',(-5.5,1.351915208999,-0.8));
#7097 = VECTOR('',#7098,1.);
#7098 = DIRECTION('',(-1.,0.,0.));
#7099 = ORIENTED_EDGE('',*,*,#7100,.T.);
#7100 = EDGE_CURVE('',#7093,#7101,#7103,.T.);
#7101 = VERTEX_POINT('',#7102);
#7102 = CARTESIAN_POINT('',(3.6,1.351915208999,-2.8));
#7103 = LINE('',#7104,#7105);
#7104 = CARTESIAN_POINT('',(3.6,1.351915208999,-2.8));
#7105 = VECTOR('',#7106,1.);
#7106 = DIRECTION('',(0.,0.,-1.));
#7107 = ORIENTED_EDGE('',*,*,#7108,.F.);
#7108 = EDGE_CURVE('',#7109,#7101,#7111,.T.);
#7109 = VERTEX_POINT('',#7110);
#7110 = CARTESIAN_POINT('',(4.4,1.351915208999,-2.8));
#7111 = LINE('',#7112,#7113);
#7112 = CARTESIAN_POINT('',(-5.5,1.351915208999,-2.8));
#7113 = VECTOR('',#7114,1.);
#7114 = DIRECTION('',(-1.,0.,0.));
#7115 = ORIENTED_EDGE('',*,*,#7116,.F.);
#7116 = EDGE_CURVE('',#7117,#7109,#7119,.T.);
#7117 = VERTEX_POINT('',#7118);
#7118 = CARTESIAN_POINT('',(4.4,1.351915208999,-0.8));
#7119 = LINE('',#7120,#7121);
#7120 = CARTESIAN_POINT('',(4.4,1.351915208999,-2.8));
#7121 = VECTOR('',#7122,1.);
#7122 = DIRECTION('',(0.,0.,-1.));
#7123 = ORIENTED_EDGE('',*,*,#7124,.F.);
#7124 = EDGE_CURVE('',#7125,#7117,#7127,.T.);
#7125 = VERTEX_POINT('',#7126);
#7126 = CARTESIAN_POINT('',(4.6,1.351915208999,-0.8));
#7127 = LINE('',#7128,#7129);
#7128 = CARTESIAN_POINT('',(-5.5,1.351915208999,-0.8));
#7129 = VECTOR('',#7130,1.);
#7130 = DIRECTION('',(-1.,0.,0.));
#7131 = ORIENTED_EDGE('',*,*,#7132,.T.);
#7132 = EDGE_CURVE('',#7125,#7133,#7135,.T.);
#7133 = VERTEX_POINT('',#7134);
#7134 = CARTESIAN_POINT('',(4.6,1.351915208999,-2.8));
#7135 = LINE('',#7136,#7137);
#7136 = CARTESIAN_POINT('',(4.6,1.351915208999,-2.8));
#7137 = VECTOR('',#7138,1.);
#7138 = DIRECTION('',(0.,0.,-1.));
#7139 = ORIENTED_EDGE('',*,*,#7140,.F.);
#7140 = EDGE_CURVE('',#6716,#7133,#7141,.T.);
#7141 = LINE('',#7142,#7143);
#7142 = CARTESIAN_POINT('',(-5.5,1.351915208999,-2.8));
#7143 = VECTOR('',#7144,1.);
#7144 = DIRECTION('',(-1.,0.,0.));
#7145 = ORIENTED_EDGE('',*,*,#6715,.T.);
#7146 = ORIENTED_EDGE('',*,*,#6340,.T.);
#7147 = ORIENTED_EDGE('',*,*,#7148,.F.);
#7148 = EDGE_CURVE('',#7149,#6333,#7151,.T.);
#7149 = VERTEX_POINT('',#7150);
#7150 = CARTESIAN_POINT('',(-5.5,1.351915208999,-2.8));
#7151 = LINE('',#7152,#7153);
#7152 = CARTESIAN_POINT('',(-5.5,1.351915208999,-2.8));
#7153 = VECTOR('',#7154,1.);
#7154 = DIRECTION('',(0.,0.,1.));
#7155 = ORIENTED_EDGE('',*,*,#7156,.F.);
#7156 = EDGE_CURVE('',#7157,#7149,#7159,.T.);
#7157 = VERTEX_POINT('',#7158);
#7158 = CARTESIAN_POINT('',(-4.6,1.351915208999,-2.8));
#7159 = LINE('',#7160,#7161);
#7160 = CARTESIAN_POINT('',(-5.5,1.351915208999,-2.8));
#7161 = VECTOR('',#7162,1.);
#7162 = DIRECTION('',(-1.,0.,0.));
#7163 = ORIENTED_EDGE('',*,*,#7164,.F.);
#7164 = EDGE_CURVE('',#6837,#7157,#7165,.T.);
#7165 = LINE('',#7166,#7167);
#7166 = CARTESIAN_POINT('',(-4.6,1.351915208999,-2.8));
#7167 = VECTOR('',#7168,1.);
#7168 = DIRECTION('',(0.,0.,-1.));
#7169 = PLANE('',#7170);
#7170 = AXIS2_PLACEMENT_3D('',#7171,#7172,#7173);
#7171 = CARTESIAN_POINT('',(-5.5,1.351915208999,-2.8));
#7172 = DIRECTION('',(0.,1.,0.));
#7173 = DIRECTION('',(0.,-0.,1.));
#7174 = ADVANCED_FACE('',(#7175),#7186,.F.);
#7175 = FACE_BOUND('',#7176,.T.);
#7176 = EDGE_LOOP('',(#7177,#7178,#7179,#7185));
#7177 = ORIENTED_EDGE('',*,*,#6332,.T.);
#7178 = ORIENTED_EDGE('',*,*,#6755,.F.);
#7179 = ORIENTED_EDGE('',*,*,#7180,.F.);
#7180 = EDGE_CURVE('',#7149,#6748,#7181,.T.);
#7181 = LINE('',#7182,#7183);
#7182 = CARTESIAN_POINT('',(-5.5,0.85,-2.8));
#7183 = VECTOR('',#7184,1.);
#7184 = DIRECTION('',(0.,-1.,0.));
#7185 = ORIENTED_EDGE('',*,*,#7148,.T.);
#7186 = PLANE('',#7187);
#7187 = AXIS2_PLACEMENT_3D('',#7188,#7189,#7190);
#7188 = CARTESIAN_POINT('',(-5.5,0.85,-2.8));
#7189 = DIRECTION('',(-1.,0.,0.));
#7190 = DIRECTION('',(0.,0.,-1.));
#7191 = ADVANCED_FACE('',(#7192),#7198,.T.);
#7192 = FACE_BOUND('',#7193,.T.);
#7193 = EDGE_LOOP('',(#7194,#7195,#7196,#7197));
#7194 = ORIENTED_EDGE('',*,*,#6449,.T.);
#7195 = ORIENTED_EDGE('',*,*,#6603,.T.);
#7196 = ORIENTED_EDGE('',*,*,#6579,.T.);
#7197 = ORIENTED_EDGE('',*,*,#6555,.T.);
#7198 = PLANE('',#7199);
#7199 = AXIS2_PLACEMENT_3D('',#7200,#7201,#7202);
#7200 = CARTESIAN_POINT('',(6.,-1.E-01,-1.9));
#7201 = DIRECTION('',(0.,-1.,0.));
#7202 = DIRECTION('',(0.,-0.,-1.));
#7203 = ADVANCED_FACE('',(#7204),#7210,.T.);
#7204 = FACE_BOUND('',#7205,.T.);
#7205 = EDGE_LOOP('',(#7206,#7207,#7208,#7209));
#7206 = ORIENTED_EDGE('',*,*,#6506,.F.);
#7207 = ORIENTED_EDGE('',*,*,#6668,.F.);
#7208 = ORIENTED_EDGE('',*,*,#6644,.F.);
#7209 = ORIENTED_EDGE('',*,*,#6620,.F.);
#7210 = PLANE('',#7211);
#7211 = AXIS2_PLACEMENT_3D('',#7212,#7213,#7214);
#7212 = CARTESIAN_POINT('',(-6.,-1.E-01,-1.9));
#7213 = DIRECTION('',(0.,-1.,0.));
#7214 = DIRECTION('',(0.,-0.,-1.));
#7215 = ADVANCED_FACE('',(#7216,#7250,#7490,#7524,#7558,#7592,#7626,
    #7660,#7694,#7728,#7762),#7796,.T.);
#7216 = FACE_BOUND('',#7217,.T.);
#7217 = EDGE_LOOP('',(#7218,#7228,#7236,#7244));
#7218 = ORIENTED_EDGE('',*,*,#7219,.F.);
#7219 = EDGE_CURVE('',#7220,#7222,#7224,.T.);
#7220 = VERTEX_POINT('',#7221);
#7221 = CARTESIAN_POINT('',(-4.4,0.40287232356,-2.8));
#7222 = VERTEX_POINT('',#7223);
#7223 = CARTESIAN_POINT('',(-4.4,0.88287232356,-2.8));
#7224 = LINE('',#7225,#7226);
#7225 = CARTESIAN_POINT('',(-4.4,0.85,-2.8));
#7226 = VECTOR('',#7227,1.);
#7227 = DIRECTION('',(0.,1.,0.));
#7228 = ORIENTED_EDGE('',*,*,#7229,.T.);
#7229 = EDGE_CURVE('',#7220,#7230,#7232,.T.);
#7230 = VERTEX_POINT('',#7231);
#7231 = CARTESIAN_POINT('',(-4.6,0.40287232356,-2.8));
#7232 = LINE('',#7233,#7234);
#7233 = CARTESIAN_POINT('',(-5.2,0.40287232356,-2.8));
#7234 = VECTOR('',#7235,1.);
#7235 = DIRECTION('',(-1.,0.,0.));
#7236 = ORIENTED_EDGE('',*,*,#7237,.T.);
#7237 = EDGE_CURVE('',#7230,#7238,#7240,.T.);
#7238 = VERTEX_POINT('',#7239);
#7239 = CARTESIAN_POINT('',(-4.6,0.88287232356,-2.8));
#7240 = LINE('',#7241,#7242);
#7241 = CARTESIAN_POINT('',(-4.6,0.85,-2.8));
#7242 = VECTOR('',#7243,1.);
#7243 = DIRECTION('',(0.,1.,0.));
#7244 = ORIENTED_EDGE('',*,*,#7245,.T.);
#7245 = EDGE_CURVE('',#7238,#7222,#7246,.T.);
#7246 = LINE('',#7247,#7248);
#7247 = CARTESIAN_POINT('',(-5.2,0.88287232356,-2.8));
#7248 = VECTOR('',#7249,1.);
#7249 = DIRECTION('',(1.,0.,0.));
#7250 = FACE_BOUND('',#7251,.T.);
#7251 = EDGE_LOOP('',(#7252,#7260,#7268,#7274,#7275,#7276,#7277,#7278,
    #7279,#7280,#7281,#7282,#7283,#7291,#7299,#7305,#7306,#7314,#7322,
    #7328,#7329,#7337,#7345,#7351,#7352,#7360,#7368,#7374,#7375,#7383,
    #7391,#7397,#7398,#7406,#7414,#7420,#7421,#7429,#7437,#7443,#7444,
    #7452,#7460,#7466,#7467,#7475,#7483,#7489));
#7252 = ORIENTED_EDGE('',*,*,#7253,.F.);
#7253 = EDGE_CURVE('',#7254,#6845,#7256,.T.);
#7254 = VERTEX_POINT('',#7255);
#7255 = CARTESIAN_POINT('',(-4.4,1.17,-2.8));
#7256 = LINE('',#7257,#7258);
#7257 = CARTESIAN_POINT('',(-4.4,0.85,-2.8));
#7258 = VECTOR('',#7259,1.);
#7259 = DIRECTION('',(0.,1.,0.));
#7260 = ORIENTED_EDGE('',*,*,#7261,.T.);
#7261 = EDGE_CURVE('',#7254,#7262,#7264,.T.);
#7262 = VERTEX_POINT('',#7263);
#7263 = CARTESIAN_POINT('',(-4.6,1.17,-2.8));
#7264 = LINE('',#7265,#7266);
#7265 = CARTESIAN_POINT('',(-5.2,1.17,-2.8));
#7266 = VECTOR('',#7267,1.);
#7267 = DIRECTION('',(-1.,0.,0.));
#7268 = ORIENTED_EDGE('',*,*,#7269,.T.);
#7269 = EDGE_CURVE('',#7262,#7157,#7270,.T.);
#7270 = LINE('',#7271,#7272);
#7271 = CARTESIAN_POINT('',(-4.6,0.85,-2.8));
#7272 = VECTOR('',#7273,1.);
#7273 = DIRECTION('',(0.,1.,0.));
#7274 = ORIENTED_EDGE('',*,*,#7156,.T.);
#7275 = ORIENTED_EDGE('',*,*,#7180,.T.);
#7276 = ORIENTED_EDGE('',*,*,#6747,.T.);
#7277 = ORIENTED_EDGE('',*,*,#6692,.T.);
#7278 = ORIENTED_EDGE('',*,*,#6819,.T.);
#7279 = ORIENTED_EDGE('',*,*,#6778,.T.);
#7280 = ORIENTED_EDGE('',*,*,#6802,.T.);
#7281 = ORIENTED_EDGE('',*,*,#6723,.T.);
#7282 = ORIENTED_EDGE('',*,*,#7140,.T.);
#7283 = ORIENTED_EDGE('',*,*,#7284,.F.);
#7284 = EDGE_CURVE('',#7285,#7133,#7287,.T.);
#7285 = VERTEX_POINT('',#7286);
#7286 = CARTESIAN_POINT('',(4.6,1.17,-2.8));
#7287 = LINE('',#7288,#7289);
#7288 = CARTESIAN_POINT('',(4.6,0.85,-2.8));
#7289 = VECTOR('',#7290,1.);
#7290 = DIRECTION('',(0.,1.,0.));
#7291 = ORIENTED_EDGE('',*,*,#7292,.T.);
#7292 = EDGE_CURVE('',#7285,#7293,#7295,.T.);
#7293 = VERTEX_POINT('',#7294);
#7294 = CARTESIAN_POINT('',(4.4,1.17,-2.8));
#7295 = LINE('',#7296,#7297);
#7296 = CARTESIAN_POINT('',(-5.2,1.17,-2.8));
#7297 = VECTOR('',#7298,1.);
#7298 = DIRECTION('',(-1.,0.,0.));
#7299 = ORIENTED_EDGE('',*,*,#7300,.T.);
#7300 = EDGE_CURVE('',#7293,#7109,#7301,.T.);
#7301 = LINE('',#7302,#7303);
#7302 = CARTESIAN_POINT('',(4.4,0.85,-2.8));
#7303 = VECTOR('',#7304,1.);
#7304 = DIRECTION('',(0.,1.,0.));
#7305 = ORIENTED_EDGE('',*,*,#7108,.T.);
#7306 = ORIENTED_EDGE('',*,*,#7307,.F.);
#7307 = EDGE_CURVE('',#7308,#7101,#7310,.T.);
#7308 = VERTEX_POINT('',#7309);
#7309 = CARTESIAN_POINT('',(3.6,1.17,-2.8));
#7310 = LINE('',#7311,#7312);
#7311 = CARTESIAN_POINT('',(3.6,0.85,-2.8));
#7312 = VECTOR('',#7313,1.);
#7313 = DIRECTION('',(0.,1.,0.));
#7314 = ORIENTED_EDGE('',*,*,#7315,.T.);
#7315 = EDGE_CURVE('',#7308,#7316,#7318,.T.);
#7316 = VERTEX_POINT('',#7317);
#7317 = CARTESIAN_POINT('',(3.4,1.17,-2.8));
#7318 = LINE('',#7319,#7320);
#7319 = CARTESIAN_POINT('',(-5.2,1.17,-2.8));
#7320 = VECTOR('',#7321,1.);
#7321 = DIRECTION('',(-1.,0.,0.));
#7322 = ORIENTED_EDGE('',*,*,#7323,.T.);
#7323 = EDGE_CURVE('',#7316,#7077,#7324,.T.);
#7324 = LINE('',#7325,#7326);
#7325 = CARTESIAN_POINT('',(3.4,0.85,-2.8));
#7326 = VECTOR('',#7327,1.);
#7327 = DIRECTION('',(0.,1.,0.));
#7328 = ORIENTED_EDGE('',*,*,#7076,.T.);
#7329 = ORIENTED_EDGE('',*,*,#7330,.F.);
#7330 = EDGE_CURVE('',#7331,#7069,#7333,.T.);
#7331 = VERTEX_POINT('',#7332);
#7332 = CARTESIAN_POINT('',(2.6,1.17,-2.8));
#7333 = LINE('',#7334,#7335);
#7334 = CARTESIAN_POINT('',(2.6,0.85,-2.8));
#7335 = VECTOR('',#7336,1.);
#7336 = DIRECTION('',(0.,1.,0.));
#7337 = ORIENTED_EDGE('',*,*,#7338,.T.);
#7338 = EDGE_CURVE('',#7331,#7339,#7341,.T.);
#7339 = VERTEX_POINT('',#7340);
#7340 = CARTESIAN_POINT('',(2.4,1.17,-2.8));
#7341 = LINE('',#7342,#7343);
#7342 = CARTESIAN_POINT('',(-5.2,1.17,-2.8));
#7343 = VECTOR('',#7344,1.);
#7344 = DIRECTION('',(-1.,0.,0.));
#7345 = ORIENTED_EDGE('',*,*,#7346,.T.);
#7346 = EDGE_CURVE('',#7339,#7045,#7347,.T.);
#7347 = LINE('',#7348,#7349);
#7348 = CARTESIAN_POINT('',(2.4,0.85,-2.8));
#7349 = VECTOR('',#7350,1.);
#7350 = DIRECTION('',(0.,1.,0.));
#7351 = ORIENTED_EDGE('',*,*,#7044,.T.);
#7352 = ORIENTED_EDGE('',*,*,#7353,.F.);
#7353 = EDGE_CURVE('',#7354,#7037,#7356,.T.);
#7354 = VERTEX_POINT('',#7355);
#7355 = CARTESIAN_POINT('',(1.6,1.17,-2.8));
#7356 = LINE('',#7357,#7358);
#7357 = CARTESIAN_POINT('',(1.6,0.85,-2.8));
#7358 = VECTOR('',#7359,1.);
#7359 = DIRECTION('',(0.,1.,0.));
#7360 = ORIENTED_EDGE('',*,*,#7361,.T.);
#7361 = EDGE_CURVE('',#7354,#7362,#7364,.T.);
#7362 = VERTEX_POINT('',#7363);
#7363 = CARTESIAN_POINT('',(1.4,1.17,-2.8));
#7364 = LINE('',#7365,#7366);
#7365 = CARTESIAN_POINT('',(-5.2,1.17,-2.8));
#7366 = VECTOR('',#7367,1.);
#7367 = DIRECTION('',(-1.,0.,0.));
#7368 = ORIENTED_EDGE('',*,*,#7369,.T.);
#7369 = EDGE_CURVE('',#7362,#7013,#7370,.T.);
#7370 = LINE('',#7371,#7372);
#7371 = CARTESIAN_POINT('',(1.4,0.85,-2.8));
#7372 = VECTOR('',#7373,1.);
#7373 = DIRECTION('',(0.,1.,0.));
#7374 = ORIENTED_EDGE('',*,*,#7012,.T.);
#7375 = ORIENTED_EDGE('',*,*,#7376,.F.);
#7376 = EDGE_CURVE('',#7377,#7005,#7379,.T.);
#7377 = VERTEX_POINT('',#7378);
#7378 = CARTESIAN_POINT('',(0.6,1.17,-2.8));
#7379 = LINE('',#7380,#7381);
#7380 = CARTESIAN_POINT('',(0.6,0.85,-2.8));
#7381 = VECTOR('',#7382,1.);
#7382 = DIRECTION('',(0.,1.,0.));
#7383 = ORIENTED_EDGE('',*,*,#7384,.T.);
#7384 = EDGE_CURVE('',#7377,#7385,#7387,.T.);
#7385 = VERTEX_POINT('',#7386);
#7386 = CARTESIAN_POINT('',(0.4,1.17,-2.8));
#7387 = LINE('',#7388,#7389);
#7388 = CARTESIAN_POINT('',(-5.2,1.17,-2.8));
#7389 = VECTOR('',#7390,1.);
#7390 = DIRECTION('',(-1.,0.,0.));
#7391 = ORIENTED_EDGE('',*,*,#7392,.T.);
#7392 = EDGE_CURVE('',#7385,#6981,#7393,.T.);
#7393 = LINE('',#7394,#7395);
#7394 = CARTESIAN_POINT('',(0.4,0.85,-2.8));
#7395 = VECTOR('',#7396,1.);
#7396 = DIRECTION('',(0.,1.,0.));
#7397 = ORIENTED_EDGE('',*,*,#6980,.T.);
#7398 = ORIENTED_EDGE('',*,*,#7399,.F.);
#7399 = EDGE_CURVE('',#7400,#6973,#7402,.T.);
#7400 = VERTEX_POINT('',#7401);
#7401 = CARTESIAN_POINT('',(-0.4,1.17,-2.8));
#7402 = LINE('',#7403,#7404);
#7403 = CARTESIAN_POINT('',(-0.4,0.85,-2.8));
#7404 = VECTOR('',#7405,1.);
#7405 = DIRECTION('',(0.,1.,0.));
#7406 = ORIENTED_EDGE('',*,*,#7407,.T.);
#7407 = EDGE_CURVE('',#7400,#7408,#7410,.T.);
#7408 = VERTEX_POINT('',#7409);
#7409 = CARTESIAN_POINT('',(-0.6,1.17,-2.8));
#7410 = LINE('',#7411,#7412);
#7411 = CARTESIAN_POINT('',(-5.2,1.17,-2.8));
#7412 = VECTOR('',#7413,1.);
#7413 = DIRECTION('',(-1.,0.,0.));
#7414 = ORIENTED_EDGE('',*,*,#7415,.T.);
#7415 = EDGE_CURVE('',#7408,#6949,#7416,.T.);
#7416 = LINE('',#7417,#7418);
#7417 = CARTESIAN_POINT('',(-0.6,0.85,-2.8));
#7418 = VECTOR('',#7419,1.);
#7419 = DIRECTION('',(0.,1.,0.));
#7420 = ORIENTED_EDGE('',*,*,#6948,.T.);
#7421 = ORIENTED_EDGE('',*,*,#7422,.F.);
#7422 = EDGE_CURVE('',#7423,#6941,#7425,.T.);
#7423 = VERTEX_POINT('',#7424);
#7424 = CARTESIAN_POINT('',(-1.4,1.17,-2.8));
#7425 = LINE('',#7426,#7427);
#7426 = CARTESIAN_POINT('',(-1.4,0.85,-2.8));
#7427 = VECTOR('',#7428,1.);
#7428 = DIRECTION('',(0.,1.,0.));
#7429 = ORIENTED_EDGE('',*,*,#7430,.T.);
#7430 = EDGE_CURVE('',#7423,#7431,#7433,.T.);
#7431 = VERTEX_POINT('',#7432);
#7432 = CARTESIAN_POINT('',(-1.6,1.17,-2.8));
#7433 = LINE('',#7434,#7435);
#7434 = CARTESIAN_POINT('',(-5.2,1.17,-2.8));
#7435 = VECTOR('',#7436,1.);
#7436 = DIRECTION('',(-1.,0.,0.));
#7437 = ORIENTED_EDGE('',*,*,#7438,.T.);
#7438 = EDGE_CURVE('',#7431,#6917,#7439,.T.);
#7439 = LINE('',#7440,#7441);
#7440 = CARTESIAN_POINT('',(-1.6,0.85,-2.8));
#7441 = VECTOR('',#7442,1.);
#7442 = DIRECTION('',(0.,1.,0.));
#7443 = ORIENTED_EDGE('',*,*,#6916,.T.);
#7444 = ORIENTED_EDGE('',*,*,#7445,.F.);
#7445 = EDGE_CURVE('',#7446,#6909,#7448,.T.);
#7446 = VERTEX_POINT('',#7447);
#7447 = CARTESIAN_POINT('',(-2.4,1.17,-2.8));
#7448 = LINE('',#7449,#7450);
#7449 = CARTESIAN_POINT('',(-2.4,0.85,-2.8));
#7450 = VECTOR('',#7451,1.);
#7451 = DIRECTION('',(0.,1.,0.));
#7452 = ORIENTED_EDGE('',*,*,#7453,.T.);
#7453 = EDGE_CURVE('',#7446,#7454,#7456,.T.);
#7454 = VERTEX_POINT('',#7455);
#7455 = CARTESIAN_POINT('',(-2.6,1.17,-2.8));
#7456 = LINE('',#7457,#7458);
#7457 = CARTESIAN_POINT('',(-5.2,1.17,-2.8));
#7458 = VECTOR('',#7459,1.);
#7459 = DIRECTION('',(-1.,0.,0.));
#7460 = ORIENTED_EDGE('',*,*,#7461,.T.);
#7461 = EDGE_CURVE('',#7454,#6885,#7462,.T.);
#7462 = LINE('',#7463,#7464);
#7463 = CARTESIAN_POINT('',(-2.6,0.85,-2.8));
#7464 = VECTOR('',#7465,1.);
#7465 = DIRECTION('',(0.,1.,0.));
#7466 = ORIENTED_EDGE('',*,*,#6884,.T.);
#7467 = ORIENTED_EDGE('',*,*,#7468,.F.);
#7468 = EDGE_CURVE('',#7469,#6877,#7471,.T.);
#7469 = VERTEX_POINT('',#7470);
#7470 = CARTESIAN_POINT('',(-3.4,1.17,-2.8));
#7471 = LINE('',#7472,#7473);
#7472 = CARTESIAN_POINT('',(-3.4,0.85,-2.8));
#7473 = VECTOR('',#7474,1.);
#7474 = DIRECTION('',(0.,1.,0.));
#7475 = ORIENTED_EDGE('',*,*,#7476,.T.);
#7476 = EDGE_CURVE('',#7469,#7477,#7479,.T.);
#7477 = VERTEX_POINT('',#7478);
#7478 = CARTESIAN_POINT('',(-3.6,1.17,-2.8));
#7479 = LINE('',#7480,#7481);
#7480 = CARTESIAN_POINT('',(-5.2,1.17,-2.8));
#7481 = VECTOR('',#7482,1.);
#7482 = DIRECTION('',(-1.,0.,0.));
#7483 = ORIENTED_EDGE('',*,*,#7484,.T.);
#7484 = EDGE_CURVE('',#7477,#6853,#7485,.T.);
#7485 = LINE('',#7486,#7487);
#7486 = CARTESIAN_POINT('',(-3.6,0.85,-2.8));
#7487 = VECTOR('',#7488,1.);
#7488 = DIRECTION('',(0.,1.,0.));
#7489 = ORIENTED_EDGE('',*,*,#6852,.T.);
#7490 = FACE_BOUND('',#7491,.T.);
#7491 = EDGE_LOOP('',(#7492,#7502,#7510,#7518));
#7492 = ORIENTED_EDGE('',*,*,#7493,.F.);
#7493 = EDGE_CURVE('',#7494,#7496,#7498,.T.);
#7494 = VERTEX_POINT('',#7495);
#7495 = CARTESIAN_POINT('',(-3.4,0.40287232356,-2.8));
#7496 = VERTEX_POINT('',#7497);
#7497 = CARTESIAN_POINT('',(-3.4,0.88287232356,-2.8));
#7498 = LINE('',#7499,#7500);
#7499 = CARTESIAN_POINT('',(-3.4,0.85,-2.8));
#7500 = VECTOR('',#7501,1.);
#7501 = DIRECTION('',(0.,1.,0.));
#7502 = ORIENTED_EDGE('',*,*,#7503,.T.);
#7503 = EDGE_CURVE('',#7494,#7504,#7506,.T.);
#7504 = VERTEX_POINT('',#7505);
#7505 = CARTESIAN_POINT('',(-3.6,0.40287232356,-2.8));
#7506 = LINE('',#7507,#7508);
#7507 = CARTESIAN_POINT('',(-5.2,0.40287232356,-2.8));
#7508 = VECTOR('',#7509,1.);
#7509 = DIRECTION('',(-1.,0.,0.));
#7510 = ORIENTED_EDGE('',*,*,#7511,.T.);
#7511 = EDGE_CURVE('',#7504,#7512,#7514,.T.);
#7512 = VERTEX_POINT('',#7513);
#7513 = CARTESIAN_POINT('',(-3.6,0.88287232356,-2.8));
#7514 = LINE('',#7515,#7516);
#7515 = CARTESIAN_POINT('',(-3.6,0.85,-2.8));
#7516 = VECTOR('',#7517,1.);
#7517 = DIRECTION('',(0.,1.,0.));
#7518 = ORIENTED_EDGE('',*,*,#7519,.T.);
#7519 = EDGE_CURVE('',#7512,#7496,#7520,.T.);
#7520 = LINE('',#7521,#7522);
#7521 = CARTESIAN_POINT('',(-5.2,0.88287232356,-2.8));
#7522 = VECTOR('',#7523,1.);
#7523 = DIRECTION('',(1.,0.,0.));
#7524 = FACE_BOUND('',#7525,.T.);
#7525 = EDGE_LOOP('',(#7526,#7536,#7544,#7552));
#7526 = ORIENTED_EDGE('',*,*,#7527,.F.);
#7527 = EDGE_CURVE('',#7528,#7530,#7532,.T.);
#7528 = VERTEX_POINT('',#7529);
#7529 = CARTESIAN_POINT('',(-2.4,0.40287232356,-2.8));
#7530 = VERTEX_POINT('',#7531);
#7531 = CARTESIAN_POINT('',(-2.4,0.88287232356,-2.8));
#7532 = LINE('',#7533,#7534);
#7533 = CARTESIAN_POINT('',(-2.4,0.85,-2.8));
#7534 = VECTOR('',#7535,1.);
#7535 = DIRECTION('',(0.,1.,0.));
#7536 = ORIENTED_EDGE('',*,*,#7537,.T.);
#7537 = EDGE_CURVE('',#7528,#7538,#7540,.T.);
#7538 = VERTEX_POINT('',#7539);
#7539 = CARTESIAN_POINT('',(-2.6,0.40287232356,-2.8));
#7540 = LINE('',#7541,#7542);
#7541 = CARTESIAN_POINT('',(-5.2,0.40287232356,-2.8));
#7542 = VECTOR('',#7543,1.);
#7543 = DIRECTION('',(-1.,0.,0.));
#7544 = ORIENTED_EDGE('',*,*,#7545,.T.);
#7545 = EDGE_CURVE('',#7538,#7546,#7548,.T.);
#7546 = VERTEX_POINT('',#7547);
#7547 = CARTESIAN_POINT('',(-2.6,0.88287232356,-2.8));
#7548 = LINE('',#7549,#7550);
#7549 = CARTESIAN_POINT('',(-2.6,0.85,-2.8));
#7550 = VECTOR('',#7551,1.);
#7551 = DIRECTION('',(0.,1.,0.));
#7552 = ORIENTED_EDGE('',*,*,#7553,.T.);
#7553 = EDGE_CURVE('',#7546,#7530,#7554,.T.);
#7554 = LINE('',#7555,#7556);
#7555 = CARTESIAN_POINT('',(-5.2,0.88287232356,-2.8));
#7556 = VECTOR('',#7557,1.);
#7557 = DIRECTION('',(1.,0.,0.));
#7558 = FACE_BOUND('',#7559,.T.);
#7559 = EDGE_LOOP('',(#7560,#7570,#7578,#7586));
#7560 = ORIENTED_EDGE('',*,*,#7561,.F.);
#7561 = EDGE_CURVE('',#7562,#7564,#7566,.T.);
#7562 = VERTEX_POINT('',#7563);
#7563 = CARTESIAN_POINT('',(-1.4,0.40287232356,-2.8));
#7564 = VERTEX_POINT('',#7565);
#7565 = CARTESIAN_POINT('',(-1.4,0.88287232356,-2.8));
#7566 = LINE('',#7567,#7568);
#7567 = CARTESIAN_POINT('',(-1.4,0.85,-2.8));
#7568 = VECTOR('',#7569,1.);
#7569 = DIRECTION('',(0.,1.,0.));
#7570 = ORIENTED_EDGE('',*,*,#7571,.T.);
#7571 = EDGE_CURVE('',#7562,#7572,#7574,.T.);
#7572 = VERTEX_POINT('',#7573);
#7573 = CARTESIAN_POINT('',(-1.6,0.40287232356,-2.8));
#7574 = LINE('',#7575,#7576);
#7575 = CARTESIAN_POINT('',(-5.2,0.40287232356,-2.8));
#7576 = VECTOR('',#7577,1.);
#7577 = DIRECTION('',(-1.,0.,0.));
#7578 = ORIENTED_EDGE('',*,*,#7579,.T.);
#7579 = EDGE_CURVE('',#7572,#7580,#7582,.T.);
#7580 = VERTEX_POINT('',#7581);
#7581 = CARTESIAN_POINT('',(-1.6,0.88287232356,-2.8));
#7582 = LINE('',#7583,#7584);
#7583 = CARTESIAN_POINT('',(-1.6,0.85,-2.8));
#7584 = VECTOR('',#7585,1.);
#7585 = DIRECTION('',(0.,1.,0.));
#7586 = ORIENTED_EDGE('',*,*,#7587,.T.);
#7587 = EDGE_CURVE('',#7580,#7564,#7588,.T.);
#7588 = LINE('',#7589,#7590);
#7589 = CARTESIAN_POINT('',(-5.2,0.88287232356,-2.8));
#7590 = VECTOR('',#7591,1.);
#7591 = DIRECTION('',(1.,0.,0.));
#7592 = FACE_BOUND('',#7593,.T.);
#7593 = EDGE_LOOP('',(#7594,#7604,#7612,#7620));
#7594 = ORIENTED_EDGE('',*,*,#7595,.F.);
#7595 = EDGE_CURVE('',#7596,#7598,#7600,.T.);
#7596 = VERTEX_POINT('',#7597);
#7597 = CARTESIAN_POINT('',(-0.4,0.40287232356,-2.8));
#7598 = VERTEX_POINT('',#7599);
#7599 = CARTESIAN_POINT('',(-0.4,0.88287232356,-2.8));
#7600 = LINE('',#7601,#7602);
#7601 = CARTESIAN_POINT('',(-0.4,0.85,-2.8));
#7602 = VECTOR('',#7603,1.);
#7603 = DIRECTION('',(0.,1.,0.));
#7604 = ORIENTED_EDGE('',*,*,#7605,.T.);
#7605 = EDGE_CURVE('',#7596,#7606,#7608,.T.);
#7606 = VERTEX_POINT('',#7607);
#7607 = CARTESIAN_POINT('',(-0.6,0.40287232356,-2.8));
#7608 = LINE('',#7609,#7610);
#7609 = CARTESIAN_POINT('',(-5.2,0.40287232356,-2.8));
#7610 = VECTOR('',#7611,1.);
#7611 = DIRECTION('',(-1.,0.,0.));
#7612 = ORIENTED_EDGE('',*,*,#7613,.T.);
#7613 = EDGE_CURVE('',#7606,#7614,#7616,.T.);
#7614 = VERTEX_POINT('',#7615);
#7615 = CARTESIAN_POINT('',(-0.6,0.88287232356,-2.8));
#7616 = LINE('',#7617,#7618);
#7617 = CARTESIAN_POINT('',(-0.6,0.85,-2.8));
#7618 = VECTOR('',#7619,1.);
#7619 = DIRECTION('',(0.,1.,0.));
#7620 = ORIENTED_EDGE('',*,*,#7621,.T.);
#7621 = EDGE_CURVE('',#7614,#7598,#7622,.T.);
#7622 = LINE('',#7623,#7624);
#7623 = CARTESIAN_POINT('',(-5.2,0.88287232356,-2.8));
#7624 = VECTOR('',#7625,1.);
#7625 = DIRECTION('',(1.,0.,0.));
#7626 = FACE_BOUND('',#7627,.T.);
#7627 = EDGE_LOOP('',(#7628,#7638,#7646,#7654));
#7628 = ORIENTED_EDGE('',*,*,#7629,.F.);
#7629 = EDGE_CURVE('',#7630,#7632,#7634,.T.);
#7630 = VERTEX_POINT('',#7631);
#7631 = CARTESIAN_POINT('',(0.6,0.40287232356,-2.8));
#7632 = VERTEX_POINT('',#7633);
#7633 = CARTESIAN_POINT('',(0.6,0.88287232356,-2.8));
#7634 = LINE('',#7635,#7636);
#7635 = CARTESIAN_POINT('',(0.6,0.85,-2.8));
#7636 = VECTOR('',#7637,1.);
#7637 = DIRECTION('',(0.,1.,0.));
#7638 = ORIENTED_EDGE('',*,*,#7639,.T.);
#7639 = EDGE_CURVE('',#7630,#7640,#7642,.T.);
#7640 = VERTEX_POINT('',#7641);
#7641 = CARTESIAN_POINT('',(0.4,0.40287232356,-2.8));
#7642 = LINE('',#7643,#7644);
#7643 = CARTESIAN_POINT('',(-5.2,0.40287232356,-2.8));
#7644 = VECTOR('',#7645,1.);
#7645 = DIRECTION('',(-1.,0.,0.));
#7646 = ORIENTED_EDGE('',*,*,#7647,.T.);
#7647 = EDGE_CURVE('',#7640,#7648,#7650,.T.);
#7648 = VERTEX_POINT('',#7649);
#7649 = CARTESIAN_POINT('',(0.4,0.88287232356,-2.8));
#7650 = LINE('',#7651,#7652);
#7651 = CARTESIAN_POINT('',(0.4,0.85,-2.8));
#7652 = VECTOR('',#7653,1.);
#7653 = DIRECTION('',(0.,1.,0.));
#7654 = ORIENTED_EDGE('',*,*,#7655,.T.);
#7655 = EDGE_CURVE('',#7648,#7632,#7656,.T.);
#7656 = LINE('',#7657,#7658);
#7657 = CARTESIAN_POINT('',(-5.2,0.88287232356,-2.8));
#7658 = VECTOR('',#7659,1.);
#7659 = DIRECTION('',(1.,0.,0.));
#7660 = FACE_BOUND('',#7661,.T.);
#7661 = EDGE_LOOP('',(#7662,#7672,#7680,#7688));
#7662 = ORIENTED_EDGE('',*,*,#7663,.F.);
#7663 = EDGE_CURVE('',#7664,#7666,#7668,.T.);
#7664 = VERTEX_POINT('',#7665);
#7665 = CARTESIAN_POINT('',(1.6,0.40287232356,-2.8));
#7666 = VERTEX_POINT('',#7667);
#7667 = CARTESIAN_POINT('',(1.6,0.88287232356,-2.8));
#7668 = LINE('',#7669,#7670);
#7669 = CARTESIAN_POINT('',(1.6,0.85,-2.8));
#7670 = VECTOR('',#7671,1.);
#7671 = DIRECTION('',(0.,1.,0.));
#7672 = ORIENTED_EDGE('',*,*,#7673,.T.);
#7673 = EDGE_CURVE('',#7664,#7674,#7676,.T.);
#7674 = VERTEX_POINT('',#7675);
#7675 = CARTESIAN_POINT('',(1.4,0.40287232356,-2.8));
#7676 = LINE('',#7677,#7678);
#7677 = CARTESIAN_POINT('',(-5.2,0.40287232356,-2.8));
#7678 = VECTOR('',#7679,1.);
#7679 = DIRECTION('',(-1.,0.,0.));
#7680 = ORIENTED_EDGE('',*,*,#7681,.T.);
#7681 = EDGE_CURVE('',#7674,#7682,#7684,.T.);
#7682 = VERTEX_POINT('',#7683);
#7683 = CARTESIAN_POINT('',(1.4,0.88287232356,-2.8));
#7684 = LINE('',#7685,#7686);
#7685 = CARTESIAN_POINT('',(1.4,0.85,-2.8));
#7686 = VECTOR('',#7687,1.);
#7687 = DIRECTION('',(0.,1.,0.));
#7688 = ORIENTED_EDGE('',*,*,#7689,.T.);
#7689 = EDGE_CURVE('',#7682,#7666,#7690,.T.);
#7690 = LINE('',#7691,#7692);
#7691 = CARTESIAN_POINT('',(-5.2,0.88287232356,-2.8));
#7692 = VECTOR('',#7693,1.);
#7693 = DIRECTION('',(1.,0.,0.));
#7694 = FACE_BOUND('',#7695,.T.);
#7695 = EDGE_LOOP('',(#7696,#7706,#7714,#7722));
#7696 = ORIENTED_EDGE('',*,*,#7697,.F.);
#7697 = EDGE_CURVE('',#7698,#7700,#7702,.T.);
#7698 = VERTEX_POINT('',#7699);
#7699 = CARTESIAN_POINT('',(2.6,0.40287232356,-2.8));
#7700 = VERTEX_POINT('',#7701);
#7701 = CARTESIAN_POINT('',(2.6,0.88287232356,-2.8));
#7702 = LINE('',#7703,#7704);
#7703 = CARTESIAN_POINT('',(2.6,0.85,-2.8));
#7704 = VECTOR('',#7705,1.);
#7705 = DIRECTION('',(0.,1.,0.));
#7706 = ORIENTED_EDGE('',*,*,#7707,.T.);
#7707 = EDGE_CURVE('',#7698,#7708,#7710,.T.);
#7708 = VERTEX_POINT('',#7709);
#7709 = CARTESIAN_POINT('',(2.4,0.40287232356,-2.8));
#7710 = LINE('',#7711,#7712);
#7711 = CARTESIAN_POINT('',(-5.2,0.40287232356,-2.8));
#7712 = VECTOR('',#7713,1.);
#7713 = DIRECTION('',(-1.,0.,0.));
#7714 = ORIENTED_EDGE('',*,*,#7715,.T.);
#7715 = EDGE_CURVE('',#7708,#7716,#7718,.T.);
#7716 = VERTEX_POINT('',#7717);
#7717 = CARTESIAN_POINT('',(2.4,0.88287232356,-2.8));
#7718 = LINE('',#7719,#7720);
#7719 = CARTESIAN_POINT('',(2.4,0.85,-2.8));
#7720 = VECTOR('',#7721,1.);
#7721 = DIRECTION('',(0.,1.,0.));
#7722 = ORIENTED_EDGE('',*,*,#7723,.T.);
#7723 = EDGE_CURVE('',#7716,#7700,#7724,.T.);
#7724 = LINE('',#7725,#7726);
#7725 = CARTESIAN_POINT('',(-5.2,0.88287232356,-2.8));
#7726 = VECTOR('',#7727,1.);
#7727 = DIRECTION('',(1.,0.,0.));
#7728 = FACE_BOUND('',#7729,.T.);
#7729 = EDGE_LOOP('',(#7730,#7740,#7748,#7756));
#7730 = ORIENTED_EDGE('',*,*,#7731,.F.);
#7731 = EDGE_CURVE('',#7732,#7734,#7736,.T.);
#7732 = VERTEX_POINT('',#7733);
#7733 = CARTESIAN_POINT('',(3.6,0.40287232356,-2.8));
#7734 = VERTEX_POINT('',#7735);
#7735 = CARTESIAN_POINT('',(3.6,0.88287232356,-2.8));
#7736 = LINE('',#7737,#7738);
#7737 = CARTESIAN_POINT('',(3.6,0.85,-2.8));
#7738 = VECTOR('',#7739,1.);
#7739 = DIRECTION('',(0.,1.,0.));
#7740 = ORIENTED_EDGE('',*,*,#7741,.T.);
#7741 = EDGE_CURVE('',#7732,#7742,#7744,.T.);
#7742 = VERTEX_POINT('',#7743);
#7743 = CARTESIAN_POINT('',(3.4,0.40287232356,-2.8));
#7744 = LINE('',#7745,#7746);
#7745 = CARTESIAN_POINT('',(-5.2,0.40287232356,-2.8));
#7746 = VECTOR('',#7747,1.);
#7747 = DIRECTION('',(-1.,0.,0.));
#7748 = ORIENTED_EDGE('',*,*,#7749,.T.);
#7749 = EDGE_CURVE('',#7742,#7750,#7752,.T.);
#7750 = VERTEX_POINT('',#7751);
#7751 = CARTESIAN_POINT('',(3.4,0.88287232356,-2.8));
#7752 = LINE('',#7753,#7754);
#7753 = CARTESIAN_POINT('',(3.4,0.85,-2.8));
#7754 = VECTOR('',#7755,1.);
#7755 = DIRECTION('',(0.,1.,0.));
#7756 = ORIENTED_EDGE('',*,*,#7757,.T.);
#7757 = EDGE_CURVE('',#7750,#7734,#7758,.T.);
#7758 = LINE('',#7759,#7760);
#7759 = CARTESIAN_POINT('',(-5.2,0.88287232356,-2.8));
#7760 = VECTOR('',#7761,1.);
#7761 = DIRECTION('',(1.,0.,0.));
#7762 = FACE_BOUND('',#7763,.T.);
#7763 = EDGE_LOOP('',(#7764,#7774,#7782,#7790));
#7764 = ORIENTED_EDGE('',*,*,#7765,.F.);
#7765 = EDGE_CURVE('',#7766,#7768,#7770,.T.);
#7766 = VERTEX_POINT('',#7767);
#7767 = CARTESIAN_POINT('',(4.6,0.40287232356,-2.8));
#7768 = VERTEX_POINT('',#7769);
#7769 = CARTESIAN_POINT('',(4.6,0.88287232356,-2.8));
#7770 = LINE('',#7771,#7772);
#7771 = CARTESIAN_POINT('',(4.6,0.85,-2.8));
#7772 = VECTOR('',#7773,1.);
#7773 = DIRECTION('',(0.,1.,0.));
#7774 = ORIENTED_EDGE('',*,*,#7775,.T.);
#7775 = EDGE_CURVE('',#7766,#7776,#7778,.T.);
#7776 = VERTEX_POINT('',#7777);
#7777 = CARTESIAN_POINT('',(4.4,0.40287232356,-2.8));
#7778 = LINE('',#7779,#7780);
#7779 = CARTESIAN_POINT('',(-5.2,0.40287232356,-2.8));
#7780 = VECTOR('',#7781,1.);
#7781 = DIRECTION('',(-1.,0.,0.));
#7782 = ORIENTED_EDGE('',*,*,#7783,.T.);
#7783 = EDGE_CURVE('',#7776,#7784,#7786,.T.);
#7784 = VERTEX_POINT('',#7785);
#7785 = CARTESIAN_POINT('',(4.4,0.88287232356,-2.8));
#7786 = LINE('',#7787,#7788);
#7787 = CARTESIAN_POINT('',(4.4,0.85,-2.8));
#7788 = VECTOR('',#7789,1.);
#7789 = DIRECTION('',(0.,1.,0.));
#7790 = ORIENTED_EDGE('',*,*,#7791,.T.);
#7791 = EDGE_CURVE('',#7784,#7768,#7792,.T.);
#7792 = LINE('',#7793,#7794);
#7793 = CARTESIAN_POINT('',(-5.2,0.88287232356,-2.8));
#7794 = VECTOR('',#7795,1.);
#7795 = DIRECTION('',(1.,0.,0.));
#7796 = PLANE('',#7797);
#7797 = AXIS2_PLACEMENT_3D('',#7798,#7799,#7800);
#7798 = CARTESIAN_POINT('',(-5.2,0.85,-2.8));
#7799 = DIRECTION('',(0.,0.,1.));
#7800 = DIRECTION('',(1.,0.,-0.));
#7801 = ADVANCED_FACE('',(#7802),#7820,.F.);
#7802 = FACE_BOUND('',#7803,.T.);
#7803 = EDGE_LOOP('',(#7804,#7812,#7813,#7814));
#7804 = ORIENTED_EDGE('',*,*,#7805,.F.);
#7805 = EDGE_CURVE('',#7053,#7806,#7808,.T.);
#7806 = VERTEX_POINT('',#7807);
#7807 = CARTESIAN_POINT('',(2.4,1.17,-0.8));
#7808 = LINE('',#7809,#7810);
#7809 = CARTESIAN_POINT('',(2.4,1.47,-0.8));
#7810 = VECTOR('',#7811,1.);
#7811 = DIRECTION('',(0.,-1.,0.));
#7812 = ORIENTED_EDGE('',*,*,#7052,.T.);
#7813 = ORIENTED_EDGE('',*,*,#7346,.F.);
#7814 = ORIENTED_EDGE('',*,*,#7815,.F.);
#7815 = EDGE_CURVE('',#7806,#7339,#7816,.T.);
#7816 = LINE('',#7817,#7818);
#7817 = CARTESIAN_POINT('',(2.4,1.17,-0.8));
#7818 = VECTOR('',#7819,1.);
#7819 = DIRECTION('',(0.,0.,-1.));
#7820 = PLANE('',#7821);
#7821 = AXIS2_PLACEMENT_3D('',#7822,#7823,#7824);
#7822 = CARTESIAN_POINT('',(2.4,1.47,-3.66));
#7823 = DIRECTION('',(1.,0.,0.));
#7824 = DIRECTION('',(-0.,0.,1.));
#7825 = ADVANCED_FACE('',(#7826),#7844,.T.);
#7826 = FACE_BOUND('',#7827,.T.);
#7827 = EDGE_LOOP('',(#7828,#7829,#7837,#7843));
#7828 = ORIENTED_EDGE('',*,*,#6972,.F.);
#7829 = ORIENTED_EDGE('',*,*,#7830,.T.);
#7830 = EDGE_CURVE('',#6965,#7831,#7833,.T.);
#7831 = VERTEX_POINT('',#7832);
#7832 = CARTESIAN_POINT('',(-0.4,1.17,-0.8));
#7833 = LINE('',#7834,#7835);
#7834 = CARTESIAN_POINT('',(-0.4,1.47,-0.8));
#7835 = VECTOR('',#7836,1.);
#7836 = DIRECTION('',(0.,-1.,0.));
#7837 = ORIENTED_EDGE('',*,*,#7838,.T.);
#7838 = EDGE_CURVE('',#7831,#7400,#7839,.T.);
#7839 = LINE('',#7840,#7841);
#7840 = CARTESIAN_POINT('',(-0.4,1.17,-0.8));
#7841 = VECTOR('',#7842,1.);
#7842 = DIRECTION('',(0.,0.,-1.));
#7843 = ORIENTED_EDGE('',*,*,#7399,.T.);
#7844 = PLANE('',#7845);
#7845 = AXIS2_PLACEMENT_3D('',#7846,#7847,#7848);
#7846 = CARTESIAN_POINT('',(-0.4,1.47,-3.66));
#7847 = DIRECTION('',(1.,0.,0.));
#7848 = DIRECTION('',(-0.,0.,1.));
#7849 = ADVANCED_FACE('',(#7850),#7868,.F.);
#7850 = FACE_BOUND('',#7851,.T.);
#7851 = EDGE_LOOP('',(#7852,#7860,#7861,#7862));
#7852 = ORIENTED_EDGE('',*,*,#7853,.F.);
#7853 = EDGE_CURVE('',#6861,#7854,#7856,.T.);
#7854 = VERTEX_POINT('',#7855);
#7855 = CARTESIAN_POINT('',(-3.6,1.17,-0.8));
#7856 = LINE('',#7857,#7858);
#7857 = CARTESIAN_POINT('',(-3.6,1.47,-0.8));
#7858 = VECTOR('',#7859,1.);
#7859 = DIRECTION('',(0.,-1.,0.));
#7860 = ORIENTED_EDGE('',*,*,#6860,.T.);
#7861 = ORIENTED_EDGE('',*,*,#7484,.F.);
#7862 = ORIENTED_EDGE('',*,*,#7863,.F.);
#7863 = EDGE_CURVE('',#7854,#7477,#7864,.T.);
#7864 = LINE('',#7865,#7866);
#7865 = CARTESIAN_POINT('',(-3.6,1.17,-0.8));
#7866 = VECTOR('',#7867,1.);
#7867 = DIRECTION('',(0.,0.,-1.));
#7868 = PLANE('',#7869);
#7869 = AXIS2_PLACEMENT_3D('',#7870,#7871,#7872);
#7870 = CARTESIAN_POINT('',(-3.6,1.47,-3.66));
#7871 = DIRECTION('',(1.,0.,0.));
#7872 = DIRECTION('',(-0.,0.,1.));
#7873 = ADVANCED_FACE('',(#7874),#7892,.T.);
#7874 = FACE_BOUND('',#7875,.T.);
#7875 = EDGE_LOOP('',(#7876,#7877,#7885,#7891));
#7876 = ORIENTED_EDGE('',*,*,#6908,.F.);
#7877 = ORIENTED_EDGE('',*,*,#7878,.T.);
#7878 = EDGE_CURVE('',#6901,#7879,#7881,.T.);
#7879 = VERTEX_POINT('',#7880);
#7880 = CARTESIAN_POINT('',(-2.4,1.17,-0.8));
#7881 = LINE('',#7882,#7883);
#7882 = CARTESIAN_POINT('',(-2.4,1.47,-0.8));
#7883 = VECTOR('',#7884,1.);
#7884 = DIRECTION('',(0.,-1.,0.));
#7885 = ORIENTED_EDGE('',*,*,#7886,.T.);
#7886 = EDGE_CURVE('',#7879,#7446,#7887,.T.);
#7887 = LINE('',#7888,#7889);
#7888 = CARTESIAN_POINT('',(-2.4,1.17,-0.8));
#7889 = VECTOR('',#7890,1.);
#7890 = DIRECTION('',(0.,0.,-1.));
#7891 = ORIENTED_EDGE('',*,*,#7445,.T.);
#7892 = PLANE('',#7893);
#7893 = AXIS2_PLACEMENT_3D('',#7894,#7895,#7896);
#7894 = CARTESIAN_POINT('',(-2.4,1.47,-3.66));
#7895 = DIRECTION('',(1.,0.,0.));
#7896 = DIRECTION('',(-0.,0.,1.));
#7897 = ADVANCED_FACE('',(#7898),#7916,.F.);
#7898 = FACE_BOUND('',#7899,.T.);
#7899 = EDGE_LOOP('',(#7900,#7908,#7909,#7910));
#7900 = ORIENTED_EDGE('',*,*,#7901,.F.);
#7901 = EDGE_CURVE('',#6869,#7902,#7904,.T.);
#7902 = VERTEX_POINT('',#7903);
#7903 = CARTESIAN_POINT('',(-3.4,1.17,-0.8));
#7904 = LINE('',#7905,#7906);
#7905 = CARTESIAN_POINT('',(-3.4,1.47,-0.8));
#7906 = VECTOR('',#7907,1.);
#7907 = DIRECTION('',(0.,-1.,0.));
#7908 = ORIENTED_EDGE('',*,*,#6868,.T.);
#7909 = ORIENTED_EDGE('',*,*,#7853,.T.);
#7910 = ORIENTED_EDGE('',*,*,#7911,.F.);
#7911 = EDGE_CURVE('',#7902,#7854,#7912,.T.);
#7912 = LINE('',#7913,#7914);
#7913 = CARTESIAN_POINT('',(-3.4,1.17,-0.8));
#7914 = VECTOR('',#7915,1.);
#7915 = DIRECTION('',(-1.,0.,0.));
#7916 = PLANE('',#7917);
#7917 = AXIS2_PLACEMENT_3D('',#7918,#7919,#7920);
#7918 = CARTESIAN_POINT('',(-3.4,1.47,-0.8));
#7919 = DIRECTION('',(0.,0.,-1.));
#7920 = DIRECTION('',(-1.,0.,-0.));
#7921 = ADVANCED_FACE('',(#7922),#7947,.F.);
#7922 = FACE_BOUND('',#7923,.T.);
#7923 = EDGE_LOOP('',(#7924,#7932,#7933,#7941));
#7924 = ORIENTED_EDGE('',*,*,#7925,.F.);
#7925 = EDGE_CURVE('',#6835,#7926,#7928,.T.);
#7926 = VERTEX_POINT('',#7927);
#7927 = CARTESIAN_POINT('',(-4.4,1.17,-0.8));
#7928 = LINE('',#7929,#7930);
#7929 = CARTESIAN_POINT('',(-4.4,1.47,-0.8));
#7930 = VECTOR('',#7931,1.);
#7931 = DIRECTION('',(0.,-1.,0.));
#7932 = ORIENTED_EDGE('',*,*,#6834,.T.);
#7933 = ORIENTED_EDGE('',*,*,#7934,.T.);
#7934 = EDGE_CURVE('',#6837,#7935,#7937,.T.);
#7935 = VERTEX_POINT('',#7936);
#7936 = CARTESIAN_POINT('',(-4.6,1.17,-0.8));
#7937 = LINE('',#7938,#7939);
#7938 = CARTESIAN_POINT('',(-4.6,1.47,-0.8));
#7939 = VECTOR('',#7940,1.);
#7940 = DIRECTION('',(0.,-1.,0.));
#7941 = ORIENTED_EDGE('',*,*,#7942,.F.);
#7942 = EDGE_CURVE('',#7926,#7935,#7943,.T.);
#7943 = LINE('',#7944,#7945);
#7944 = CARTESIAN_POINT('',(-4.4,1.17,-0.8));
#7945 = VECTOR('',#7946,1.);
#7946 = DIRECTION('',(-1.,0.,0.));
#7947 = PLANE('',#7948);
#7948 = AXIS2_PLACEMENT_3D('',#7949,#7950,#7951);
#7949 = CARTESIAN_POINT('',(-4.4,1.47,-0.8));
#7950 = DIRECTION('',(0.,0.,-1.));
#7951 = DIRECTION('',(-1.,0.,-0.));
#7952 = ADVANCED_FACE('',(#7953),#7971,.F.);
#7953 = FACE_BOUND('',#7954,.T.);
#7954 = EDGE_LOOP('',(#7955,#7963,#7964,#7965));
#7955 = ORIENTED_EDGE('',*,*,#7956,.F.);
#7956 = EDGE_CURVE('',#7085,#7957,#7959,.T.);
#7957 = VERTEX_POINT('',#7958);
#7958 = CARTESIAN_POINT('',(3.4,1.17,-0.8));
#7959 = LINE('',#7960,#7961);
#7960 = CARTESIAN_POINT('',(3.4,1.47,-0.8));
#7961 = VECTOR('',#7962,1.);
#7962 = DIRECTION('',(0.,-1.,0.));
#7963 = ORIENTED_EDGE('',*,*,#7084,.T.);
#7964 = ORIENTED_EDGE('',*,*,#7323,.F.);
#7965 = ORIENTED_EDGE('',*,*,#7966,.F.);
#7966 = EDGE_CURVE('',#7957,#7316,#7967,.T.);
#7967 = LINE('',#7968,#7969);
#7968 = CARTESIAN_POINT('',(3.4,1.17,-0.8));
#7969 = VECTOR('',#7970,1.);
#7970 = DIRECTION('',(0.,0.,-1.));
#7971 = PLANE('',#7972);
#7972 = AXIS2_PLACEMENT_3D('',#7973,#7974,#7975);
#7973 = CARTESIAN_POINT('',(3.4,1.47,-3.66));
#7974 = DIRECTION('',(1.,0.,0.));
#7975 = DIRECTION('',(-0.,0.,1.));
#7976 = ADVANCED_FACE('',(#7977),#7995,.F.);
#7977 = FACE_BOUND('',#7978,.T.);
#7978 = EDGE_LOOP('',(#7979,#7987,#7988,#7989));
#7979 = ORIENTED_EDGE('',*,*,#7980,.F.);
#7980 = EDGE_CURVE('',#7061,#7981,#7983,.T.);
#7981 = VERTEX_POINT('',#7982);
#7982 = CARTESIAN_POINT('',(2.6,1.17,-0.8));
#7983 = LINE('',#7984,#7985);
#7984 = CARTESIAN_POINT('',(2.6,1.47,-0.8));
#7985 = VECTOR('',#7986,1.);
#7986 = DIRECTION('',(0.,-1.,0.));
#7987 = ORIENTED_EDGE('',*,*,#7060,.T.);
#7988 = ORIENTED_EDGE('',*,*,#7805,.T.);
#7989 = ORIENTED_EDGE('',*,*,#7990,.F.);
#7990 = EDGE_CURVE('',#7981,#7806,#7991,.T.);
#7991 = LINE('',#7992,#7993);
#7992 = CARTESIAN_POINT('',(2.6,1.17,-0.8));
#7993 = VECTOR('',#7994,1.);
#7994 = DIRECTION('',(-1.,0.,0.));
#7995 = PLANE('',#7996);
#7996 = AXIS2_PLACEMENT_3D('',#7997,#7998,#7999);
#7997 = CARTESIAN_POINT('',(2.6,1.47,-0.8));
#7998 = DIRECTION('',(0.,0.,-1.));
#7999 = DIRECTION('',(-1.,0.,-0.));
#8000 = ADVANCED_FACE('',(#8001),#8026,.F.);
#8001 = FACE_BOUND('',#8002,.T.);
#8002 = EDGE_LOOP('',(#8003,#8011,#8012,#8020));
#8003 = ORIENTED_EDGE('',*,*,#8004,.F.);
#8004 = EDGE_CURVE('',#6933,#8005,#8007,.T.);
#8005 = VERTEX_POINT('',#8006);
#8006 = CARTESIAN_POINT('',(-1.4,1.17,-0.8));
#8007 = LINE('',#8008,#8009);
#8008 = CARTESIAN_POINT('',(-1.4,1.47,-0.8));
#8009 = VECTOR('',#8010,1.);
#8010 = DIRECTION('',(0.,-1.,0.));
#8011 = ORIENTED_EDGE('',*,*,#6932,.T.);
#8012 = ORIENTED_EDGE('',*,*,#8013,.T.);
#8013 = EDGE_CURVE('',#6925,#8014,#8016,.T.);
#8014 = VERTEX_POINT('',#8015);
#8015 = CARTESIAN_POINT('',(-1.6,1.17,-0.8));
#8016 = LINE('',#8017,#8018);
#8017 = CARTESIAN_POINT('',(-1.6,1.47,-0.8));
#8018 = VECTOR('',#8019,1.);
#8019 = DIRECTION('',(0.,-1.,0.));
#8020 = ORIENTED_EDGE('',*,*,#8021,.F.);
#8021 = EDGE_CURVE('',#8005,#8014,#8022,.T.);
#8022 = LINE('',#8023,#8024);
#8023 = CARTESIAN_POINT('',(-1.4,1.17,-0.8));
#8024 = VECTOR('',#8025,1.);
#8025 = DIRECTION('',(-1.,0.,0.));
#8026 = PLANE('',#8027);
#8027 = AXIS2_PLACEMENT_3D('',#8028,#8029,#8030);
#8028 = CARTESIAN_POINT('',(-1.4,1.47,-0.8));
#8029 = DIRECTION('',(0.,0.,-1.));
#8030 = DIRECTION('',(-1.,0.,-0.));
#8031 = ADVANCED_FACE('',(#8032),#8043,.F.);
#8032 = FACE_BOUND('',#8033,.T.);
#8033 = EDGE_LOOP('',(#8034,#8035,#8036,#8037));
#8034 = ORIENTED_EDGE('',*,*,#8013,.F.);
#8035 = ORIENTED_EDGE('',*,*,#6924,.T.);
#8036 = ORIENTED_EDGE('',*,*,#7438,.F.);
#8037 = ORIENTED_EDGE('',*,*,#8038,.F.);
#8038 = EDGE_CURVE('',#8014,#7431,#8039,.T.);
#8039 = LINE('',#8040,#8041);
#8040 = CARTESIAN_POINT('',(-1.6,1.17,-0.8));
#8041 = VECTOR('',#8042,1.);
#8042 = DIRECTION('',(0.,0.,-1.));
#8043 = PLANE('',#8044);
#8044 = AXIS2_PLACEMENT_3D('',#8045,#8046,#8047);
#8045 = CARTESIAN_POINT('',(-1.6,1.47,-3.66));
#8046 = DIRECTION('',(1.,0.,0.));
#8047 = DIRECTION('',(-0.,0.,1.));
#8048 = ADVANCED_FACE('',(#8049),#8074,.F.);
#8049 = FACE_BOUND('',#8050,.T.);
#8050 = EDGE_LOOP('',(#8051,#8059,#8060,#8068));
#8051 = ORIENTED_EDGE('',*,*,#8052,.F.);
#8052 = EDGE_CURVE('',#7125,#8053,#8055,.T.);
#8053 = VERTEX_POINT('',#8054);
#8054 = CARTESIAN_POINT('',(4.6,1.17,-0.8));
#8055 = LINE('',#8056,#8057);
#8056 = CARTESIAN_POINT('',(4.6,1.47,-0.8));
#8057 = VECTOR('',#8058,1.);
#8058 = DIRECTION('',(0.,-1.,0.));
#8059 = ORIENTED_EDGE('',*,*,#7124,.T.);
#8060 = ORIENTED_EDGE('',*,*,#8061,.T.);
#8061 = EDGE_CURVE('',#7117,#8062,#8064,.T.);
#8062 = VERTEX_POINT('',#8063);
#8063 = CARTESIAN_POINT('',(4.4,1.17,-0.8));
#8064 = LINE('',#8065,#8066);
#8065 = CARTESIAN_POINT('',(4.4,1.47,-0.8));
#8066 = VECTOR('',#8067,1.);
#8067 = DIRECTION('',(0.,-1.,0.));
#8068 = ORIENTED_EDGE('',*,*,#8069,.F.);
#8069 = EDGE_CURVE('',#8053,#8062,#8070,.T.);
#8070 = LINE('',#8071,#8072);
#8071 = CARTESIAN_POINT('',(4.6,1.17,-0.8));
#8072 = VECTOR('',#8073,1.);
#8073 = DIRECTION('',(-1.,0.,0.));
#8074 = PLANE('',#8075);
#8075 = AXIS2_PLACEMENT_3D('',#8076,#8077,#8078);
#8076 = CARTESIAN_POINT('',(4.6,1.47,-0.8));
#8077 = DIRECTION('',(0.,0.,-1.));
#8078 = DIRECTION('',(-1.,0.,-0.));
#8079 = ADVANCED_FACE('',(#8080),#8098,.F.);
#8080 = FACE_BOUND('',#8081,.T.);
#8081 = EDGE_LOOP('',(#8082,#8090,#8091,#8092));
#8082 = ORIENTED_EDGE('',*,*,#8083,.F.);
#8083 = EDGE_CURVE('',#6957,#8084,#8086,.T.);
#8084 = VERTEX_POINT('',#8085);
#8085 = CARTESIAN_POINT('',(-0.6,1.17,-0.8));
#8086 = LINE('',#8087,#8088);
#8087 = CARTESIAN_POINT('',(-0.6,1.47,-0.8));
#8088 = VECTOR('',#8089,1.);
#8089 = DIRECTION('',(0.,-1.,0.));
#8090 = ORIENTED_EDGE('',*,*,#6956,.T.);
#8091 = ORIENTED_EDGE('',*,*,#7415,.F.);
#8092 = ORIENTED_EDGE('',*,*,#8093,.F.);
#8093 = EDGE_CURVE('',#8084,#7408,#8094,.T.);
#8094 = LINE('',#8095,#8096);
#8095 = CARTESIAN_POINT('',(-0.6,1.17,-0.8));
#8096 = VECTOR('',#8097,1.);
#8097 = DIRECTION('',(0.,0.,-1.));
#8098 = PLANE('',#8099);
#8099 = AXIS2_PLACEMENT_3D('',#8100,#8101,#8102);
#8100 = CARTESIAN_POINT('',(-0.6,1.47,-3.66));
#8101 = DIRECTION('',(1.,0.,0.));
#8102 = DIRECTION('',(-0.,0.,1.));
#8103 = ADVANCED_FACE('',(#8104),#8122,.F.);
#8104 = FACE_BOUND('',#8105,.T.);
#8105 = EDGE_LOOP('',(#8106,#8107,#8108,#8116));
#8106 = ORIENTED_EDGE('',*,*,#7878,.F.);
#8107 = ORIENTED_EDGE('',*,*,#6900,.T.);
#8108 = ORIENTED_EDGE('',*,*,#8109,.T.);
#8109 = EDGE_CURVE('',#6893,#8110,#8112,.T.);
#8110 = VERTEX_POINT('',#8111);
#8111 = CARTESIAN_POINT('',(-2.6,1.17,-0.8));
#8112 = LINE('',#8113,#8114);
#8113 = CARTESIAN_POINT('',(-2.6,1.47,-0.8));
#8114 = VECTOR('',#8115,1.);
#8115 = DIRECTION('',(0.,-1.,0.));
#8116 = ORIENTED_EDGE('',*,*,#8117,.F.);
#8117 = EDGE_CURVE('',#7879,#8110,#8118,.T.);
#8118 = LINE('',#8119,#8120);
#8119 = CARTESIAN_POINT('',(-2.4,1.17,-0.8));
#8120 = VECTOR('',#8121,1.);
#8121 = DIRECTION('',(-1.,0.,0.));
#8122 = PLANE('',#8123);
#8123 = AXIS2_PLACEMENT_3D('',#8124,#8125,#8126);
#8124 = CARTESIAN_POINT('',(-2.4,1.47,-0.8));
#8125 = DIRECTION('',(0.,0.,-1.));
#8126 = DIRECTION('',(-1.,0.,-0.));
#8127 = ADVANCED_FACE('',(#8128),#8139,.F.);
#8128 = FACE_BOUND('',#8129,.T.);
#8129 = EDGE_LOOP('',(#8130,#8131,#8132,#8133));
#8130 = ORIENTED_EDGE('',*,*,#8061,.F.);
#8131 = ORIENTED_EDGE('',*,*,#7116,.T.);
#8132 = ORIENTED_EDGE('',*,*,#7300,.F.);
#8133 = ORIENTED_EDGE('',*,*,#8134,.F.);
#8134 = EDGE_CURVE('',#8062,#7293,#8135,.T.);
#8135 = LINE('',#8136,#8137);
#8136 = CARTESIAN_POINT('',(4.4,1.17,-0.8));
#8137 = VECTOR('',#8138,1.);
#8138 = DIRECTION('',(0.,0.,-1.));
#8139 = PLANE('',#8140);
#8140 = AXIS2_PLACEMENT_3D('',#8141,#8142,#8143);
#8141 = CARTESIAN_POINT('',(4.4,1.47,-3.66));
#8142 = DIRECTION('',(1.,0.,0.));
#8143 = DIRECTION('',(-0.,0.,1.));
#8144 = ADVANCED_FACE('',(#8145),#8163,.T.);
#8145 = FACE_BOUND('',#8146,.T.);
#8146 = EDGE_LOOP('',(#8147,#8148,#8156,#8162));
#8147 = ORIENTED_EDGE('',*,*,#7100,.F.);
#8148 = ORIENTED_EDGE('',*,*,#8149,.T.);
#8149 = EDGE_CURVE('',#7093,#8150,#8152,.T.);
#8150 = VERTEX_POINT('',#8151);
#8151 = CARTESIAN_POINT('',(3.6,1.17,-0.8));
#8152 = LINE('',#8153,#8154);
#8153 = CARTESIAN_POINT('',(3.6,1.47,-0.8));
#8154 = VECTOR('',#8155,1.);
#8155 = DIRECTION('',(0.,-1.,0.));
#8156 = ORIENTED_EDGE('',*,*,#8157,.T.);
#8157 = EDGE_CURVE('',#8150,#7308,#8158,.T.);
#8158 = LINE('',#8159,#8160);
#8159 = CARTESIAN_POINT('',(3.6,1.17,-0.8));
#8160 = VECTOR('',#8161,1.);
#8161 = DIRECTION('',(0.,0.,-1.));
#8162 = ORIENTED_EDGE('',*,*,#7307,.T.);
#8163 = PLANE('',#8164);
#8164 = AXIS2_PLACEMENT_3D('',#8165,#8166,#8167);
#8165 = CARTESIAN_POINT('',(3.6,1.47,-3.66));
#8166 = DIRECTION('',(1.,0.,0.));
#8167 = DIRECTION('',(-0.,0.,1.));
#8168 = ADVANCED_FACE('',(#8169),#8180,.F.);
#8169 = FACE_BOUND('',#8170,.T.);
#8170 = EDGE_LOOP('',(#8171,#8172,#8173,#8174));
#8171 = ORIENTED_EDGE('',*,*,#8149,.F.);
#8172 = ORIENTED_EDGE('',*,*,#7092,.T.);
#8173 = ORIENTED_EDGE('',*,*,#7956,.T.);
#8174 = ORIENTED_EDGE('',*,*,#8175,.F.);
#8175 = EDGE_CURVE('',#8150,#7957,#8176,.T.);
#8176 = LINE('',#8177,#8178);
#8177 = CARTESIAN_POINT('',(3.6,1.17,-0.8));
#8178 = VECTOR('',#8179,1.);
#8179 = DIRECTION('',(-1.,0.,0.));
#8180 = PLANE('',#8181);
#8181 = AXIS2_PLACEMENT_3D('',#8182,#8183,#8184);
#8182 = CARTESIAN_POINT('',(3.6,1.47,-0.8));
#8183 = DIRECTION('',(0.,0.,-1.));
#8184 = DIRECTION('',(-1.,0.,-0.));
#8185 = ADVANCED_FACE('',(#8186),#8197,.F.);
#8186 = FACE_BOUND('',#8187,.T.);
#8187 = EDGE_LOOP('',(#8188,#8189,#8190,#8191));
#8188 = ORIENTED_EDGE('',*,*,#7830,.F.);
#8189 = ORIENTED_EDGE('',*,*,#6964,.T.);
#8190 = ORIENTED_EDGE('',*,*,#8083,.T.);
#8191 = ORIENTED_EDGE('',*,*,#8192,.F.);
#8192 = EDGE_CURVE('',#7831,#8084,#8193,.T.);
#8193 = LINE('',#8194,#8195);
#8194 = CARTESIAN_POINT('',(-0.4,1.17,-0.8));
#8195 = VECTOR('',#8196,1.);
#8196 = DIRECTION('',(-1.,0.,0.));
#8197 = PLANE('',#8198);
#8198 = AXIS2_PLACEMENT_3D('',#8199,#8200,#8201);
#8199 = CARTESIAN_POINT('',(-0.4,1.47,-0.8));
#8200 = DIRECTION('',(0.,0.,-1.));
#8201 = DIRECTION('',(-1.,0.,-0.));
#8202 = ADVANCED_FACE('',(#8203),#8214,.T.);
#8203 = FACE_BOUND('',#8204,.T.);
#8204 = EDGE_LOOP('',(#8205,#8206,#8207,#8213));
#8205 = ORIENTED_EDGE('',*,*,#7132,.F.);
#8206 = ORIENTED_EDGE('',*,*,#8052,.T.);
#8207 = ORIENTED_EDGE('',*,*,#8208,.T.);
#8208 = EDGE_CURVE('',#8053,#7285,#8209,.T.);
#8209 = LINE('',#8210,#8211);
#8210 = CARTESIAN_POINT('',(4.6,1.17,-0.8));
#8211 = VECTOR('',#8212,1.);
#8212 = DIRECTION('',(0.,0.,-1.));
#8213 = ORIENTED_EDGE('',*,*,#7284,.T.);
#8214 = PLANE('',#8215);
#8215 = AXIS2_PLACEMENT_3D('',#8216,#8217,#8218);
#8216 = CARTESIAN_POINT('',(4.6,1.47,-3.66));
#8217 = DIRECTION('',(1.,0.,0.));
#8218 = DIRECTION('',(-0.,0.,1.));
#8219 = ADVANCED_FACE('',(#8220),#8245,.F.);
#8220 = FACE_BOUND('',#8221,.T.);
#8221 = EDGE_LOOP('',(#8222,#8230,#8231,#8239));
#8222 = ORIENTED_EDGE('',*,*,#8223,.F.);
#8223 = EDGE_CURVE('',#6997,#8224,#8226,.T.);
#8224 = VERTEX_POINT('',#8225);
#8225 = CARTESIAN_POINT('',(0.6,1.17,-0.8));
#8226 = LINE('',#8227,#8228);
#8227 = CARTESIAN_POINT('',(0.6,1.47,-0.8));
#8228 = VECTOR('',#8229,1.);
#8229 = DIRECTION('',(0.,-1.,0.));
#8230 = ORIENTED_EDGE('',*,*,#6996,.T.);
#8231 = ORIENTED_EDGE('',*,*,#8232,.T.);
#8232 = EDGE_CURVE('',#6989,#8233,#8235,.T.);
#8233 = VERTEX_POINT('',#8234);
#8234 = CARTESIAN_POINT('',(0.4,1.17,-0.8));
#8235 = LINE('',#8236,#8237);
#8236 = CARTESIAN_POINT('',(0.4,1.47,-0.8));
#8237 = VECTOR('',#8238,1.);
#8238 = DIRECTION('',(0.,-1.,0.));
#8239 = ORIENTED_EDGE('',*,*,#8240,.F.);
#8240 = EDGE_CURVE('',#8224,#8233,#8241,.T.);
#8241 = LINE('',#8242,#8243);
#8242 = CARTESIAN_POINT('',(0.6,1.17,-0.8));
#8243 = VECTOR('',#8244,1.);
#8244 = DIRECTION('',(-1.,0.,0.));
#8245 = PLANE('',#8246);
#8246 = AXIS2_PLACEMENT_3D('',#8247,#8248,#8249);
#8247 = CARTESIAN_POINT('',(0.6,1.47,-0.8));
#8248 = DIRECTION('',(0.,0.,-1.));
#8249 = DIRECTION('',(-1.,0.,-0.));
#8250 = ADVANCED_FACE('',(#8251),#8269,.T.);
#8251 = FACE_BOUND('',#8252,.T.);
#8252 = EDGE_LOOP('',(#8253,#8254,#8262,#8268));
#8253 = ORIENTED_EDGE('',*,*,#7036,.F.);
#8254 = ORIENTED_EDGE('',*,*,#8255,.T.);
#8255 = EDGE_CURVE('',#7029,#8256,#8258,.T.);
#8256 = VERTEX_POINT('',#8257);
#8257 = CARTESIAN_POINT('',(1.6,1.17,-0.8));
#8258 = LINE('',#8259,#8260);
#8259 = CARTESIAN_POINT('',(1.6,1.47,-0.8));
#8260 = VECTOR('',#8261,1.);
#8261 = DIRECTION('',(0.,-1.,0.));
#8262 = ORIENTED_EDGE('',*,*,#8263,.T.);
#8263 = EDGE_CURVE('',#8256,#7354,#8264,.T.);
#8264 = LINE('',#8265,#8266);
#8265 = CARTESIAN_POINT('',(1.6,1.17,-0.8));
#8266 = VECTOR('',#8267,1.);
#8267 = DIRECTION('',(0.,0.,-1.));
#8268 = ORIENTED_EDGE('',*,*,#7353,.T.);
#8269 = PLANE('',#8270);
#8270 = AXIS2_PLACEMENT_3D('',#8271,#8272,#8273);
#8271 = CARTESIAN_POINT('',(1.6,1.47,-3.66));
#8272 = DIRECTION('',(1.,0.,0.));
#8273 = DIRECTION('',(-0.,0.,1.));
#8274 = ADVANCED_FACE('',(#8275),#8286,.T.);
#8275 = FACE_BOUND('',#8276,.T.);
#8276 = EDGE_LOOP('',(#8277,#8278,#8279,#8285));
#8277 = ORIENTED_EDGE('',*,*,#7068,.F.);
#8278 = ORIENTED_EDGE('',*,*,#7980,.T.);
#8279 = ORIENTED_EDGE('',*,*,#8280,.T.);
#8280 = EDGE_CURVE('',#7981,#7331,#8281,.T.);
#8281 = LINE('',#8282,#8283);
#8282 = CARTESIAN_POINT('',(2.6,1.17,-0.8));
#8283 = VECTOR('',#8284,1.);
#8284 = DIRECTION('',(0.,0.,-1.));
#8285 = ORIENTED_EDGE('',*,*,#7330,.T.);
#8286 = PLANE('',#8287);
#8287 = AXIS2_PLACEMENT_3D('',#8288,#8289,#8290);
#8288 = CARTESIAN_POINT('',(2.6,1.47,-3.66));
#8289 = DIRECTION('',(1.,0.,0.));
#8290 = DIRECTION('',(-0.,0.,1.));
#8291 = ADVANCED_FACE('',(#8292),#8310,.F.);
#8292 = FACE_BOUND('',#8293,.T.);
#8293 = EDGE_LOOP('',(#8294,#8302,#8303,#8304));
#8294 = ORIENTED_EDGE('',*,*,#8295,.F.);
#8295 = EDGE_CURVE('',#7021,#8296,#8298,.T.);
#8296 = VERTEX_POINT('',#8297);
#8297 = CARTESIAN_POINT('',(1.4,1.17,-0.8));
#8298 = LINE('',#8299,#8300);
#8299 = CARTESIAN_POINT('',(1.4,1.47,-0.8));
#8300 = VECTOR('',#8301,1.);
#8301 = DIRECTION('',(0.,-1.,0.));
#8302 = ORIENTED_EDGE('',*,*,#7020,.T.);
#8303 = ORIENTED_EDGE('',*,*,#7369,.F.);
#8304 = ORIENTED_EDGE('',*,*,#8305,.F.);
#8305 = EDGE_CURVE('',#8296,#7362,#8306,.T.);
#8306 = LINE('',#8307,#8308);
#8307 = CARTESIAN_POINT('',(1.4,1.17,-0.8));
#8308 = VECTOR('',#8309,1.);
#8309 = DIRECTION('',(0.,0.,-1.));
#8310 = PLANE('',#8311);
#8311 = AXIS2_PLACEMENT_3D('',#8312,#8313,#8314);
#8312 = CARTESIAN_POINT('',(1.4,1.47,-3.66));
#8313 = DIRECTION('',(1.,0.,0.));
#8314 = DIRECTION('',(-0.,0.,1.));
#8315 = ADVANCED_FACE('',(#8316),#8327,.F.);
#8316 = FACE_BOUND('',#8317,.T.);
#8317 = EDGE_LOOP('',(#8318,#8319,#8320,#8321));
#8318 = ORIENTED_EDGE('',*,*,#8232,.F.);
#8319 = ORIENTED_EDGE('',*,*,#6988,.T.);
#8320 = ORIENTED_EDGE('',*,*,#7392,.F.);
#8321 = ORIENTED_EDGE('',*,*,#8322,.F.);
#8322 = EDGE_CURVE('',#8233,#7385,#8323,.T.);
#8323 = LINE('',#8324,#8325);
#8324 = CARTESIAN_POINT('',(0.4,1.17,-0.8));
#8325 = VECTOR('',#8326,1.);
#8326 = DIRECTION('',(0.,0.,-1.));
#8327 = PLANE('',#8328);
#8328 = AXIS2_PLACEMENT_3D('',#8329,#8330,#8331);
#8329 = CARTESIAN_POINT('',(0.4,1.47,-3.66));
#8330 = DIRECTION('',(1.,0.,0.));
#8331 = DIRECTION('',(-0.,0.,1.));
#8332 = ADVANCED_FACE('',(#8333),#8344,.F.);
#8333 = FACE_BOUND('',#8334,.T.);
#8334 = EDGE_LOOP('',(#8335,#8336,#8337,#8338));
#8335 = ORIENTED_EDGE('',*,*,#8255,.F.);
#8336 = ORIENTED_EDGE('',*,*,#7028,.T.);
#8337 = ORIENTED_EDGE('',*,*,#8295,.T.);
#8338 = ORIENTED_EDGE('',*,*,#8339,.F.);
#8339 = EDGE_CURVE('',#8256,#8296,#8340,.T.);
#8340 = LINE('',#8341,#8342);
#8341 = CARTESIAN_POINT('',(1.6,1.17,-0.8));
#8342 = VECTOR('',#8343,1.);
#8343 = DIRECTION('',(-1.,0.,0.));
#8344 = PLANE('',#8345);
#8345 = AXIS2_PLACEMENT_3D('',#8346,#8347,#8348);
#8346 = CARTESIAN_POINT('',(1.6,1.47,-0.8));
#8347 = DIRECTION('',(0.,0.,-1.));
#8348 = DIRECTION('',(-1.,0.,-0.));
#8349 = ADVANCED_FACE('',(#8350),#8361,.T.);
#8350 = FACE_BOUND('',#8351,.T.);
#8351 = EDGE_LOOP('',(#8352,#8353,#8354,#8360));
#8352 = ORIENTED_EDGE('',*,*,#7004,.F.);
#8353 = ORIENTED_EDGE('',*,*,#8223,.T.);
#8354 = ORIENTED_EDGE('',*,*,#8355,.T.);
#8355 = EDGE_CURVE('',#8224,#7377,#8356,.T.);
#8356 = LINE('',#8357,#8358);
#8357 = CARTESIAN_POINT('',(0.6,1.17,-0.8));
#8358 = VECTOR('',#8359,1.);
#8359 = DIRECTION('',(0.,0.,-1.));
#8360 = ORIENTED_EDGE('',*,*,#7376,.T.);
#8361 = PLANE('',#8362);
#8362 = AXIS2_PLACEMENT_3D('',#8363,#8364,#8365);
#8363 = CARTESIAN_POINT('',(0.6,1.47,-3.66));
#8364 = DIRECTION('',(1.,0.,0.));
#8365 = DIRECTION('',(-0.,0.,1.));
#8366 = ADVANCED_FACE('',(#8367),#8378,.T.);
#8367 = FACE_BOUND('',#8368,.T.);
#8368 = EDGE_LOOP('',(#8369,#8370,#8371,#8377));
#8369 = ORIENTED_EDGE('',*,*,#6940,.F.);
#8370 = ORIENTED_EDGE('',*,*,#8004,.T.);
#8371 = ORIENTED_EDGE('',*,*,#8372,.T.);
#8372 = EDGE_CURVE('',#8005,#7423,#8373,.T.);
#8373 = LINE('',#8374,#8375);
#8374 = CARTESIAN_POINT('',(-1.4,1.17,-0.8));
#8375 = VECTOR('',#8376,1.);
#8376 = DIRECTION('',(0.,0.,-1.));
#8377 = ORIENTED_EDGE('',*,*,#7422,.T.);
#8378 = PLANE('',#8379);
#8379 = AXIS2_PLACEMENT_3D('',#8380,#8381,#8382);
#8380 = CARTESIAN_POINT('',(-1.4,1.47,-3.66));
#8381 = DIRECTION('',(1.,0.,0.));
#8382 = DIRECTION('',(-0.,0.,1.));
#8383 = ADVANCED_FACE('',(#8384),#8395,.F.);
#8384 = FACE_BOUND('',#8385,.T.);
#8385 = EDGE_LOOP('',(#8386,#8387,#8388,#8389));
#8386 = ORIENTED_EDGE('',*,*,#8109,.F.);
#8387 = ORIENTED_EDGE('',*,*,#6892,.T.);
#8388 = ORIENTED_EDGE('',*,*,#7461,.F.);
#8389 = ORIENTED_EDGE('',*,*,#8390,.F.);
#8390 = EDGE_CURVE('',#8110,#7454,#8391,.T.);
#8391 = LINE('',#8392,#8393);
#8392 = CARTESIAN_POINT('',(-2.6,1.17,-0.8));
#8393 = VECTOR('',#8394,1.);
#8394 = DIRECTION('',(0.,0.,-1.));
#8395 = PLANE('',#8396);
#8396 = AXIS2_PLACEMENT_3D('',#8397,#8398,#8399);
#8397 = CARTESIAN_POINT('',(-2.6,1.47,-3.66));
#8398 = DIRECTION('',(1.,0.,0.));
#8399 = DIRECTION('',(-0.,0.,1.));
#8400 = ADVANCED_FACE('',(#8401),#8412,.T.);
#8401 = FACE_BOUND('',#8402,.T.);
#8402 = EDGE_LOOP('',(#8403,#8404,#8405,#8411));
#8403 = ORIENTED_EDGE('',*,*,#6844,.F.);
#8404 = ORIENTED_EDGE('',*,*,#7925,.T.);
#8405 = ORIENTED_EDGE('',*,*,#8406,.T.);
#8406 = EDGE_CURVE('',#7926,#7254,#8407,.T.);
#8407 = LINE('',#8408,#8409);
#8408 = CARTESIAN_POINT('',(-4.4,1.17,-0.8));
#8409 = VECTOR('',#8410,1.);
#8410 = DIRECTION('',(0.,0.,-1.));
#8411 = ORIENTED_EDGE('',*,*,#7253,.T.);
#8412 = PLANE('',#8413);
#8413 = AXIS2_PLACEMENT_3D('',#8414,#8415,#8416);
#8414 = CARTESIAN_POINT('',(-4.4,1.47,-3.66));
#8415 = DIRECTION('',(1.,0.,0.));
#8416 = DIRECTION('',(-0.,0.,1.));
#8417 = ADVANCED_FACE('',(#8418),#8429,.F.);
#8418 = FACE_BOUND('',#8419,.T.);
#8419 = EDGE_LOOP('',(#8420,#8421,#8422,#8423));
#8420 = ORIENTED_EDGE('',*,*,#7934,.F.);
#8421 = ORIENTED_EDGE('',*,*,#7164,.T.);
#8422 = ORIENTED_EDGE('',*,*,#7269,.F.);
#8423 = ORIENTED_EDGE('',*,*,#8424,.F.);
#8424 = EDGE_CURVE('',#7935,#7262,#8425,.T.);
#8425 = LINE('',#8426,#8427);
#8426 = CARTESIAN_POINT('',(-4.6,1.17,-0.8));
#8427 = VECTOR('',#8428,1.);
#8428 = DIRECTION('',(0.,0.,-1.));
#8429 = PLANE('',#8430);
#8430 = AXIS2_PLACEMENT_3D('',#8431,#8432,#8433);
#8431 = CARTESIAN_POINT('',(-4.6,1.47,-3.66));
#8432 = DIRECTION('',(1.,0.,0.));
#8433 = DIRECTION('',(-0.,0.,1.));
#8434 = ADVANCED_FACE('',(#8435),#8446,.T.);
#8435 = FACE_BOUND('',#8436,.T.);
#8436 = EDGE_LOOP('',(#8437,#8438,#8439,#8445));
#8437 = ORIENTED_EDGE('',*,*,#6876,.F.);
#8438 = ORIENTED_EDGE('',*,*,#7901,.T.);
#8439 = ORIENTED_EDGE('',*,*,#8440,.T.);
#8440 = EDGE_CURVE('',#7902,#7469,#8441,.T.);
#8441 = LINE('',#8442,#8443);
#8442 = CARTESIAN_POINT('',(-3.4,1.17,-0.8));
#8443 = VECTOR('',#8444,1.);
#8444 = DIRECTION('',(0.,0.,-1.));
#8445 = ORIENTED_EDGE('',*,*,#7468,.T.);
#8446 = PLANE('',#8447);
#8447 = AXIS2_PLACEMENT_3D('',#8448,#8449,#8450);
#8448 = CARTESIAN_POINT('',(-3.4,1.47,-3.66));
#8449 = DIRECTION('',(1.,0.,0.));
#8450 = DIRECTION('',(-0.,0.,1.));
#8451 = ADVANCED_FACE('',(#8452),#8458,.F.);
#8452 = FACE_BOUND('',#8453,.T.);
#8453 = EDGE_LOOP('',(#8454,#8455,#8456,#8457));
#8454 = ORIENTED_EDGE('',*,*,#7453,.F.);
#8455 = ORIENTED_EDGE('',*,*,#7886,.F.);
#8456 = ORIENTED_EDGE('',*,*,#8117,.T.);
#8457 = ORIENTED_EDGE('',*,*,#8390,.T.);
#8458 = PLANE('',#8459);
#8459 = AXIS2_PLACEMENT_3D('',#8460,#8461,#8462);
#8460 = CARTESIAN_POINT('',(-2.4,1.17,-0.8));
#8461 = DIRECTION('',(0.,1.,0.));
#8462 = DIRECTION('',(0.,-0.,1.));
#8463 = ADVANCED_FACE('',(#8464),#8489,.T.);
#8464 = FACE_BOUND('',#8465,.T.);
#8465 = EDGE_LOOP('',(#8466,#8474,#8475,#8483));
#8466 = ORIENTED_EDGE('',*,*,#8467,.T.);
#8467 = EDGE_CURVE('',#8468,#7664,#8470,.T.);
#8468 = VERTEX_POINT('',#8469);
#8469 = CARTESIAN_POINT('',(1.6,0.40287232356,-0.61));
#8470 = LINE('',#8471,#8472);
#8471 = CARTESIAN_POINT('',(1.6,0.40287232356,-0.61));
#8472 = VECTOR('',#8473,1.);
#8473 = DIRECTION('',(0.,2.465795324063E-16,-1.));
#8474 = ORIENTED_EDGE('',*,*,#7663,.T.);
#8475 = ORIENTED_EDGE('',*,*,#8476,.T.);
#8476 = EDGE_CURVE('',#7666,#8477,#8479,.T.);
#8477 = VERTEX_POINT('',#8478);
#8478 = CARTESIAN_POINT('',(1.6,0.88287232356,-0.61));
#8479 = LINE('',#8480,#8481);
#8480 = CARTESIAN_POINT('',(1.6,0.88287232356,-3.66));
#8481 = VECTOR('',#8482,1.);
#8482 = DIRECTION('',(0.,-1.066428366379E-16,1.));
#8483 = ORIENTED_EDGE('',*,*,#8484,.T.);
#8484 = EDGE_CURVE('',#8477,#8468,#8485,.T.);
#8485 = LINE('',#8486,#8487);
#8486 = CARTESIAN_POINT('',(1.6,0.88287232356,-0.61));
#8487 = VECTOR('',#8488,1.);
#8488 = DIRECTION('',(0.,-1.,-4.517509052023E-16));
#8489 = PLANE('',#8490);
#8490 = AXIS2_PLACEMENT_3D('',#8491,#8492,#8493);
#8491 = CARTESIAN_POINT('',(1.6,1.47,-3.66));
#8492 = DIRECTION('',(1.,0.,0.));
#8493 = DIRECTION('',(-0.,0.,1.));
#8494 = ADVANCED_FACE('',(#8495),#8520,.F.);
#8495 = FACE_BOUND('',#8496,.T.);
#8496 = EDGE_LOOP('',(#8497,#8498,#8506,#8514));
#8497 = ORIENTED_EDGE('',*,*,#7553,.F.);
#8498 = ORIENTED_EDGE('',*,*,#8499,.T.);
#8499 = EDGE_CURVE('',#7546,#8500,#8502,.T.);
#8500 = VERTEX_POINT('',#8501);
#8501 = CARTESIAN_POINT('',(-2.6,0.88287232356,-0.61));
#8502 = LINE('',#8503,#8504);
#8503 = CARTESIAN_POINT('',(-2.6,0.88287232356,-3.66));
#8504 = VECTOR('',#8505,1.);
#8505 = DIRECTION('',(0.,-1.066428366379E-16,1.));
#8506 = ORIENTED_EDGE('',*,*,#8507,.F.);
#8507 = EDGE_CURVE('',#8508,#8500,#8510,.T.);
#8508 = VERTEX_POINT('',#8509);
#8509 = CARTESIAN_POINT('',(-2.4,0.88287232356,-0.61));
#8510 = LINE('',#8511,#8512);
#8511 = CARTESIAN_POINT('',(-2.4,0.88287232356,-0.61));
#8512 = VECTOR('',#8513,1.);
#8513 = DIRECTION('',(-1.,0.,0.));
#8514 = ORIENTED_EDGE('',*,*,#8515,.F.);
#8515 = EDGE_CURVE('',#7530,#8508,#8516,.T.);
#8516 = LINE('',#8517,#8518);
#8517 = CARTESIAN_POINT('',(-2.4,0.88287232356,-3.66));
#8518 = VECTOR('',#8519,1.);
#8519 = DIRECTION('',(0.,-1.066428366379E-16,1.));
#8520 = PLANE('',#8521);
#8521 = AXIS2_PLACEMENT_3D('',#8522,#8523,#8524);
#8522 = CARTESIAN_POINT('',(-2.4,0.88287232356,-3.66));
#8523 = DIRECTION('',(0.,-1.,-1.066428366379E-16));
#8524 = DIRECTION('',(0.,1.066428366379E-16,-1.));
#8525 = ADVANCED_FACE('',(#8526),#8544,.F.);
#8526 = FACE_BOUND('',#8527,.T.);
#8527 = EDGE_LOOP('',(#8528,#8529,#8537,#8543));
#8528 = ORIENTED_EDGE('',*,*,#7545,.F.);
#8529 = ORIENTED_EDGE('',*,*,#8530,.F.);
#8530 = EDGE_CURVE('',#8531,#7538,#8533,.T.);
#8531 = VERTEX_POINT('',#8532);
#8532 = CARTESIAN_POINT('',(-2.6,0.40287232356,-0.61));
#8533 = LINE('',#8534,#8535);
#8534 = CARTESIAN_POINT('',(-2.6,0.40287232356,-3.44));
#8535 = VECTOR('',#8536,1.);
#8536 = DIRECTION('',(0.,0.,-1.));
#8537 = ORIENTED_EDGE('',*,*,#8538,.F.);
#8538 = EDGE_CURVE('',#8500,#8531,#8539,.T.);
#8539 = LINE('',#8540,#8541);
#8540 = CARTESIAN_POINT('',(-2.6,0.88287232356,-0.61));
#8541 = VECTOR('',#8542,1.);
#8542 = DIRECTION('',(0.,-1.,-4.517509052023E-16));
#8543 = ORIENTED_EDGE('',*,*,#8499,.F.);
#8544 = PLANE('',#8545);
#8545 = AXIS2_PLACEMENT_3D('',#8546,#8547,#8548);
#8546 = CARTESIAN_POINT('',(-2.6,1.47,-3.66));
#8547 = DIRECTION('',(1.,0.,0.));
#8548 = DIRECTION('',(-0.,0.,1.));
#8549 = ADVANCED_FACE('',(#8550),#8575,.F.);
#8550 = FACE_BOUND('',#8551,.T.);
#8551 = EDGE_LOOP('',(#8552,#8553,#8561,#8569));
#8552 = ORIENTED_EDGE('',*,*,#7749,.F.);
#8553 = ORIENTED_EDGE('',*,*,#8554,.F.);
#8554 = EDGE_CURVE('',#8555,#7742,#8557,.T.);
#8555 = VERTEX_POINT('',#8556);
#8556 = CARTESIAN_POINT('',(3.4,0.40287232356,-0.61));
#8557 = LINE('',#8558,#8559);
#8558 = CARTESIAN_POINT('',(3.4,0.40287232356,-3.44));
#8559 = VECTOR('',#8560,1.);
#8560 = DIRECTION('',(0.,0.,-1.));
#8561 = ORIENTED_EDGE('',*,*,#8562,.F.);
#8562 = EDGE_CURVE('',#8563,#8555,#8565,.T.);
#8563 = VERTEX_POINT('',#8564);
#8564 = CARTESIAN_POINT('',(3.4,0.88287232356,-0.61));
#8565 = LINE('',#8566,#8567);
#8566 = CARTESIAN_POINT('',(3.4,0.88287232356,-0.61));
#8567 = VECTOR('',#8568,1.);
#8568 = DIRECTION('',(0.,-1.,-4.517509052023E-16));
#8569 = ORIENTED_EDGE('',*,*,#8570,.F.);
#8570 = EDGE_CURVE('',#7750,#8563,#8571,.T.);
#8571 = LINE('',#8572,#8573);
#8572 = CARTESIAN_POINT('',(3.4,0.88287232356,-3.66));
#8573 = VECTOR('',#8574,1.);
#8574 = DIRECTION('',(0.,-1.066428366379E-16,1.));
#8575 = PLANE('',#8576);
#8576 = AXIS2_PLACEMENT_3D('',#8577,#8578,#8579);
#8577 = CARTESIAN_POINT('',(3.4,1.47,-3.66));
#8578 = DIRECTION('',(1.,0.,0.));
#8579 = DIRECTION('',(-0.,0.,1.));
#8580 = ADVANCED_FACE('',(#8581),#8599,.F.);
#8581 = FACE_BOUND('',#8582,.T.);
#8582 = EDGE_LOOP('',(#8583,#8584,#8592,#8598));
#8583 = ORIENTED_EDGE('',*,*,#7741,.F.);
#8584 = ORIENTED_EDGE('',*,*,#8585,.F.);
#8585 = EDGE_CURVE('',#8586,#7732,#8588,.T.);
#8586 = VERTEX_POINT('',#8587);
#8587 = CARTESIAN_POINT('',(3.6,0.40287232356,-0.61));
#8588 = LINE('',#8589,#8590);
#8589 = CARTESIAN_POINT('',(3.6,0.40287232356,-0.61));
#8590 = VECTOR('',#8591,1.);
#8591 = DIRECTION('',(0.,2.465795324063E-16,-1.));
#8592 = ORIENTED_EDGE('',*,*,#8593,.T.);
#8593 = EDGE_CURVE('',#8586,#8555,#8594,.T.);
#8594 = LINE('',#8595,#8596);
#8595 = CARTESIAN_POINT('',(3.6,0.40287232356,-0.61));
#8596 = VECTOR('',#8597,1.);
#8597 = DIRECTION('',(-1.,0.,0.));
#8598 = ORIENTED_EDGE('',*,*,#8554,.T.);
#8599 = PLANE('',#8600);
#8600 = AXIS2_PLACEMENT_3D('',#8601,#8602,#8603);
#8601 = CARTESIAN_POINT('',(3.6,0.40287232356,-3.44));
#8602 = DIRECTION('',(0.,1.,0.));
#8603 = DIRECTION('',(0.,-0.,1.));
#8604 = ADVANCED_FACE('',(#8605),#8630,.T.);
#8605 = FACE_BOUND('',#8606,.T.);
#8606 = EDGE_LOOP('',(#8607,#8615,#8616,#8624));
#8607 = ORIENTED_EDGE('',*,*,#8608,.T.);
#8608 = EDGE_CURVE('',#8609,#7630,#8611,.T.);
#8609 = VERTEX_POINT('',#8610);
#8610 = CARTESIAN_POINT('',(0.6,0.40287232356,-0.61));
#8611 = LINE('',#8612,#8613);
#8612 = CARTESIAN_POINT('',(0.6,0.40287232356,-0.61));
#8613 = VECTOR('',#8614,1.);
#8614 = DIRECTION('',(0.,2.465795324063E-16,-1.));
#8615 = ORIENTED_EDGE('',*,*,#7629,.T.);
#8616 = ORIENTED_EDGE('',*,*,#8617,.T.);
#8617 = EDGE_CURVE('',#7632,#8618,#8620,.T.);
#8618 = VERTEX_POINT('',#8619);
#8619 = CARTESIAN_POINT('',(0.6,0.88287232356,-0.61));
#8620 = LINE('',#8621,#8622);
#8621 = CARTESIAN_POINT('',(0.6,0.88287232356,-3.66));
#8622 = VECTOR('',#8623,1.);
#8623 = DIRECTION('',(0.,-1.066428366379E-16,1.));
#8624 = ORIENTED_EDGE('',*,*,#8625,.T.);
#8625 = EDGE_CURVE('',#8618,#8609,#8626,.T.);
#8626 = LINE('',#8627,#8628);
#8627 = CARTESIAN_POINT('',(0.6,0.88287232356,-0.61));
#8628 = VECTOR('',#8629,1.);
#8629 = DIRECTION('',(0.,-1.,-4.517509052023E-16));
#8630 = PLANE('',#8631);
#8631 = AXIS2_PLACEMENT_3D('',#8632,#8633,#8634);
#8632 = CARTESIAN_POINT('',(0.6,1.47,-3.66));
#8633 = DIRECTION('',(1.,0.,0.));
#8634 = DIRECTION('',(-0.,0.,1.));
#8635 = ADVANCED_FACE('',(#8636),#8661,.T.);
#8636 = FACE_BOUND('',#8637,.T.);
#8637 = EDGE_LOOP('',(#8638,#8646,#8647,#8655));
#8638 = ORIENTED_EDGE('',*,*,#8639,.T.);
#8639 = EDGE_CURVE('',#8640,#7596,#8642,.T.);
#8640 = VERTEX_POINT('',#8641);
#8641 = CARTESIAN_POINT('',(-0.4,0.40287232356,-0.61));
#8642 = LINE('',#8643,#8644);
#8643 = CARTESIAN_POINT('',(-0.4,0.40287232356,-0.61));
#8644 = VECTOR('',#8645,1.);
#8645 = DIRECTION('',(0.,2.465795324063E-16,-1.));
#8646 = ORIENTED_EDGE('',*,*,#7595,.T.);
#8647 = ORIENTED_EDGE('',*,*,#8648,.T.);
#8648 = EDGE_CURVE('',#7598,#8649,#8651,.T.);
#8649 = VERTEX_POINT('',#8650);
#8650 = CARTESIAN_POINT('',(-0.4,0.88287232356,-0.61));
#8651 = LINE('',#8652,#8653);
#8652 = CARTESIAN_POINT('',(-0.4,0.88287232356,-3.66));
#8653 = VECTOR('',#8654,1.);
#8654 = DIRECTION('',(0.,-1.066428366379E-16,1.));
#8655 = ORIENTED_EDGE('',*,*,#8656,.T.);
#8656 = EDGE_CURVE('',#8649,#8640,#8657,.T.);
#8657 = LINE('',#8658,#8659);
#8658 = CARTESIAN_POINT('',(-0.4,0.88287232356,-0.61));
#8659 = VECTOR('',#8660,1.);
#8660 = DIRECTION('',(0.,-1.,-4.517509052023E-16));
#8661 = PLANE('',#8662);
#8662 = AXIS2_PLACEMENT_3D('',#8663,#8664,#8665);
#8663 = CARTESIAN_POINT('',(-0.4,1.47,-3.66));
#8664 = DIRECTION('',(1.,0.,0.));
#8665 = DIRECTION('',(-0.,0.,1.));
#8666 = ADVANCED_FACE('',(#8667),#8692,.F.);
#8667 = FACE_BOUND('',#8668,.T.);
#8668 = EDGE_LOOP('',(#8669,#8670,#8678,#8686));
#8669 = ORIENTED_EDGE('',*,*,#7229,.F.);
#8670 = ORIENTED_EDGE('',*,*,#8671,.F.);
#8671 = EDGE_CURVE('',#8672,#7220,#8674,.T.);
#8672 = VERTEX_POINT('',#8673);
#8673 = CARTESIAN_POINT('',(-4.4,0.40287232356,-0.61));
#8674 = LINE('',#8675,#8676);
#8675 = CARTESIAN_POINT('',(-4.4,0.40287232356,-0.61));
#8676 = VECTOR('',#8677,1.);
#8677 = DIRECTION('',(0.,2.465795324063E-16,-1.));
#8678 = ORIENTED_EDGE('',*,*,#8679,.T.);
#8679 = EDGE_CURVE('',#8672,#8680,#8682,.T.);
#8680 = VERTEX_POINT('',#8681);
#8681 = CARTESIAN_POINT('',(-4.6,0.40287232356,-0.61));
#8682 = LINE('',#8683,#8684);
#8683 = CARTESIAN_POINT('',(-4.4,0.40287232356,-0.61));
#8684 = VECTOR('',#8685,1.);
#8685 = DIRECTION('',(-1.,0.,0.));
#8686 = ORIENTED_EDGE('',*,*,#8687,.T.);
#8687 = EDGE_CURVE('',#8680,#7230,#8688,.T.);
#8688 = LINE('',#8689,#8690);
#8689 = CARTESIAN_POINT('',(-4.6,0.40287232356,-3.44));
#8690 = VECTOR('',#8691,1.);
#8691 = DIRECTION('',(0.,0.,-1.));
#8692 = PLANE('',#8693);
#8693 = AXIS2_PLACEMENT_3D('',#8694,#8695,#8696);
#8694 = CARTESIAN_POINT('',(-4.4,0.40287232356,-3.44));
#8695 = DIRECTION('',(0.,1.,0.));
#8696 = DIRECTION('',(0.,-0.,1.));
#8697 = ADVANCED_FACE('',(#8698),#8723,.F.);
#8698 = FACE_BOUND('',#8699,.T.);
#8699 = EDGE_LOOP('',(#8700,#8701,#8709,#8717));
#8700 = ORIENTED_EDGE('',*,*,#7613,.F.);
#8701 = ORIENTED_EDGE('',*,*,#8702,.F.);
#8702 = EDGE_CURVE('',#8703,#7606,#8705,.T.);
#8703 = VERTEX_POINT('',#8704);
#8704 = CARTESIAN_POINT('',(-0.6,0.40287232356,-0.61));
#8705 = LINE('',#8706,#8707);
#8706 = CARTESIAN_POINT('',(-0.6,0.40287232356,-3.44));
#8707 = VECTOR('',#8708,1.);
#8708 = DIRECTION('',(0.,0.,-1.));
#8709 = ORIENTED_EDGE('',*,*,#8710,.F.);
#8710 = EDGE_CURVE('',#8711,#8703,#8713,.T.);
#8711 = VERTEX_POINT('',#8712);
#8712 = CARTESIAN_POINT('',(-0.6,0.88287232356,-0.61));
#8713 = LINE('',#8714,#8715);
#8714 = CARTESIAN_POINT('',(-0.6,0.88287232356,-0.61));
#8715 = VECTOR('',#8716,1.);
#8716 = DIRECTION('',(0.,-1.,-4.517509052023E-16));
#8717 = ORIENTED_EDGE('',*,*,#8718,.F.);
#8718 = EDGE_CURVE('',#7614,#8711,#8719,.T.);
#8719 = LINE('',#8720,#8721);
#8720 = CARTESIAN_POINT('',(-0.6,0.88287232356,-3.66));
#8721 = VECTOR('',#8722,1.);
#8722 = DIRECTION('',(0.,-1.066428366379E-16,1.));
#8723 = PLANE('',#8724);
#8724 = AXIS2_PLACEMENT_3D('',#8725,#8726,#8727);
#8725 = CARTESIAN_POINT('',(-0.6,1.47,-3.66));
#8726 = DIRECTION('',(1.,0.,0.));
#8727 = DIRECTION('',(-0.,0.,1.));
#8728 = ADVANCED_FACE('',(#8729),#8754,.F.);
#8729 = FACE_BOUND('',#8730,.T.);
#8730 = EDGE_LOOP('',(#8731,#8732,#8740,#8748));
#8731 = ORIENTED_EDGE('',*,*,#7587,.F.);
#8732 = ORIENTED_EDGE('',*,*,#8733,.T.);
#8733 = EDGE_CURVE('',#7580,#8734,#8736,.T.);
#8734 = VERTEX_POINT('',#8735);
#8735 = CARTESIAN_POINT('',(-1.6,0.88287232356,-0.61));
#8736 = LINE('',#8737,#8738);
#8737 = CARTESIAN_POINT('',(-1.6,0.88287232356,-3.66));
#8738 = VECTOR('',#8739,1.);
#8739 = DIRECTION('',(0.,-1.066428366379E-16,1.));
#8740 = ORIENTED_EDGE('',*,*,#8741,.F.);
#8741 = EDGE_CURVE('',#8742,#8734,#8744,.T.);
#8742 = VERTEX_POINT('',#8743);
#8743 = CARTESIAN_POINT('',(-1.4,0.88287232356,-0.61));
#8744 = LINE('',#8745,#8746);
#8745 = CARTESIAN_POINT('',(-1.4,0.88287232356,-0.61));
#8746 = VECTOR('',#8747,1.);
#8747 = DIRECTION('',(-1.,0.,0.));
#8748 = ORIENTED_EDGE('',*,*,#8749,.F.);
#8749 = EDGE_CURVE('',#7564,#8742,#8750,.T.);
#8750 = LINE('',#8751,#8752);
#8751 = CARTESIAN_POINT('',(-1.4,0.88287232356,-3.66));
#8752 = VECTOR('',#8753,1.);
#8753 = DIRECTION('',(0.,-1.066428366379E-16,1.));
#8754 = PLANE('',#8755);
#8755 = AXIS2_PLACEMENT_3D('',#8756,#8757,#8758);
#8756 = CARTESIAN_POINT('',(-1.4,0.88287232356,-3.66));
#8757 = DIRECTION('',(0.,-1.,-1.066428366379E-16));
#8758 = DIRECTION('',(0.,1.066428366379E-16,-1.));
#8759 = ADVANCED_FACE('',(#8760),#8778,.F.);
#8760 = FACE_BOUND('',#8761,.T.);
#8761 = EDGE_LOOP('',(#8762,#8763,#8764,#8772));
#8762 = ORIENTED_EDGE('',*,*,#7673,.F.);
#8763 = ORIENTED_EDGE('',*,*,#8467,.F.);
#8764 = ORIENTED_EDGE('',*,*,#8765,.T.);
#8765 = EDGE_CURVE('',#8468,#8766,#8768,.T.);
#8766 = VERTEX_POINT('',#8767);
#8767 = CARTESIAN_POINT('',(1.4,0.40287232356,-0.61));
#8768 = LINE('',#8769,#8770);
#8769 = CARTESIAN_POINT('',(1.6,0.40287232356,-0.61));
#8770 = VECTOR('',#8771,1.);
#8771 = DIRECTION('',(-1.,0.,0.));
#8772 = ORIENTED_EDGE('',*,*,#8773,.T.);
#8773 = EDGE_CURVE('',#8766,#7674,#8774,.T.);
#8774 = LINE('',#8775,#8776);
#8775 = CARTESIAN_POINT('',(1.4,0.40287232356,-3.44));
#8776 = VECTOR('',#8777,1.);
#8777 = DIRECTION('',(0.,0.,-1.));
#8778 = PLANE('',#8779);
#8779 = AXIS2_PLACEMENT_3D('',#8780,#8781,#8782);
#8780 = CARTESIAN_POINT('',(1.6,0.40287232356,-3.44));
#8781 = DIRECTION('',(0.,1.,0.));
#8782 = DIRECTION('',(0.,-0.,1.));
#8783 = ADVANCED_FACE('',(#8784),#8802,.T.);
#8784 = FACE_BOUND('',#8785,.T.);
#8785 = EDGE_LOOP('',(#8786,#8794,#8795,#8796));
#8786 = ORIENTED_EDGE('',*,*,#8787,.T.);
#8787 = EDGE_CURVE('',#8788,#7562,#8790,.T.);
#8788 = VERTEX_POINT('',#8789);
#8789 = CARTESIAN_POINT('',(-1.4,0.40287232356,-0.61));
#8790 = LINE('',#8791,#8792);
#8791 = CARTESIAN_POINT('',(-1.4,0.40287232356,-0.61));
#8792 = VECTOR('',#8793,1.);
#8793 = DIRECTION('',(0.,2.465795324063E-16,-1.));
#8794 = ORIENTED_EDGE('',*,*,#7561,.T.);
#8795 = ORIENTED_EDGE('',*,*,#8749,.T.);
#8796 = ORIENTED_EDGE('',*,*,#8797,.T.);
#8797 = EDGE_CURVE('',#8742,#8788,#8798,.T.);
#8798 = LINE('',#8799,#8800);
#8799 = CARTESIAN_POINT('',(-1.4,0.88287232356,-0.61));
#8800 = VECTOR('',#8801,1.);
#8801 = DIRECTION('',(0.,-1.,-4.517509052023E-16));
#8802 = PLANE('',#8803);
#8803 = AXIS2_PLACEMENT_3D('',#8804,#8805,#8806);
#8804 = CARTESIAN_POINT('',(-1.4,1.47,-3.66));
#8805 = DIRECTION('',(1.,0.,0.));
#8806 = DIRECTION('',(-0.,0.,1.));
#8807 = ADVANCED_FACE('',(#8808),#8826,.F.);
#8808 = FACE_BOUND('',#8809,.T.);
#8809 = EDGE_LOOP('',(#8810,#8811,#8819,#8825));
#8810 = ORIENTED_EDGE('',*,*,#7537,.F.);
#8811 = ORIENTED_EDGE('',*,*,#8812,.F.);
#8812 = EDGE_CURVE('',#8813,#7528,#8815,.T.);
#8813 = VERTEX_POINT('',#8814);
#8814 = CARTESIAN_POINT('',(-2.4,0.40287232356,-0.61));
#8815 = LINE('',#8816,#8817);
#8816 = CARTESIAN_POINT('',(-2.4,0.40287232356,-0.61));
#8817 = VECTOR('',#8818,1.);
#8818 = DIRECTION('',(0.,2.465795324063E-16,-1.));
#8819 = ORIENTED_EDGE('',*,*,#8820,.T.);
#8820 = EDGE_CURVE('',#8813,#8531,#8821,.T.);
#8821 = LINE('',#8822,#8823);
#8822 = CARTESIAN_POINT('',(-2.4,0.40287232356,-0.61));
#8823 = VECTOR('',#8824,1.);
#8824 = DIRECTION('',(-1.,0.,0.));
#8825 = ORIENTED_EDGE('',*,*,#8530,.T.);
#8826 = PLANE('',#8827);
#8827 = AXIS2_PLACEMENT_3D('',#8828,#8829,#8830);
#8828 = CARTESIAN_POINT('',(-2.4,0.40287232356,-3.44));
#8829 = DIRECTION('',(0.,1.,0.));
#8830 = DIRECTION('',(0.,-0.,1.));
#8831 = ADVANCED_FACE('',(#8832),#8838,.F.);
#8832 = FACE_BOUND('',#8833,.T.);
#8833 = EDGE_LOOP('',(#8834,#8835,#8836,#8837));
#8834 = ORIENTED_EDGE('',*,*,#7261,.F.);
#8835 = ORIENTED_EDGE('',*,*,#8406,.F.);
#8836 = ORIENTED_EDGE('',*,*,#7942,.T.);
#8837 = ORIENTED_EDGE('',*,*,#8424,.T.);
#8838 = PLANE('',#8839);
#8839 = AXIS2_PLACEMENT_3D('',#8840,#8841,#8842);
#8840 = CARTESIAN_POINT('',(-4.4,1.17,-0.8));
#8841 = DIRECTION('',(0.,1.,0.));
#8842 = DIRECTION('',(0.,-0.,1.));
#8843 = ADVANCED_FACE('',(#8844),#8869,.F.);
#8844 = FACE_BOUND('',#8845,.T.);
#8845 = EDGE_LOOP('',(#8846,#8847,#8855,#8863));
#8846 = ORIENTED_EDGE('',*,*,#7723,.F.);
#8847 = ORIENTED_EDGE('',*,*,#8848,.T.);
#8848 = EDGE_CURVE('',#7716,#8849,#8851,.T.);
#8849 = VERTEX_POINT('',#8850);
#8850 = CARTESIAN_POINT('',(2.4,0.88287232356,-0.61));
#8851 = LINE('',#8852,#8853);
#8852 = CARTESIAN_POINT('',(2.4,0.88287232356,-3.66));
#8853 = VECTOR('',#8854,1.);
#8854 = DIRECTION('',(0.,-1.066428366379E-16,1.));
#8855 = ORIENTED_EDGE('',*,*,#8856,.F.);
#8856 = EDGE_CURVE('',#8857,#8849,#8859,.T.);
#8857 = VERTEX_POINT('',#8858);
#8858 = CARTESIAN_POINT('',(2.6,0.88287232356,-0.61));
#8859 = LINE('',#8860,#8861);
#8860 = CARTESIAN_POINT('',(2.6,0.88287232356,-0.61));
#8861 = VECTOR('',#8862,1.);
#8862 = DIRECTION('',(-1.,0.,0.));
#8863 = ORIENTED_EDGE('',*,*,#8864,.F.);
#8864 = EDGE_CURVE('',#7700,#8857,#8865,.T.);
#8865 = LINE('',#8866,#8867);
#8866 = CARTESIAN_POINT('',(2.6,0.88287232356,-3.66));
#8867 = VECTOR('',#8868,1.);
#8868 = DIRECTION('',(0.,-1.066428366379E-16,1.));
#8869 = PLANE('',#8870);
#8870 = AXIS2_PLACEMENT_3D('',#8871,#8872,#8873);
#8871 = CARTESIAN_POINT('',(2.6,0.88287232356,-3.66));
#8872 = DIRECTION('',(0.,-1.,-1.066428366379E-16));
#8873 = DIRECTION('',(0.,1.066428366379E-16,-1.));
#8874 = ADVANCED_FACE('',(#8875),#8893,.F.);
#8875 = FACE_BOUND('',#8876,.T.);
#8876 = EDGE_LOOP('',(#8877,#8878,#8886,#8892));
#8877 = ORIENTED_EDGE('',*,*,#7715,.F.);
#8878 = ORIENTED_EDGE('',*,*,#8879,.F.);
#8879 = EDGE_CURVE('',#8880,#7708,#8882,.T.);
#8880 = VERTEX_POINT('',#8881);
#8881 = CARTESIAN_POINT('',(2.4,0.40287232356,-0.61));
#8882 = LINE('',#8883,#8884);
#8883 = CARTESIAN_POINT('',(2.4,0.40287232356,-3.44));
#8884 = VECTOR('',#8885,1.);
#8885 = DIRECTION('',(0.,0.,-1.));
#8886 = ORIENTED_EDGE('',*,*,#8887,.F.);
#8887 = EDGE_CURVE('',#8849,#8880,#8888,.T.);
#8888 = LINE('',#8889,#8890);
#8889 = CARTESIAN_POINT('',(2.4,0.88287232356,-0.61));
#8890 = VECTOR('',#8891,1.);
#8891 = DIRECTION('',(0.,-1.,-4.517509052023E-16));
#8892 = ORIENTED_EDGE('',*,*,#8848,.F.);
#8893 = PLANE('',#8894);
#8894 = AXIS2_PLACEMENT_3D('',#8895,#8896,#8897);
#8895 = CARTESIAN_POINT('',(2.4,1.47,-3.66));
#8896 = DIRECTION('',(1.,0.,0.));
#8897 = DIRECTION('',(-0.,0.,1.));
#8898 = ADVANCED_FACE('',(#8899),#8917,.F.);
#8899 = FACE_BOUND('',#8900,.T.);
#8900 = EDGE_LOOP('',(#8901,#8902,#8903,#8911));
#8901 = ORIENTED_EDGE('',*,*,#7681,.F.);
#8902 = ORIENTED_EDGE('',*,*,#8773,.F.);
#8903 = ORIENTED_EDGE('',*,*,#8904,.F.);
#8904 = EDGE_CURVE('',#8905,#8766,#8907,.T.);
#8905 = VERTEX_POINT('',#8906);
#8906 = CARTESIAN_POINT('',(1.4,0.88287232356,-0.61));
#8907 = LINE('',#8908,#8909);
#8908 = CARTESIAN_POINT('',(1.4,0.88287232356,-0.61));
#8909 = VECTOR('',#8910,1.);
#8910 = DIRECTION('',(0.,-1.,-4.517509052023E-16));
#8911 = ORIENTED_EDGE('',*,*,#8912,.F.);
#8912 = EDGE_CURVE('',#7682,#8905,#8913,.T.);
#8913 = LINE('',#8914,#8915);
#8914 = CARTESIAN_POINT('',(1.4,0.88287232356,-3.66));
#8915 = VECTOR('',#8916,1.);
#8916 = DIRECTION('',(0.,-1.066428366379E-16,1.));
#8917 = PLANE('',#8918);
#8918 = AXIS2_PLACEMENT_3D('',#8919,#8920,#8921);
#8919 = CARTESIAN_POINT('',(1.4,1.47,-3.66));
#8920 = DIRECTION('',(1.,0.,0.));
#8921 = DIRECTION('',(-0.,0.,1.));
#8922 = ADVANCED_FACE('',(#8923),#8948,.T.);
#8923 = FACE_BOUND('',#8924,.T.);
#8924 = EDGE_LOOP('',(#8925,#8933,#8934,#8942));
#8925 = ORIENTED_EDGE('',*,*,#8926,.T.);
#8926 = EDGE_CURVE('',#8927,#7494,#8929,.T.);
#8927 = VERTEX_POINT('',#8928);
#8928 = CARTESIAN_POINT('',(-3.4,0.40287232356,-0.61));
#8929 = LINE('',#8930,#8931);
#8930 = CARTESIAN_POINT('',(-3.4,0.40287232356,-0.61));
#8931 = VECTOR('',#8932,1.);
#8932 = DIRECTION('',(0.,2.465795324063E-16,-1.));
#8933 = ORIENTED_EDGE('',*,*,#7493,.T.);
#8934 = ORIENTED_EDGE('',*,*,#8935,.T.);
#8935 = EDGE_CURVE('',#7496,#8936,#8938,.T.);
#8936 = VERTEX_POINT('',#8937);
#8937 = CARTESIAN_POINT('',(-3.4,0.88287232356,-0.61));
#8938 = LINE('',#8939,#8940);
#8939 = CARTESIAN_POINT('',(-3.4,0.88287232356,-3.66));
#8940 = VECTOR('',#8941,1.);
#8941 = DIRECTION('',(0.,-1.066428366379E-16,1.));
#8942 = ORIENTED_EDGE('',*,*,#8943,.T.);
#8943 = EDGE_CURVE('',#8936,#8927,#8944,.T.);
#8944 = LINE('',#8945,#8946);
#8945 = CARTESIAN_POINT('',(-3.4,0.88287232356,-0.61));
#8946 = VECTOR('',#8947,1.);
#8947 = DIRECTION('',(0.,-1.,-4.517509052023E-16));
#8948 = PLANE('',#8949);
#8949 = AXIS2_PLACEMENT_3D('',#8950,#8951,#8952);
#8950 = CARTESIAN_POINT('',(-3.4,1.47,-3.66));
#8951 = DIRECTION('',(1.,0.,0.));
#8952 = DIRECTION('',(-0.,0.,1.));
#8953 = ADVANCED_FACE('',(#8954),#8960,.F.);
#8954 = FACE_BOUND('',#8955,.T.);
#8955 = EDGE_LOOP('',(#8956,#8957,#8958,#8959));
#8956 = ORIENTED_EDGE('',*,*,#7384,.F.);
#8957 = ORIENTED_EDGE('',*,*,#8355,.F.);
#8958 = ORIENTED_EDGE('',*,*,#8240,.T.);
#8959 = ORIENTED_EDGE('',*,*,#8322,.T.);
#8960 = PLANE('',#8961);
#8961 = AXIS2_PLACEMENT_3D('',#8962,#8963,#8964);
#8962 = CARTESIAN_POINT('',(0.6,1.17,-0.8));
#8963 = DIRECTION('',(0.,1.,0.));
#8964 = DIRECTION('',(0.,-0.,1.));
#8965 = ADVANCED_FACE('',(#8966),#8984,.F.);
#8966 = FACE_BOUND('',#8967,.T.);
#8967 = EDGE_LOOP('',(#8968,#8969,#8970,#8978));
#8968 = ORIENTED_EDGE('',*,*,#7237,.F.);
#8969 = ORIENTED_EDGE('',*,*,#8687,.F.);
#8970 = ORIENTED_EDGE('',*,*,#8971,.F.);
#8971 = EDGE_CURVE('',#8972,#8680,#8974,.T.);
#8972 = VERTEX_POINT('',#8973);
#8973 = CARTESIAN_POINT('',(-4.6,0.88287232356,-0.61));
#8974 = LINE('',#8975,#8976);
#8975 = CARTESIAN_POINT('',(-4.6,0.88287232356,-0.61));
#8976 = VECTOR('',#8977,1.);
#8977 = DIRECTION('',(0.,-1.,-4.517509052023E-16));
#8978 = ORIENTED_EDGE('',*,*,#8979,.F.);
#8979 = EDGE_CURVE('',#7238,#8972,#8980,.T.);
#8980 = LINE('',#8981,#8982);
#8981 = CARTESIAN_POINT('',(-4.6,0.88287232356,-3.66));
#8982 = VECTOR('',#8983,1.);
#8983 = DIRECTION('',(0.,-1.066428366379E-16,1.));
#8984 = PLANE('',#8985);
#8985 = AXIS2_PLACEMENT_3D('',#8986,#8987,#8988);
#8986 = CARTESIAN_POINT('',(-4.6,1.47,-3.66));
#8987 = DIRECTION('',(1.,0.,0.));
#8988 = DIRECTION('',(-0.,0.,1.));
#8989 = ADVANCED_FACE('',(#8990),#9015,.F.);
#8990 = FACE_BOUND('',#8991,.T.);
#8991 = EDGE_LOOP('',(#8992,#8993,#9001,#9009));
#8992 = ORIENTED_EDGE('',*,*,#7791,.F.);
#8993 = ORIENTED_EDGE('',*,*,#8994,.T.);
#8994 = EDGE_CURVE('',#7784,#8995,#8997,.T.);
#8995 = VERTEX_POINT('',#8996);
#8996 = CARTESIAN_POINT('',(4.4,0.88287232356,-0.61));
#8997 = LINE('',#8998,#8999);
#8998 = CARTESIAN_POINT('',(4.4,0.88287232356,-3.66));
#8999 = VECTOR('',#9000,1.);
#9000 = DIRECTION('',(0.,-1.066428366379E-16,1.));
#9001 = ORIENTED_EDGE('',*,*,#9002,.F.);
#9002 = EDGE_CURVE('',#9003,#8995,#9005,.T.);
#9003 = VERTEX_POINT('',#9004);
#9004 = CARTESIAN_POINT('',(4.6,0.88287232356,-0.61));
#9005 = LINE('',#9006,#9007);
#9006 = CARTESIAN_POINT('',(4.6,0.88287232356,-0.61));
#9007 = VECTOR('',#9008,1.);
#9008 = DIRECTION('',(-1.,0.,0.));
#9009 = ORIENTED_EDGE('',*,*,#9010,.F.);
#9010 = EDGE_CURVE('',#7768,#9003,#9011,.T.);
#9011 = LINE('',#9012,#9013);
#9012 = CARTESIAN_POINT('',(4.6,0.88287232356,-3.66));
#9013 = VECTOR('',#9014,1.);
#9014 = DIRECTION('',(0.,-1.066428366379E-16,1.));
#9015 = PLANE('',#9016);
#9016 = AXIS2_PLACEMENT_3D('',#9017,#9018,#9019);
#9017 = CARTESIAN_POINT('',(4.6,0.88287232356,-3.66));
#9018 = DIRECTION('',(0.,-1.,-1.066428366379E-16));
#9019 = DIRECTION('',(0.,1.066428366379E-16,-1.));
#9020 = ADVANCED_FACE('',(#9021),#9027,.F.);
#9021 = FACE_BOUND('',#9022,.T.);
#9022 = EDGE_LOOP('',(#9023,#9024,#9025,#9026));
#9023 = ORIENTED_EDGE('',*,*,#7430,.F.);
#9024 = ORIENTED_EDGE('',*,*,#8372,.F.);
#9025 = ORIENTED_EDGE('',*,*,#8021,.T.);
#9026 = ORIENTED_EDGE('',*,*,#8038,.T.);
#9027 = PLANE('',#9028);
#9028 = AXIS2_PLACEMENT_3D('',#9029,#9030,#9031);
#9029 = CARTESIAN_POINT('',(-1.4,1.17,-0.8));
#9030 = DIRECTION('',(0.,1.,0.));
#9031 = DIRECTION('',(0.,-0.,1.));
#9032 = ADVANCED_FACE('',(#9033),#9051,.T.);
#9033 = FACE_BOUND('',#9034,.T.);
#9034 = EDGE_LOOP('',(#9035,#9036,#9037,#9045));
#9035 = ORIENTED_EDGE('',*,*,#8671,.T.);
#9036 = ORIENTED_EDGE('',*,*,#7219,.T.);
#9037 = ORIENTED_EDGE('',*,*,#9038,.T.);
#9038 = EDGE_CURVE('',#7222,#9039,#9041,.T.);
#9039 = VERTEX_POINT('',#9040);
#9040 = CARTESIAN_POINT('',(-4.4,0.88287232356,-0.61));
#9041 = LINE('',#9042,#9043);
#9042 = CARTESIAN_POINT('',(-4.4,0.88287232356,-3.66));
#9043 = VECTOR('',#9044,1.);
#9044 = DIRECTION('',(0.,-1.066428366379E-16,1.));
#9045 = ORIENTED_EDGE('',*,*,#9046,.T.);
#9046 = EDGE_CURVE('',#9039,#8672,#9047,.T.);
#9047 = LINE('',#9048,#9049);
#9048 = CARTESIAN_POINT('',(-4.4,0.88287232356,-0.61));
#9049 = VECTOR('',#9050,1.);
#9050 = DIRECTION('',(0.,-1.,-4.517509052023E-16));
#9051 = PLANE('',#9052);
#9052 = AXIS2_PLACEMENT_3D('',#9053,#9054,#9055);
#9053 = CARTESIAN_POINT('',(-4.4,1.47,-3.66));
#9054 = DIRECTION('',(1.,0.,0.));
#9055 = DIRECTION('',(-0.,0.,1.));
#9056 = ADVANCED_FACE('',(#9057),#9075,.F.);
#9057 = FACE_BOUND('',#9058,.T.);
#9058 = EDGE_LOOP('',(#9059,#9060,#9061,#9069));
#9059 = ORIENTED_EDGE('',*,*,#7571,.F.);
#9060 = ORIENTED_EDGE('',*,*,#8787,.F.);
#9061 = ORIENTED_EDGE('',*,*,#9062,.T.);
#9062 = EDGE_CURVE('',#8788,#9063,#9065,.T.);
#9063 = VERTEX_POINT('',#9064);
#9064 = CARTESIAN_POINT('',(-1.6,0.40287232356,-0.61));
#9065 = LINE('',#9066,#9067);
#9066 = CARTESIAN_POINT('',(-1.4,0.40287232356,-0.61));
#9067 = VECTOR('',#9068,1.);
#9068 = DIRECTION('',(-1.,0.,0.));
#9069 = ORIENTED_EDGE('',*,*,#9070,.T.);
#9070 = EDGE_CURVE('',#9063,#7572,#9071,.T.);
#9071 = LINE('',#9072,#9073);
#9072 = CARTESIAN_POINT('',(-1.6,0.40287232356,-3.44));
#9073 = VECTOR('',#9074,1.);
#9074 = DIRECTION('',(0.,0.,-1.));
#9075 = PLANE('',#9076);
#9076 = AXIS2_PLACEMENT_3D('',#9077,#9078,#9079);
#9077 = CARTESIAN_POINT('',(-1.4,0.40287232356,-3.44));
#9078 = DIRECTION('',(0.,1.,0.));
#9079 = DIRECTION('',(0.,-0.,1.));
#9080 = ADVANCED_FACE('',(#9081),#9099,.F.);
#9081 = FACE_BOUND('',#9082,.T.);
#9082 = EDGE_LOOP('',(#9083,#9084,#9085,#9093));
#9083 = ORIENTED_EDGE('',*,*,#7757,.F.);
#9084 = ORIENTED_EDGE('',*,*,#8570,.T.);
#9085 = ORIENTED_EDGE('',*,*,#9086,.F.);
#9086 = EDGE_CURVE('',#9087,#8563,#9089,.T.);
#9087 = VERTEX_POINT('',#9088);
#9088 = CARTESIAN_POINT('',(3.6,0.88287232356,-0.61));
#9089 = LINE('',#9090,#9091);
#9090 = CARTESIAN_POINT('',(3.6,0.88287232356,-0.61));
#9091 = VECTOR('',#9092,1.);
#9092 = DIRECTION('',(-1.,0.,0.));
#9093 = ORIENTED_EDGE('',*,*,#9094,.F.);
#9094 = EDGE_CURVE('',#7734,#9087,#9095,.T.);
#9095 = LINE('',#9096,#9097);
#9096 = CARTESIAN_POINT('',(3.6,0.88287232356,-3.66));
#9097 = VECTOR('',#9098,1.);
#9098 = DIRECTION('',(0.,-1.066428366379E-16,1.));
#9099 = PLANE('',#9100);
#9100 = AXIS2_PLACEMENT_3D('',#9101,#9102,#9103);
#9101 = CARTESIAN_POINT('',(3.6,0.88287232356,-3.66));
#9102 = DIRECTION('',(0.,-1.,-1.066428366379E-16));
#9103 = DIRECTION('',(0.,1.066428366379E-16,-1.));
#9104 = ADVANCED_FACE('',(#9105),#9111,.F.);
#9105 = FACE_BOUND('',#9106,.T.);
#9106 = EDGE_LOOP('',(#9107,#9108,#9109,#9110));
#9107 = ORIENTED_EDGE('',*,*,#7338,.F.);
#9108 = ORIENTED_EDGE('',*,*,#8280,.F.);
#9109 = ORIENTED_EDGE('',*,*,#7990,.T.);
#9110 = ORIENTED_EDGE('',*,*,#7815,.T.);
#9111 = PLANE('',#9112);
#9112 = AXIS2_PLACEMENT_3D('',#9113,#9114,#9115);
#9113 = CARTESIAN_POINT('',(2.6,1.17,-0.8));
#9114 = DIRECTION('',(0.,1.,0.));
#9115 = DIRECTION('',(0.,-0.,1.));
#9116 = ADVANCED_FACE('',(#9117),#9123,.F.);
#9117 = FACE_BOUND('',#9118,.T.);
#9118 = EDGE_LOOP('',(#9119,#9120,#9121,#9122));
#9119 = ORIENTED_EDGE('',*,*,#7292,.F.);
#9120 = ORIENTED_EDGE('',*,*,#8208,.F.);
#9121 = ORIENTED_EDGE('',*,*,#8069,.T.);
#9122 = ORIENTED_EDGE('',*,*,#8134,.T.);
#9123 = PLANE('',#9124);
#9124 = AXIS2_PLACEMENT_3D('',#9125,#9126,#9127);
#9125 = CARTESIAN_POINT('',(4.6,1.17,-0.8));
#9126 = DIRECTION('',(0.,1.,0.));
#9127 = DIRECTION('',(0.,-0.,1.));
#9128 = ADVANCED_FACE('',(#9129),#9140,.F.);
#9129 = FACE_BOUND('',#9130,.T.);
#9130 = EDGE_LOOP('',(#9131,#9132,#9133,#9139));
#9131 = ORIENTED_EDGE('',*,*,#7245,.F.);
#9132 = ORIENTED_EDGE('',*,*,#8979,.T.);
#9133 = ORIENTED_EDGE('',*,*,#9134,.F.);
#9134 = EDGE_CURVE('',#9039,#8972,#9135,.T.);
#9135 = LINE('',#9136,#9137);
#9136 = CARTESIAN_POINT('',(-4.4,0.88287232356,-0.61));
#9137 = VECTOR('',#9138,1.);
#9138 = DIRECTION('',(-1.,0.,0.));
#9139 = ORIENTED_EDGE('',*,*,#9038,.F.);
#9140 = PLANE('',#9141);
#9141 = AXIS2_PLACEMENT_3D('',#9142,#9143,#9144);
#9142 = CARTESIAN_POINT('',(-4.4,0.88287232356,-3.66));
#9143 = DIRECTION('',(0.,-1.,-1.066428366379E-16));
#9144 = DIRECTION('',(0.,1.066428366379E-16,-1.));
#9145 = ADVANCED_FACE('',(#9146),#9157,.T.);
#9146 = FACE_BOUND('',#9147,.T.);
#9147 = EDGE_LOOP('',(#9148,#9149,#9150,#9151));
#9148 = ORIENTED_EDGE('',*,*,#8812,.T.);
#9149 = ORIENTED_EDGE('',*,*,#7527,.T.);
#9150 = ORIENTED_EDGE('',*,*,#8515,.T.);
#9151 = ORIENTED_EDGE('',*,*,#9152,.T.);
#9152 = EDGE_CURVE('',#8508,#8813,#9153,.T.);
#9153 = LINE('',#9154,#9155);
#9154 = CARTESIAN_POINT('',(-2.4,0.88287232356,-0.61));
#9155 = VECTOR('',#9156,1.);
#9156 = DIRECTION('',(0.,-1.,-4.517509052023E-16));
#9157 = PLANE('',#9158);
#9158 = AXIS2_PLACEMENT_3D('',#9159,#9160,#9161);
#9159 = CARTESIAN_POINT('',(-2.4,1.47,-3.66));
#9160 = DIRECTION('',(1.,0.,0.));
#9161 = DIRECTION('',(-0.,0.,1.));
#9162 = ADVANCED_FACE('',(#9163),#9181,.F.);
#9163 = FACE_BOUND('',#9164,.T.);
#9164 = EDGE_LOOP('',(#9165,#9166,#9174,#9180));
#9165 = ORIENTED_EDGE('',*,*,#7519,.F.);
#9166 = ORIENTED_EDGE('',*,*,#9167,.T.);
#9167 = EDGE_CURVE('',#7512,#9168,#9170,.T.);
#9168 = VERTEX_POINT('',#9169);
#9169 = CARTESIAN_POINT('',(-3.6,0.88287232356,-0.61));
#9170 = LINE('',#9171,#9172);
#9171 = CARTESIAN_POINT('',(-3.6,0.88287232356,-3.66));
#9172 = VECTOR('',#9173,1.);
#9173 = DIRECTION('',(0.,-1.066428366379E-16,1.));
#9174 = ORIENTED_EDGE('',*,*,#9175,.F.);
#9175 = EDGE_CURVE('',#8936,#9168,#9176,.T.);
#9176 = LINE('',#9177,#9178);
#9177 = CARTESIAN_POINT('',(-3.4,0.88287232356,-0.61));
#9178 = VECTOR('',#9179,1.);
#9179 = DIRECTION('',(-1.,0.,0.));
#9180 = ORIENTED_EDGE('',*,*,#8935,.F.);
#9181 = PLANE('',#9182);
#9182 = AXIS2_PLACEMENT_3D('',#9183,#9184,#9185);
#9183 = CARTESIAN_POINT('',(-3.4,0.88287232356,-3.66));
#9184 = DIRECTION('',(0.,-1.,-1.066428366379E-16));
#9185 = DIRECTION('',(0.,1.066428366379E-16,-1.));
#9186 = ADVANCED_FACE('',(#9187),#9205,.F.);
#9187 = FACE_BOUND('',#9188,.T.);
#9188 = EDGE_LOOP('',(#9189,#9190,#9198,#9204));
#9189 = ORIENTED_EDGE('',*,*,#7783,.F.);
#9190 = ORIENTED_EDGE('',*,*,#9191,.F.);
#9191 = EDGE_CURVE('',#9192,#7776,#9194,.T.);
#9192 = VERTEX_POINT('',#9193);
#9193 = CARTESIAN_POINT('',(4.4,0.40287232356,-0.61));
#9194 = LINE('',#9195,#9196);
#9195 = CARTESIAN_POINT('',(4.4,0.40287232356,-3.44));
#9196 = VECTOR('',#9197,1.);
#9197 = DIRECTION('',(0.,0.,-1.));
#9198 = ORIENTED_EDGE('',*,*,#9199,.F.);
#9199 = EDGE_CURVE('',#8995,#9192,#9200,.T.);
#9200 = LINE('',#9201,#9202);
#9201 = CARTESIAN_POINT('',(4.4,0.88287232356,-0.61));
#9202 = VECTOR('',#9203,1.);
#9203 = DIRECTION('',(0.,-1.,-4.517509052023E-16));
#9204 = ORIENTED_EDGE('',*,*,#8994,.F.);
#9205 = PLANE('',#9206);
#9206 = AXIS2_PLACEMENT_3D('',#9207,#9208,#9209);
#9207 = CARTESIAN_POINT('',(4.4,1.47,-3.66));
#9208 = DIRECTION('',(1.,0.,0.));
#9209 = DIRECTION('',(-0.,0.,1.));
#9210 = ADVANCED_FACE('',(#9211),#9229,.F.);
#9211 = FACE_BOUND('',#9212,.T.);
#9212 = EDGE_LOOP('',(#9213,#9214,#9215,#9223));
#9213 = ORIENTED_EDGE('',*,*,#7639,.F.);
#9214 = ORIENTED_EDGE('',*,*,#8608,.F.);
#9215 = ORIENTED_EDGE('',*,*,#9216,.T.);
#9216 = EDGE_CURVE('',#8609,#9217,#9219,.T.);
#9217 = VERTEX_POINT('',#9218);
#9218 = CARTESIAN_POINT('',(0.4,0.40287232356,-0.61));
#9219 = LINE('',#9220,#9221);
#9220 = CARTESIAN_POINT('',(0.6,0.40287232356,-0.61));
#9221 = VECTOR('',#9222,1.);
#9222 = DIRECTION('',(-1.,0.,0.));
#9223 = ORIENTED_EDGE('',*,*,#9224,.T.);
#9224 = EDGE_CURVE('',#9217,#7640,#9225,.T.);
#9225 = LINE('',#9226,#9227);
#9226 = CARTESIAN_POINT('',(0.4,0.40287232356,-3.44));
#9227 = VECTOR('',#9228,1.);
#9228 = DIRECTION('',(0.,0.,-1.));
#9229 = PLANE('',#9230);
#9230 = AXIS2_PLACEMENT_3D('',#9231,#9232,#9233);
#9231 = CARTESIAN_POINT('',(0.6,0.40287232356,-3.44));
#9232 = DIRECTION('',(0.,1.,0.));
#9233 = DIRECTION('',(0.,-0.,1.));
#9234 = ADVANCED_FACE('',(#9235),#9246,.F.);
#9235 = FACE_BOUND('',#9236,.T.);
#9236 = EDGE_LOOP('',(#9237,#9238,#9239,#9245));
#9237 = ORIENTED_EDGE('',*,*,#7621,.F.);
#9238 = ORIENTED_EDGE('',*,*,#8718,.T.);
#9239 = ORIENTED_EDGE('',*,*,#9240,.F.);
#9240 = EDGE_CURVE('',#8649,#8711,#9241,.T.);
#9241 = LINE('',#9242,#9243);
#9242 = CARTESIAN_POINT('',(-0.4,0.88287232356,-0.61));
#9243 = VECTOR('',#9244,1.);
#9244 = DIRECTION('',(-1.,0.,0.));
#9245 = ORIENTED_EDGE('',*,*,#8648,.F.);
#9246 = PLANE('',#9247);
#9247 = AXIS2_PLACEMENT_3D('',#9248,#9249,#9250);
#9248 = CARTESIAN_POINT('',(-0.4,0.88287232356,-3.66));
#9249 = DIRECTION('',(0.,-1.,-1.066428366379E-16));
#9250 = DIRECTION('',(0.,1.066428366379E-16,-1.));
#9251 = ADVANCED_FACE('',(#9252),#9270,.F.);
#9252 = FACE_BOUND('',#9253,.T.);
#9253 = EDGE_LOOP('',(#9254,#9255,#9263,#9269));
#9254 = ORIENTED_EDGE('',*,*,#7511,.F.);
#9255 = ORIENTED_EDGE('',*,*,#9256,.F.);
#9256 = EDGE_CURVE('',#9257,#7504,#9259,.T.);
#9257 = VERTEX_POINT('',#9258);
#9258 = CARTESIAN_POINT('',(-3.6,0.40287232356,-0.61));
#9259 = LINE('',#9260,#9261);
#9260 = CARTESIAN_POINT('',(-3.6,0.40287232356,-3.44));
#9261 = VECTOR('',#9262,1.);
#9262 = DIRECTION('',(0.,0.,-1.));
#9263 = ORIENTED_EDGE('',*,*,#9264,.F.);
#9264 = EDGE_CURVE('',#9168,#9257,#9265,.T.);
#9265 = LINE('',#9266,#9267);
#9266 = CARTESIAN_POINT('',(-3.6,0.88287232356,-0.61));
#9267 = VECTOR('',#9268,1.);
#9268 = DIRECTION('',(0.,-1.,-4.517509052023E-16));
#9269 = ORIENTED_EDGE('',*,*,#9167,.F.);
#9270 = PLANE('',#9271);
#9271 = AXIS2_PLACEMENT_3D('',#9272,#9273,#9274);
#9272 = CARTESIAN_POINT('',(-3.6,1.47,-3.66));
#9273 = DIRECTION('',(1.,0.,0.));
#9274 = DIRECTION('',(-0.,0.,1.));
#9275 = ADVANCED_FACE('',(#9276),#9294,.T.);
#9276 = FACE_BOUND('',#9277,.T.);
#9277 = EDGE_LOOP('',(#9278,#9286,#9287,#9288));
#9278 = ORIENTED_EDGE('',*,*,#9279,.T.);
#9279 = EDGE_CURVE('',#9280,#7766,#9282,.T.);
#9280 = VERTEX_POINT('',#9281);
#9281 = CARTESIAN_POINT('',(4.6,0.40287232356,-0.61));
#9282 = LINE('',#9283,#9284);
#9283 = CARTESIAN_POINT('',(4.6,0.40287232356,-0.61));
#9284 = VECTOR('',#9285,1.);
#9285 = DIRECTION('',(0.,2.465795324063E-16,-1.));
#9286 = ORIENTED_EDGE('',*,*,#7765,.T.);
#9287 = ORIENTED_EDGE('',*,*,#9010,.T.);
#9288 = ORIENTED_EDGE('',*,*,#9289,.T.);
#9289 = EDGE_CURVE('',#9003,#9280,#9290,.T.);
#9290 = LINE('',#9291,#9292);
#9291 = CARTESIAN_POINT('',(4.6,0.88287232356,-0.61));
#9292 = VECTOR('',#9293,1.);
#9293 = DIRECTION('',(0.,-1.,-4.517509052023E-16));
#9294 = PLANE('',#9295);
#9295 = AXIS2_PLACEMENT_3D('',#9296,#9297,#9298);
#9296 = CARTESIAN_POINT('',(4.6,1.47,-3.66));
#9297 = DIRECTION('',(1.,0.,0.));
#9298 = DIRECTION('',(-0.,0.,1.));
#9299 = ADVANCED_FACE('',(#9300),#9311,.T.);
#9300 = FACE_BOUND('',#9301,.T.);
#9301 = EDGE_LOOP('',(#9302,#9303,#9304,#9305));
#9302 = ORIENTED_EDGE('',*,*,#8585,.T.);
#9303 = ORIENTED_EDGE('',*,*,#7731,.T.);
#9304 = ORIENTED_EDGE('',*,*,#9094,.T.);
#9305 = ORIENTED_EDGE('',*,*,#9306,.T.);
#9306 = EDGE_CURVE('',#9087,#8586,#9307,.T.);
#9307 = LINE('',#9308,#9309);
#9308 = CARTESIAN_POINT('',(3.6,0.88287232356,-0.61));
#9309 = VECTOR('',#9310,1.);
#9310 = DIRECTION('',(0.,-1.,-4.517509052023E-16));
#9311 = PLANE('',#9312);
#9312 = AXIS2_PLACEMENT_3D('',#9313,#9314,#9315);
#9313 = CARTESIAN_POINT('',(3.6,1.47,-3.66));
#9314 = DIRECTION('',(1.,0.,0.));
#9315 = DIRECTION('',(-0.,0.,1.));
#9316 = ADVANCED_FACE('',(#9317),#9328,.F.);
#9317 = FACE_BOUND('',#9318,.T.);
#9318 = EDGE_LOOP('',(#9319,#9320,#9321,#9327));
#9319 = ORIENTED_EDGE('',*,*,#7689,.F.);
#9320 = ORIENTED_EDGE('',*,*,#8912,.T.);
#9321 = ORIENTED_EDGE('',*,*,#9322,.F.);
#9322 = EDGE_CURVE('',#8477,#8905,#9323,.T.);
#9323 = LINE('',#9324,#9325);
#9324 = CARTESIAN_POINT('',(1.6,0.88287232356,-0.61));
#9325 = VECTOR('',#9326,1.);
#9326 = DIRECTION('',(-1.,0.,0.));
#9327 = ORIENTED_EDGE('',*,*,#8476,.F.);
#9328 = PLANE('',#9329);
#9329 = AXIS2_PLACEMENT_3D('',#9330,#9331,#9332);
#9330 = CARTESIAN_POINT('',(1.6,0.88287232356,-3.66));
#9331 = DIRECTION('',(0.,-1.,-1.066428366379E-16));
#9332 = DIRECTION('',(0.,1.066428366379E-16,-1.));
#9333 = ADVANCED_FACE('',(#9334),#9340,.F.);
#9334 = FACE_BOUND('',#9335,.T.);
#9335 = EDGE_LOOP('',(#9336,#9337,#9338,#9339));
#9336 = ORIENTED_EDGE('',*,*,#7361,.F.);
#9337 = ORIENTED_EDGE('',*,*,#8263,.F.);
#9338 = ORIENTED_EDGE('',*,*,#8339,.T.);
#9339 = ORIENTED_EDGE('',*,*,#8305,.T.);
#9340 = PLANE('',#9341);
#9341 = AXIS2_PLACEMENT_3D('',#9342,#9343,#9344);
#9342 = CARTESIAN_POINT('',(1.6,1.17,-0.8));
#9343 = DIRECTION('',(0.,1.,0.));
#9344 = DIRECTION('',(0.,-0.,1.));
#9345 = ADVANCED_FACE('',(#9346),#9357,.F.);
#9346 = FACE_BOUND('',#9347,.T.);
#9347 = EDGE_LOOP('',(#9348,#9349,#9350,#9356));
#9348 = ORIENTED_EDGE('',*,*,#7579,.F.);
#9349 = ORIENTED_EDGE('',*,*,#9070,.F.);
#9350 = ORIENTED_EDGE('',*,*,#9351,.F.);
#9351 = EDGE_CURVE('',#8734,#9063,#9352,.T.);
#9352 = LINE('',#9353,#9354);
#9353 = CARTESIAN_POINT('',(-1.6,0.88287232356,-0.61));
#9354 = VECTOR('',#9355,1.);
#9355 = DIRECTION('',(0.,-1.,-4.517509052023E-16));
#9356 = ORIENTED_EDGE('',*,*,#8733,.F.);
#9357 = PLANE('',#9358);
#9358 = AXIS2_PLACEMENT_3D('',#9359,#9360,#9361);
#9359 = CARTESIAN_POINT('',(-1.6,1.47,-3.66));
#9360 = DIRECTION('',(1.,0.,0.));
#9361 = DIRECTION('',(-0.,0.,1.));
#9362 = ADVANCED_FACE('',(#9363),#9381,.F.);
#9363 = FACE_BOUND('',#9364,.T.);
#9364 = EDGE_LOOP('',(#9365,#9366,#9374,#9380));
#9365 = ORIENTED_EDGE('',*,*,#7707,.F.);
#9366 = ORIENTED_EDGE('',*,*,#9367,.F.);
#9367 = EDGE_CURVE('',#9368,#7698,#9370,.T.);
#9368 = VERTEX_POINT('',#9369);
#9369 = CARTESIAN_POINT('',(2.6,0.40287232356,-0.61));
#9370 = LINE('',#9371,#9372);
#9371 = CARTESIAN_POINT('',(2.6,0.40287232356,-0.61));
#9372 = VECTOR('',#9373,1.);
#9373 = DIRECTION('',(0.,2.465795324063E-16,-1.));
#9374 = ORIENTED_EDGE('',*,*,#9375,.T.);
#9375 = EDGE_CURVE('',#9368,#8880,#9376,.T.);
#9376 = LINE('',#9377,#9378);
#9377 = CARTESIAN_POINT('',(2.6,0.40287232356,-0.61));
#9378 = VECTOR('',#9379,1.);
#9379 = DIRECTION('',(-1.,0.,0.));
#9380 = ORIENTED_EDGE('',*,*,#8879,.T.);
#9381 = PLANE('',#9382);
#9382 = AXIS2_PLACEMENT_3D('',#9383,#9384,#9385);
#9383 = CARTESIAN_POINT('',(2.6,0.40287232356,-3.44));
#9384 = DIRECTION('',(0.,1.,0.));
#9385 = DIRECTION('',(0.,-0.,1.));
#9386 = ADVANCED_FACE('',(#9387),#9398,.F.);
#9387 = FACE_BOUND('',#9388,.T.);
#9388 = EDGE_LOOP('',(#9389,#9390,#9391,#9397));
#9389 = ORIENTED_EDGE('',*,*,#7605,.F.);
#9390 = ORIENTED_EDGE('',*,*,#8639,.F.);
#9391 = ORIENTED_EDGE('',*,*,#9392,.T.);
#9392 = EDGE_CURVE('',#8640,#8703,#9393,.T.);
#9393 = LINE('',#9394,#9395);
#9394 = CARTESIAN_POINT('',(-0.4,0.40287232356,-0.61));
#9395 = VECTOR('',#9396,1.);
#9396 = DIRECTION('',(-1.,0.,0.));
#9397 = ORIENTED_EDGE('',*,*,#8702,.T.);
#9398 = PLANE('',#9399);
#9399 = AXIS2_PLACEMENT_3D('',#9400,#9401,#9402);
#9400 = CARTESIAN_POINT('',(-0.4,0.40287232356,-3.44));
#9401 = DIRECTION('',(0.,1.,0.));
#9402 = DIRECTION('',(0.,-0.,1.));
#9403 = ADVANCED_FACE('',(#9404),#9415,.F.);
#9404 = FACE_BOUND('',#9405,.T.);
#9405 = EDGE_LOOP('',(#9406,#9407,#9408,#9414));
#9406 = ORIENTED_EDGE('',*,*,#7775,.F.);
#9407 = ORIENTED_EDGE('',*,*,#9279,.F.);
#9408 = ORIENTED_EDGE('',*,*,#9409,.T.);
#9409 = EDGE_CURVE('',#9280,#9192,#9410,.T.);
#9410 = LINE('',#9411,#9412);
#9411 = CARTESIAN_POINT('',(4.6,0.40287232356,-0.61));
#9412 = VECTOR('',#9413,1.);
#9413 = DIRECTION('',(-1.,0.,0.));
#9414 = ORIENTED_EDGE('',*,*,#9191,.T.);
#9415 = PLANE('',#9416);
#9416 = AXIS2_PLACEMENT_3D('',#9417,#9418,#9419);
#9417 = CARTESIAN_POINT('',(4.6,0.40287232356,-3.44));
#9418 = DIRECTION('',(0.,1.,0.));
#9419 = DIRECTION('',(0.,-0.,1.));
#9420 = ADVANCED_FACE('',(#9421),#9432,.T.);
#9421 = FACE_BOUND('',#9422,.T.);
#9422 = EDGE_LOOP('',(#9423,#9424,#9425,#9426));
#9423 = ORIENTED_EDGE('',*,*,#9367,.T.);
#9424 = ORIENTED_EDGE('',*,*,#7697,.T.);
#9425 = ORIENTED_EDGE('',*,*,#8864,.T.);
#9426 = ORIENTED_EDGE('',*,*,#9427,.T.);
#9427 = EDGE_CURVE('',#8857,#9368,#9428,.T.);
#9428 = LINE('',#9429,#9430);
#9429 = CARTESIAN_POINT('',(2.6,0.88287232356,-0.61));
#9430 = VECTOR('',#9431,1.);
#9431 = DIRECTION('',(0.,-1.,-4.517509052023E-16));
#9432 = PLANE('',#9433);
#9433 = AXIS2_PLACEMENT_3D('',#9434,#9435,#9436);
#9434 = CARTESIAN_POINT('',(2.6,1.47,-3.66));
#9435 = DIRECTION('',(1.,0.,0.));
#9436 = DIRECTION('',(-0.,0.,1.));
#9437 = ADVANCED_FACE('',(#9438),#9456,.F.);
#9438 = FACE_BOUND('',#9439,.T.);
#9439 = EDGE_LOOP('',(#9440,#9441,#9449,#9455));
#9440 = ORIENTED_EDGE('',*,*,#7655,.F.);
#9441 = ORIENTED_EDGE('',*,*,#9442,.T.);
#9442 = EDGE_CURVE('',#7648,#9443,#9445,.T.);
#9443 = VERTEX_POINT('',#9444);
#9444 = CARTESIAN_POINT('',(0.4,0.88287232356,-0.61));
#9445 = LINE('',#9446,#9447);
#9446 = CARTESIAN_POINT('',(0.4,0.88287232356,-3.66));
#9447 = VECTOR('',#9448,1.);
#9448 = DIRECTION('',(0.,-1.066428366379E-16,1.));
#9449 = ORIENTED_EDGE('',*,*,#9450,.F.);
#9450 = EDGE_CURVE('',#8618,#9443,#9451,.T.);
#9451 = LINE('',#9452,#9453);
#9452 = CARTESIAN_POINT('',(0.6,0.88287232356,-0.61));
#9453 = VECTOR('',#9454,1.);
#9454 = DIRECTION('',(-1.,0.,0.));
#9455 = ORIENTED_EDGE('',*,*,#8617,.F.);
#9456 = PLANE('',#9457);
#9457 = AXIS2_PLACEMENT_3D('',#9458,#9459,#9460);
#9458 = CARTESIAN_POINT('',(0.6,0.88287232356,-3.66));
#9459 = DIRECTION('',(0.,-1.,-1.066428366379E-16));
#9460 = DIRECTION('',(0.,1.066428366379E-16,-1.));
#9461 = ADVANCED_FACE('',(#9462),#9473,.F.);
#9462 = FACE_BOUND('',#9463,.T.);
#9463 = EDGE_LOOP('',(#9464,#9465,#9466,#9472));
#9464 = ORIENTED_EDGE('',*,*,#7503,.F.);
#9465 = ORIENTED_EDGE('',*,*,#8926,.F.);
#9466 = ORIENTED_EDGE('',*,*,#9467,.T.);
#9467 = EDGE_CURVE('',#8927,#9257,#9468,.T.);
#9468 = LINE('',#9469,#9470);
#9469 = CARTESIAN_POINT('',(-3.4,0.40287232356,-0.61));
#9470 = VECTOR('',#9471,1.);
#9471 = DIRECTION('',(-1.,0.,0.));
#9472 = ORIENTED_EDGE('',*,*,#9256,.T.);
#9473 = PLANE('',#9474);
#9474 = AXIS2_PLACEMENT_3D('',#9475,#9476,#9477);
#9475 = CARTESIAN_POINT('',(-3.4,0.40287232356,-3.44));
#9476 = DIRECTION('',(0.,1.,0.));
#9477 = DIRECTION('',(0.,-0.,1.));
#9478 = ADVANCED_FACE('',(#9479),#9485,.F.);
#9479 = FACE_BOUND('',#9480,.T.);
#9480 = EDGE_LOOP('',(#9481,#9482,#9483,#9484));
#9481 = ORIENTED_EDGE('',*,*,#7315,.F.);
#9482 = ORIENTED_EDGE('',*,*,#8157,.F.);
#9483 = ORIENTED_EDGE('',*,*,#8175,.T.);
#9484 = ORIENTED_EDGE('',*,*,#7966,.T.);
#9485 = PLANE('',#9486);
#9486 = AXIS2_PLACEMENT_3D('',#9487,#9488,#9489);
#9487 = CARTESIAN_POINT('',(3.6,1.17,-0.8));
#9488 = DIRECTION('',(0.,1.,0.));
#9489 = DIRECTION('',(0.,-0.,1.));
#9490 = ADVANCED_FACE('',(#9491),#9502,.F.);
#9491 = FACE_BOUND('',#9492,.T.);
#9492 = EDGE_LOOP('',(#9493,#9494,#9495,#9501));
#9493 = ORIENTED_EDGE('',*,*,#7647,.F.);
#9494 = ORIENTED_EDGE('',*,*,#9224,.F.);
#9495 = ORIENTED_EDGE('',*,*,#9496,.F.);
#9496 = EDGE_CURVE('',#9443,#9217,#9497,.T.);
#9497 = LINE('',#9498,#9499);
#9498 = CARTESIAN_POINT('',(0.4,0.88287232356,-0.61));
#9499 = VECTOR('',#9500,1.);
#9500 = DIRECTION('',(0.,-1.,-4.517509052023E-16));
#9501 = ORIENTED_EDGE('',*,*,#9442,.F.);
#9502 = PLANE('',#9503);
#9503 = AXIS2_PLACEMENT_3D('',#9504,#9505,#9506);
#9504 = CARTESIAN_POINT('',(0.4,1.47,-3.66));
#9505 = DIRECTION('',(1.,0.,0.));
#9506 = DIRECTION('',(-0.,0.,1.));
#9507 = ADVANCED_FACE('',(#9508),#9514,.F.);
#9508 = FACE_BOUND('',#9509,.T.);
#9509 = EDGE_LOOP('',(#9510,#9511,#9512,#9513));
#9510 = ORIENTED_EDGE('',*,*,#7476,.F.);
#9511 = ORIENTED_EDGE('',*,*,#8440,.F.);
#9512 = ORIENTED_EDGE('',*,*,#7911,.T.);
#9513 = ORIENTED_EDGE('',*,*,#7863,.T.);
#9514 = PLANE('',#9515);
#9515 = AXIS2_PLACEMENT_3D('',#9516,#9517,#9518);
#9516 = CARTESIAN_POINT('',(-3.4,1.17,-0.8));
#9517 = DIRECTION('',(0.,1.,0.));
#9518 = DIRECTION('',(0.,-0.,1.));
#9519 = ADVANCED_FACE('',(#9520),#9526,.F.);
#9520 = FACE_BOUND('',#9521,.T.);
#9521 = EDGE_LOOP('',(#9522,#9523,#9524,#9525));
#9522 = ORIENTED_EDGE('',*,*,#7407,.F.);
#9523 = ORIENTED_EDGE('',*,*,#7838,.F.);
#9524 = ORIENTED_EDGE('',*,*,#8192,.T.);
#9525 = ORIENTED_EDGE('',*,*,#8093,.T.);
#9526 = PLANE('',#9527);
#9527 = AXIS2_PLACEMENT_3D('',#9528,#9529,#9530);
#9528 = CARTESIAN_POINT('',(-0.4,1.17,-0.8));
#9529 = DIRECTION('',(0.,1.,0.));
#9530 = DIRECTION('',(0.,-0.,1.));
#9531 = ADVANCED_FACE('',(#9532),#9538,.F.);
#9532 = FACE_BOUND('',#9533,.T.);
#9533 = EDGE_LOOP('',(#9534,#9535,#9536,#9537));
#9534 = ORIENTED_EDGE('',*,*,#8904,.T.);
#9535 = ORIENTED_EDGE('',*,*,#8765,.F.);
#9536 = ORIENTED_EDGE('',*,*,#8484,.F.);
#9537 = ORIENTED_EDGE('',*,*,#9322,.T.);
#9538 = PLANE('',#9539);
#9539 = AXIS2_PLACEMENT_3D('',#9540,#9541,#9542);
#9540 = CARTESIAN_POINT('',(1.6,0.88287232356,-0.61));
#9541 = DIRECTION('',(0.,4.517509052023E-16,-1.));
#9542 = DIRECTION('',(0.,-1.,-4.517509052023E-16));
#9543 = ADVANCED_FACE('',(#9544),#9550,.F.);
#9544 = FACE_BOUND('',#9545,.T.);
#9545 = EDGE_LOOP('',(#9546,#9547,#9548,#9549));
#9546 = ORIENTED_EDGE('',*,*,#8538,.T.);
#9547 = ORIENTED_EDGE('',*,*,#8820,.F.);
#9548 = ORIENTED_EDGE('',*,*,#9152,.F.);
#9549 = ORIENTED_EDGE('',*,*,#8507,.T.);
#9550 = PLANE('',#9551);
#9551 = AXIS2_PLACEMENT_3D('',#9552,#9553,#9554);
#9552 = CARTESIAN_POINT('',(-2.4,0.88287232356,-0.61));
#9553 = DIRECTION('',(0.,4.517509052023E-16,-1.));
#9554 = DIRECTION('',(0.,-1.,-4.517509052023E-16));
#9555 = ADVANCED_FACE('',(#9556),#9562,.F.);
#9556 = FACE_BOUND('',#9557,.T.);
#9557 = EDGE_LOOP('',(#9558,#9559,#9560,#9561));
#9558 = ORIENTED_EDGE('',*,*,#8562,.T.);
#9559 = ORIENTED_EDGE('',*,*,#8593,.F.);
#9560 = ORIENTED_EDGE('',*,*,#9306,.F.);
#9561 = ORIENTED_EDGE('',*,*,#9086,.T.);
#9562 = PLANE('',#9563);
#9563 = AXIS2_PLACEMENT_3D('',#9564,#9565,#9566);
#9564 = CARTESIAN_POINT('',(3.6,0.88287232356,-0.61));
#9565 = DIRECTION('',(0.,4.517509052023E-16,-1.));
#9566 = DIRECTION('',(0.,-1.,-4.517509052023E-16));
#9567 = ADVANCED_FACE('',(#9568),#9574,.F.);
#9568 = FACE_BOUND('',#9569,.T.);
#9569 = EDGE_LOOP('',(#9570,#9571,#9572,#9573));
#9570 = ORIENTED_EDGE('',*,*,#9496,.T.);
#9571 = ORIENTED_EDGE('',*,*,#9216,.F.);
#9572 = ORIENTED_EDGE('',*,*,#8625,.F.);
#9573 = ORIENTED_EDGE('',*,*,#9450,.T.);
#9574 = PLANE('',#9575);
#9575 = AXIS2_PLACEMENT_3D('',#9576,#9577,#9578);
#9576 = CARTESIAN_POINT('',(0.6,0.88287232356,-0.61));
#9577 = DIRECTION('',(0.,4.517509052023E-16,-1.));
#9578 = DIRECTION('',(0.,-1.,-4.517509052023E-16));
#9579 = ADVANCED_FACE('',(#9580),#9586,.F.);
#9580 = FACE_BOUND('',#9581,.T.);
#9581 = EDGE_LOOP('',(#9582,#9583,#9584,#9585));
#9582 = ORIENTED_EDGE('',*,*,#8710,.T.);
#9583 = ORIENTED_EDGE('',*,*,#9392,.F.);
#9584 = ORIENTED_EDGE('',*,*,#8656,.F.);
#9585 = ORIENTED_EDGE('',*,*,#9240,.T.);
#9586 = PLANE('',#9587);
#9587 = AXIS2_PLACEMENT_3D('',#9588,#9589,#9590);
#9588 = CARTESIAN_POINT('',(-0.4,0.88287232356,-0.61));
#9589 = DIRECTION('',(0.,4.517509052023E-16,-1.));
#9590 = DIRECTION('',(0.,-1.,-4.517509052023E-16));
#9591 = ADVANCED_FACE('',(#9592),#9598,.F.);
#9592 = FACE_BOUND('',#9593,.T.);
#9593 = EDGE_LOOP('',(#9594,#9595,#9596,#9597));
#9594 = ORIENTED_EDGE('',*,*,#8971,.T.);
#9595 = ORIENTED_EDGE('',*,*,#8679,.F.);
#9596 = ORIENTED_EDGE('',*,*,#9046,.F.);
#9597 = ORIENTED_EDGE('',*,*,#9134,.T.);
#9598 = PLANE('',#9599);
#9599 = AXIS2_PLACEMENT_3D('',#9600,#9601,#9602);
#9600 = CARTESIAN_POINT('',(-4.4,0.88287232356,-0.61));
#9601 = DIRECTION('',(0.,4.517509052023E-16,-1.));
#9602 = DIRECTION('',(0.,-1.,-4.517509052023E-16));
#9603 = ADVANCED_FACE('',(#9604),#9610,.F.);
#9604 = FACE_BOUND('',#9605,.T.);
#9605 = EDGE_LOOP('',(#9606,#9607,#9608,#9609));
#9606 = ORIENTED_EDGE('',*,*,#9351,.T.);
#9607 = ORIENTED_EDGE('',*,*,#9062,.F.);
#9608 = ORIENTED_EDGE('',*,*,#8797,.F.);
#9609 = ORIENTED_EDGE('',*,*,#8741,.T.);
#9610 = PLANE('',#9611);
#9611 = AXIS2_PLACEMENT_3D('',#9612,#9613,#9614);
#9612 = CARTESIAN_POINT('',(-1.4,0.88287232356,-0.61));
#9613 = DIRECTION('',(0.,4.517509052023E-16,-1.));
#9614 = DIRECTION('',(0.,-1.,-4.517509052023E-16));
#9615 = ADVANCED_FACE('',(#9616),#9622,.F.);
#9616 = FACE_BOUND('',#9617,.T.);
#9617 = EDGE_LOOP('',(#9618,#9619,#9620,#9621));
#9618 = ORIENTED_EDGE('',*,*,#8887,.T.);
#9619 = ORIENTED_EDGE('',*,*,#9375,.F.);
#9620 = ORIENTED_EDGE('',*,*,#9427,.F.);
#9621 = ORIENTED_EDGE('',*,*,#8856,.T.);
#9622 = PLANE('',#9623);
#9623 = AXIS2_PLACEMENT_3D('',#9624,#9625,#9626);
#9624 = CARTESIAN_POINT('',(2.6,0.88287232356,-0.61));
#9625 = DIRECTION('',(0.,4.517509052023E-16,-1.));
#9626 = DIRECTION('',(0.,-1.,-4.517509052023E-16));
#9627 = ADVANCED_FACE('',(#9628),#9634,.F.);
#9628 = FACE_BOUND('',#9629,.T.);
#9629 = EDGE_LOOP('',(#9630,#9631,#9632,#9633));
#9630 = ORIENTED_EDGE('',*,*,#9264,.T.);
#9631 = ORIENTED_EDGE('',*,*,#9467,.F.);
#9632 = ORIENTED_EDGE('',*,*,#8943,.F.);
#9633 = ORIENTED_EDGE('',*,*,#9175,.T.);
#9634 = PLANE('',#9635);
#9635 = AXIS2_PLACEMENT_3D('',#9636,#9637,#9638);
#9636 = CARTESIAN_POINT('',(-3.4,0.88287232356,-0.61));
#9637 = DIRECTION('',(0.,4.517509052023E-16,-1.));
#9638 = DIRECTION('',(0.,-1.,-4.517509052023E-16));
#9639 = ADVANCED_FACE('',(#9640),#9646,.F.);
#9640 = FACE_BOUND('',#9641,.T.);
#9641 = EDGE_LOOP('',(#9642,#9643,#9644,#9645));
#9642 = ORIENTED_EDGE('',*,*,#9199,.T.);
#9643 = ORIENTED_EDGE('',*,*,#9409,.F.);
#9644 = ORIENTED_EDGE('',*,*,#9289,.F.);
#9645 = ORIENTED_EDGE('',*,*,#9002,.T.);
#9646 = PLANE('',#9647);
#9647 = AXIS2_PLACEMENT_3D('',#9648,#9649,#9650);
#9648 = CARTESIAN_POINT('',(4.6,0.88287232356,-0.61));
#9649 = DIRECTION('',(0.,4.517509052023E-16,-1.));
#9650 = DIRECTION('',(0.,-1.,-4.517509052023E-16));
#9651 = ( GEOMETRIC_REPRESENTATION_CONTEXT(3) 
GLOBAL_UNCERTAINTY_ASSIGNED_CONTEXT((#9655)) 
GLOBAL_UNIT_ASSIGNED_CONTEXT((#9652,#9653,#9654)) REPRESENTATION_CONTEXT
('Context #1','3D Context with UNIT and UNCERTAINTY') );
#9652 = ( LENGTH_UNIT() NAMED_UNIT(*) SI_UNIT(.MILLI.,.METRE.) );
#9653 = ( NAMED_UNIT(*) PLANE_ANGLE_UNIT() SI_UNIT($,.RADIAN.) );
#9654 = ( NAMED_UNIT(*) SI_UNIT($,.STERADIAN.) SOLID_ANGLE_UNIT() );
#9655 = UNCERTAINTY_MEASURE_WITH_UNIT(LENGTH_MEASURE(1.E-07),#9652,
  'distance_accuracy_value','confusion accuracy');
#9656 = SHAPE_DEFINITION_REPRESENTATION(#9657,#2508);
#9657 = PRODUCT_DEFINITION_SHAPE('','',#9658);
#9658 = PRODUCT_DEFINITION('design','',#9659,#9662);
#9659 = PRODUCT_DEFINITION_FORMATION('','',#9660);
#9660 = PRODUCT('SM10B-SHLS','SM10B-SHLS','',(#9661));
#9661 = PRODUCT_CONTEXT('',#2,'mechanical');
#9662 = PRODUCT_DEFINITION_CONTEXT('part definition',#2,'design');
#9663 = CONTEXT_DEPENDENT_SHAPE_REPRESENTATION(#9664,#9666);
#9664 = ( REPRESENTATION_RELATIONSHIP('','',#2508,#2498) 
REPRESENTATION_RELATIONSHIP_WITH_TRANSFORMATION(#9665) 
SHAPE_REPRESENTATION_RELATIONSHIP() );
#9665 = ITEM_DEFINED_TRANSFORMATION('','',#11,#2499);
#9666 = PRODUCT_DEFINITION_SHAPE('Placement','Placement of an item',
  #9667);
#9667 = NEXT_ASSEMBLY_USAGE_OCCURRENCE('5','','',#2493,#9658,$);
#9668 = PRODUCT_RELATED_PRODUCT_CATEGORY('part',$,(#9660));
#9669 = CONTEXT_DEPENDENT_SHAPE_REPRESENTATION(#9670,#9672);
#9670 = ( REPRESENTATION_RELATIONSHIP('','',#2498,#10) 
REPRESENTATION_RELATIONSHIP_WITH_TRANSFORMATION(#9671) 
SHAPE_REPRESENTATION_RELATIONSHIP() );
#9671 = ITEM_DEFINED_TRANSFORMATION('','',#11,#23);
#9672 = PRODUCT_DEFINITION_SHAPE('Placement','Placement of an item',
  #9673);
#9673 = NEXT_ASSEMBLY_USAGE_OCCURRENCE('6','','',#5,#2493,$);
#9674 = PRODUCT_RELATED_PRODUCT_CATEGORY('part',$,(#2495));
#9675 = SHAPE_DEFINITION_REPRESENTATION(#9676,#9682);
#9676 = PRODUCT_DEFINITION_SHAPE('','',#9677);
#9677 = PRODUCT_DEFINITION('design','',#9678,#9681);
#9678 = PRODUCT_DEFINITION_FORMATION('','',#9679);
#9679 = PRODUCT('J1','J1','',(#9680));
#9680 = PRODUCT_CONTEXT('',#2,'mechanical');
#9681 = PRODUCT_DEFINITION_CONTEXT('part definition',#2,'design');
#9682 = SHAPE_REPRESENTATION('',(#11,#9683),#9687);
#9683 = AXIS2_PLACEMENT_3D('',#9684,#9685,#9686);
#9684 = CARTESIAN_POINT('',(3.540989472852,2.539996626172,0.));
#9685 = DIRECTION('',(0.,-0.,1.));
#9686 = DIRECTION('',(1.,1.748455531469E-07,0.));
#9687 = ( GEOMETRIC_REPRESENTATION_CONTEXT(3) 
GLOBAL_UNCERTAINTY_ASSIGNED_CONTEXT((#9691)) 
GLOBAL_UNIT_ASSIGNED_CONTEXT((#9688,#9689,#9690)) REPRESENTATION_CONTEXT
('Context #1','3D Context with UNIT and UNCERTAINTY') );
#9688 = ( LENGTH_UNIT() NAMED_UNIT(*) SI_UNIT(.MILLI.,.METRE.) );
#9689 = ( NAMED_UNIT(*) PLANE_ANGLE_UNIT() SI_UNIT($,.RADIAN.) );
#9690 = ( NAMED_UNIT(*) SI_UNIT($,.STERADIAN.) SOLID_ANGLE_UNIT() );
#9691 = UNCERTAINTY_MEASURE_WITH_UNIT(LENGTH_MEASURE(2.E-05),#9688,
  'distance_accuracy_value','confusion accuracy');
#9692 = SHAPE_DEFINITION_REPRESENTATION(#9693,#9699);
#9693 = PRODUCT_DEFINITION_SHAPE('','',#9694);
#9694 = PRODUCT_DEFINITION('design','',#9695,#9698);
#9695 = PRODUCT_DEFINITION_FORMATION('','',#9696);
#9696 = PRODUCT('Conn_HIROSE_U_FL-R-SMT-1_10_eec',
  'Conn_HIROSE_U_FL-R-SMT-1_10_eec','',(#9697));
#9697 = PRODUCT_CONTEXT('',#2,'mechanical');
#9698 = PRODUCT_DEFINITION_CONTEXT('part definition',#2,'design');
#9699 = SHAPE_REPRESENTATION('',(#11,#9700),#9704);
#9700 = AXIS2_PLACEMENT_3D('',#9701,#9702,#9703);
#9701 = CARTESIAN_POINT('',(-55.238908,-1.1,22.495721));
#9702 = DIRECTION('',(-0.,1.,0.));
#9703 = DIRECTION('',(1.,0.,0.));
#9704 = ( GEOMETRIC_REPRESENTATION_CONTEXT(3) 
GLOBAL_UNCERTAINTY_ASSIGNED_CONTEXT((#9708)) 
GLOBAL_UNIT_ASSIGNED_CONTEXT((#9705,#9706,#9707)) REPRESENTATION_CONTEXT
('Context #1','3D Context with UNIT and UNCERTAINTY') );
#9705 = ( LENGTH_UNIT() NAMED_UNIT(*) SI_UNIT(.MILLI.,.METRE.) );
#9706 = ( NAMED_UNIT(*) PLANE_ANGLE_UNIT() SI_UNIT($,.RADIAN.) );
#9707 = ( NAMED_UNIT(*) SI_UNIT($,.STERADIAN.) SOLID_ANGLE_UNIT() );
#9708 = UNCERTAINTY_MEASURE_WITH_UNIT(LENGTH_MEASURE(2.E-05),#9705,
  'distance_accuracy_value','confusion accuracy');
#9709 = SHAPE_DEFINITION_REPRESENTATION(#9710,#9716);
#9710 = PRODUCT_DEFINITION_SHAPE('','',#9711);
#9711 = PRODUCT_DEFINITION('design','',#9712,#9715);
#9712 = PRODUCT_DEFINITION_FORMATION('','',#9713);
#9713 = PRODUCT('1','1','',(#9714));
#9714 = PRODUCT_CONTEXT('',#2,'mechanical');
#9715 = PRODUCT_DEFINITION_CONTEXT('part definition',#2,'design');
#9716 = SHAPE_REPRESENTATION('',(#11,#9717,#9721,#9725,#9729,#9733,#9737
    ,#9741,#9745),#9749);
#9717 = AXIS2_PLACEMENT_3D('',#9718,#9719,#9720);
#9718 = CARTESIAN_POINT('',(0.,0.,0.));
#9719 = DIRECTION('',(0.,0.,1.));
#9720 = DIRECTION('',(1.,0.,0.));
#9721 = AXIS2_PLACEMENT_3D('',#9722,#9723,#9724);
#9722 = CARTESIAN_POINT('',(0.,0.,0.));
#9723 = DIRECTION('',(0.,0.,1.));
#9724 = DIRECTION('',(1.,0.,0.));
#9725 = AXIS2_PLACEMENT_3D('',#9726,#9727,#9728);
#9726 = CARTESIAN_POINT('',(0.,0.,0.));
#9727 = DIRECTION('',(0.,0.,1.));
#9728 = DIRECTION('',(1.,0.,0.));
#9729 = AXIS2_PLACEMENT_3D('',#9730,#9731,#9732);
#9730 = CARTESIAN_POINT('',(0.,0.,0.));
#9731 = DIRECTION('',(0.,0.,1.));
#9732 = DIRECTION('',(1.,0.,0.));
#9733 = AXIS2_PLACEMENT_3D('',#9734,#9735,#9736);
#9734 = CARTESIAN_POINT('',(0.,0.,0.));
#9735 = DIRECTION('',(0.,0.,1.));
#9736 = DIRECTION('',(1.,0.,0.));
#9737 = AXIS2_PLACEMENT_3D('',#9738,#9739,#9740);
#9738 = CARTESIAN_POINT('',(0.,0.,0.));
#9739 = DIRECTION('',(0.,0.,1.));
#9740 = DIRECTION('',(1.,0.,0.));
#9741 = AXIS2_PLACEMENT_3D('',#9742,#9743,#9744);
#9742 = CARTESIAN_POINT('',(-7.122344785103,22.154721,70.414328810741));
#9743 = DIRECTION('',(0.,-1.,0.));
#9744 = DIRECTION('',(1.,0.,0.));
#9745 = AXIS2_PLACEMENT_3D('',#9746,#9747,#9748);
#9746 = CARTESIAN_POINT('',(0.,0.,0.));
#9747 = DIRECTION('',(0.,0.,1.));
#9748 = DIRECTION('',(1.,0.,0.));
#9749 = ( GEOMETRIC_REPRESENTATION_CONTEXT(3) 
GLOBAL_UNCERTAINTY_ASSIGNED_CONTEXT((#9753)) 
GLOBAL_UNIT_ASSIGNED_CONTEXT((#9750,#9751,#9752)) REPRESENTATION_CONTEXT
('Context #1','3D Context with UNIT and UNCERTAINTY') );
#9750 = ( LENGTH_UNIT() NAMED_UNIT(*) SI_UNIT(.MILLI.,.METRE.) );
#9751 = ( NAMED_UNIT(*) PLANE_ANGLE_UNIT() SI_UNIT($,.RADIAN.) );
#9752 = ( NAMED_UNIT(*) SI_UNIT($,.STERADIAN.) SOLID_ANGLE_UNIT() );
#9753 = UNCERTAINTY_MEASURE_WITH_UNIT(LENGTH_MEASURE(2.E-05),#9750,
  'distance_accuracy_value','confusion accuracy');
#9754 = ADVANCED_BREP_SHAPE_REPRESENTATION('',(#11,#9755),#9893);
#9755 = MANIFOLD_SOLID_BREP('',#9756);
#9756 = CLOSED_SHELL('',(#9757,#9785,#9802,#9826,#9883));
#9757 = ADVANCED_FACE('',(#9758,#9769),#9780,.T.);
#9758 = FACE_BOUND('',#9759,.T.);
#9759 = EDGE_LOOP('',(#9760));
#9760 = ORIENTED_EDGE('',*,*,#9761,.T.);
#9761 = EDGE_CURVE('',#9762,#9762,#9764,.T.);
#9762 = VERTEX_POINT('',#9763);
#9763 = CARTESIAN_POINT('',(54.988908,22.045721,1.1));
#9764 = CIRCLE('',#9765,0.25);
#9765 = AXIS2_PLACEMENT_3D('',#9766,#9767,#9768);
#9766 = CARTESIAN_POINT('',(55.238908,22.045721,1.1));
#9767 = DIRECTION('',(-0.,1.,0.));
#9768 = DIRECTION('',(1.,0.,0.));
#9769 = FACE_BOUND('',#9770,.T.);
#9770 = EDGE_LOOP('',(#9771));
#9771 = ORIENTED_EDGE('',*,*,#9772,.T.);
#9772 = EDGE_CURVE('',#9773,#9773,#9775,.T.);
#9773 = VERTEX_POINT('',#9774);
#9774 = CARTESIAN_POINT('',(55.238582991884,22.045721,1.1));
#9775 = CIRCLE('',#9776,3.250081158851E-04);
#9776 = AXIS2_PLACEMENT_3D('',#9777,#9778,#9779);
#9777 = CARTESIAN_POINT('',(55.238908,22.045721,1.1));
#9778 = DIRECTION('',(0.,-1.,0.));
#9779 = DIRECTION('',(1.,0.,0.));
#9780 = PLANE('',#9781);
#9781 = AXIS2_PLACEMENT_3D('',#9782,#9783,#9784);
#9782 = CARTESIAN_POINT('',(55.238908,22.045721,1.1));
#9783 = DIRECTION('',(0.,1.,0.));
#9784 = DIRECTION('',(0.,-0.,1.));
#9785 = ADVANCED_FACE('',(#9786),#9797,.F.);
#9786 = FACE_BOUND('',#9787,.F.);
#9787 = EDGE_LOOP('',(#9788,#9789,#9796));
#9788 = ORIENTED_EDGE('',*,*,#9772,.T.);
#9789 = ORIENTED_EDGE('',*,*,#9790,.F.);
#9790 = EDGE_CURVE('',#9791,#9773,#9793,.T.);
#9791 = VERTEX_POINT('',#9792);
#9792 = CARTESIAN_POINT('',(55.238908,21.245721,1.1));
#9793 = B_SPLINE_CURVE_WITH_KNOTS('',1,(#9794,#9795),.UNSPECIFIED.,.F.,
  .F.,(2,2),(-0.150550476303,0.649449589716),.PIECEWISE_BEZIER_KNOTS.);
#9794 = CARTESIAN_POINT('',(55.238908,21.245721,1.1));
#9795 = CARTESIAN_POINT('',(55.238582991884,22.045721,1.1));
#9796 = ORIENTED_EDGE('',*,*,#9790,.T.);
#9797 = CONICAL_SURFACE('',#9798,6.116265326384E-05,4.062601225057E-04);
#9798 = AXIS2_PLACEMENT_3D('',#9799,#9800,#9801);
#9799 = CARTESIAN_POINT('',(55.238908,21.396271463879,1.1));
#9800 = DIRECTION('',(0.,1.,0.));
#9801 = DIRECTION('',(1.,0.,0.));
#9802 = ADVANCED_FACE('',(#9803),#9821,.T.);
#9803 = FACE_BOUND('',#9804,.T.);
#9804 = EDGE_LOOP('',(#9805,#9814,#9819,#9820));
#9805 = ORIENTED_EDGE('',*,*,#9806,.T.);
#9806 = EDGE_CURVE('',#9807,#9807,#9809,.T.);
#9807 = VERTEX_POINT('',#9808);
#9808 = CARTESIAN_POINT('',(54.988908,21.465721,1.1));
#9809 = CIRCLE('',#9810,0.25);
#9810 = AXIS2_PLACEMENT_3D('',#9811,#9812,#9813);
#9811 = CARTESIAN_POINT('',(55.238908,21.465721,1.1));
#9812 = DIRECTION('',(-0.,1.,0.));
#9813 = DIRECTION('',(1.,0.,0.));
#9814 = ORIENTED_EDGE('',*,*,#9815,.T.);
#9815 = EDGE_CURVE('',#9807,#9762,#9816,.T.);
#9816 = B_SPLINE_CURVE_WITH_KNOTS('',1,(#9817,#9818),.UNSPECIFIED.,.F.,
  .F.,(2,2),(-0.33,0.25),.PIECEWISE_BEZIER_KNOTS.);
#9817 = CARTESIAN_POINT('',(54.988908,21.465721,1.1));
#9818 = CARTESIAN_POINT('',(54.988908,22.045721,1.1));
#9819 = ORIENTED_EDGE('',*,*,#9761,.F.);
#9820 = ORIENTED_EDGE('',*,*,#9815,.F.);
#9821 = CYLINDRICAL_SURFACE('',#9822,0.25);
#9822 = AXIS2_PLACEMENT_3D('',#9823,#9824,#9825);
#9823 = CARTESIAN_POINT('',(55.238908,21.795721,1.1));
#9824 = DIRECTION('',(0.,1.,0.));
#9825 = DIRECTION('',(1.,0.,0.));
#9826 = ADVANCED_FACE('',(#9827),#9855,.F.);
#9827 = FACE_BOUND('',#9828,.F.);
#9828 = EDGE_LOOP('',(#9829,#9837,#9846,#9853,#9854));
#9829 = ORIENTED_EDGE('',*,*,#9830,.T.);
#9830 = EDGE_CURVE('',#9807,#9831,#9833,.T.);
#9831 = VERTEX_POINT('',#9832);
#9832 = CARTESIAN_POINT('',(55.208908,21.245721,1.1));
#9833 = ( BOUNDED_CURVE() B_SPLINE_CURVE(2,(#9834,#9835,#9836),
.UNSPECIFIED.,.F.,.F.) B_SPLINE_CURVE_WITH_KNOTS((3,3),(0.,
1.570796326795),.PIECEWISE_BEZIER_KNOTS.) CURVE() 
GEOMETRIC_REPRESENTATION_ITEM() RATIONAL_B_SPLINE_CURVE((1.,
0.707106781187,1.)) REPRESENTATION_ITEM('') );
#9834 = CARTESIAN_POINT('',(54.988908,21.465721,1.1));
#9835 = CARTESIAN_POINT('',(54.988908,21.245721,1.1));
#9836 = CARTESIAN_POINT('',(55.208908,21.245721,1.1));
#9837 = ORIENTED_EDGE('',*,*,#9838,.F.);
#9838 = EDGE_CURVE('',#9839,#9831,#9841,.T.);
#9839 = VERTEX_POINT('',#9840);
#9840 = CARTESIAN_POINT('',(55.268908,21.245721,1.1));
#9841 = CIRCLE('',#9842,3.E-02);
#9842 = AXIS2_PLACEMENT_3D('',#9843,#9844,#9845);
#9843 = CARTESIAN_POINT('',(55.238908,21.245721,1.1));
#9844 = DIRECTION('',(-0.,1.,0.));
#9845 = DIRECTION('',(1.,0.,0.));
#9846 = ORIENTED_EDGE('',*,*,#9847,.F.);
#9847 = EDGE_CURVE('',#9831,#9839,#9848,.T.);
#9848 = CIRCLE('',#9849,3.E-02);
#9849 = AXIS2_PLACEMENT_3D('',#9850,#9851,#9852);
#9850 = CARTESIAN_POINT('',(55.238908,21.245721,1.1));
#9851 = DIRECTION('',(-0.,1.,0.));
#9852 = DIRECTION('',(1.,0.,0.));
#9853 = ORIENTED_EDGE('',*,*,#9830,.F.);
#9854 = ORIENTED_EDGE('',*,*,#9806,.T.);
#9855 = ( BOUNDED_SURFACE() B_SPLINE_SURFACE(2,2,(
    (#9856,#9857,#9858,#9859,#9860,#9861,#9862,#9863,#9864)
    ,(#9865,#9866,#9867,#9868,#9869,#9870,#9871,#9872,#9873)
    ,(#9874,#9875,#9876,#9877,#9878,#9879,#9880,#9881,#9882
)),.UNSPECIFIED.,.F.,.T.,.F.) B_SPLINE_SURFACE_WITH_KNOTS((3,3),(1,2,2,2
    ,2,2,1),(-1.570796326795,0.),(-4.712388980385,-3.14159265359,
    -1.570796326795,0.,1.570796326795,3.14159265359,4.712388980385),
.UNSPECIFIED.) GEOMETRIC_REPRESENTATION_ITEM() RATIONAL_B_SPLINE_SURFACE
((
    (1.,0.707106781187,1.,0.707106781187,1.,0.707106781187,1.
      ,0.707106781187,1.)
    ,(0.707106781187,0.5,0.707106781187,0.5,0.707106781187,0.5
      ,0.707106781187,0.5,0.707106781187)
    ,(1.,0.707106781187,1.,0.707106781187,1.,0.707106781187,1.
,0.707106781187,1.))) REPRESENTATION_ITEM('') SURFACE() );
#9856 = CARTESIAN_POINT('',(55.208908,21.245721,1.1));
#9857 = CARTESIAN_POINT('',(55.208908,21.245721,1.13));
#9858 = CARTESIAN_POINT('',(55.238908,21.245721,1.13));
#9859 = CARTESIAN_POINT('',(55.268908,21.245721,1.13));
#9860 = CARTESIAN_POINT('',(55.268908,21.245721,1.1));
#9861 = CARTESIAN_POINT('',(55.268908,21.245721,1.07));
#9862 = CARTESIAN_POINT('',(55.238908,21.245721,1.07));
#9863 = CARTESIAN_POINT('',(55.208908,21.245721,1.07));
#9864 = CARTESIAN_POINT('',(55.208908,21.245721,1.1));
#9865 = CARTESIAN_POINT('',(54.988908,21.245721,1.1));
#9866 = CARTESIAN_POINT('',(54.988908,21.245721,1.35));
#9867 = CARTESIAN_POINT('',(55.238908,21.245721,1.35));
#9868 = CARTESIAN_POINT('',(55.488908,21.245721,1.35));
#9869 = CARTESIAN_POINT('',(55.488908,21.245721,1.1));
#9870 = CARTESIAN_POINT('',(55.488908,21.245721,0.85));
#9871 = CARTESIAN_POINT('',(55.238908,21.245721,0.85));
#9872 = CARTESIAN_POINT('',(54.988908,21.245721,0.85));
#9873 = CARTESIAN_POINT('',(54.988908,21.245721,1.1));
#9874 = CARTESIAN_POINT('',(54.988908,21.465721,1.1));
#9875 = CARTESIAN_POINT('',(54.988908,21.465721,1.35));
#9876 = CARTESIAN_POINT('',(55.238908,21.465721,1.35));
#9877 = CARTESIAN_POINT('',(55.488908,21.465721,1.35));
#9878 = CARTESIAN_POINT('',(55.488908,21.465721,1.1));
#9879 = CARTESIAN_POINT('',(55.488908,21.465721,0.85));
#9880 = CARTESIAN_POINT('',(55.238908,21.465721,0.85));
#9881 = CARTESIAN_POINT('',(54.988908,21.465721,0.85));
#9882 = CARTESIAN_POINT('',(54.988908,21.465721,1.1));
#9883 = ADVANCED_FACE('',(#9884),#9888,.F.);
#9884 = FACE_BOUND('',#9885,.T.);
#9885 = EDGE_LOOP('',(#9886,#9887));
#9886 = ORIENTED_EDGE('',*,*,#9838,.F.);
#9887 = ORIENTED_EDGE('',*,*,#9847,.F.);
#9888 = PLANE('',#9889);
#9889 = AXIS2_PLACEMENT_3D('',#9890,#9891,#9892);
#9890 = CARTESIAN_POINT('',(55.113908,21.245721,1.1));
#9891 = DIRECTION('',(0.,1.,0.));
#9892 = DIRECTION('',(1.,0.,0.));
#9893 = ( GEOMETRIC_REPRESENTATION_CONTEXT(3) 
GLOBAL_UNCERTAINTY_ASSIGNED_CONTEXT((#9897)) 
GLOBAL_UNIT_ASSIGNED_CONTEXT((#9894,#9895,#9896)) REPRESENTATION_CONTEXT
('Context #1','3D Context with UNIT and UNCERTAINTY') );
#9894 = ( LENGTH_UNIT() NAMED_UNIT(*) SI_UNIT(.MILLI.,.METRE.) );
#9895 = ( NAMED_UNIT(*) PLANE_ANGLE_UNIT() SI_UNIT($,.RADIAN.) );
#9896 = ( NAMED_UNIT(*) SI_UNIT($,.STERADIAN.) SOLID_ANGLE_UNIT() );
#9897 = UNCERTAINTY_MEASURE_WITH_UNIT(LENGTH_MEASURE(1.E-03),#9894,
  'distance_accuracy_value','confusion accuracy');
#9898 = SHAPE_DEFINITION_REPRESENTATION(#9899,#9754);
#9899 = PRODUCT_DEFINITION_SHAPE('','',#9900);
#9900 = PRODUCT_DEFINITION('design','',#9901,#9904);
#9901 = PRODUCT_DEFINITION_FORMATION('','',#9902);
#9902 = PRODUCT('1','1','',(#9903));
#9903 = PRODUCT_CONTEXT('',#2,'mechanical');
#9904 = PRODUCT_DEFINITION_CONTEXT('part definition',#2,'design');
#9905 = CONTEXT_DEPENDENT_SHAPE_REPRESENTATION(#9906,#9908);
#9906 = ( REPRESENTATION_RELATIONSHIP('','',#9754,#9716) 
REPRESENTATION_RELATIONSHIP_WITH_TRANSFORMATION(#9907) 
SHAPE_REPRESENTATION_RELATIONSHIP() );
#9907 = ITEM_DEFINED_TRANSFORMATION('','',#11,#9717);
#9908 = PRODUCT_DEFINITION_SHAPE('Placement','Placement of an item',
  #9909);
#9909 = NEXT_ASSEMBLY_USAGE_OCCURRENCE('7','1:1','',#9711,#9900,$);
#9910 = PRODUCT_RELATED_PRODUCT_CATEGORY('part',$,(#9902));
#9911 = SHAPE_REPRESENTATION('',(#11,#9912,#10332),#10752);
#9912 = MANIFOLD_SOLID_BREP('',#9913);
#9913 = CLOSED_SHELL('',(#9914,#9954,#9987,#10018,#10049,#10080,#10120,
    #10142,#10184,#10206,#10246,#10278,#10295,#10312));
#9914 = ADVANCED_FACE('',(#9915),#9949,.T.);
#9915 = FACE_BOUND('',#9916,.T.);
#9916 = EDGE_LOOP('',(#9917,#9927,#9935,#9943));
#9917 = ORIENTED_EDGE('',*,*,#9918,.F.);
#9918 = EDGE_CURVE('',#9919,#9921,#9923,.T.);
#9919 = VERTEX_POINT('',#9920);
#9920 = CARTESIAN_POINT('',(54.197678124425,22.345721,0.731018905));
#9921 = VERTEX_POINT('',#9922);
#9922 = CARTESIAN_POINT('',(54.197678124425,22.345721,0.733525341354));
#9923 = LINE('',#9924,#9925);
#9924 = CARTESIAN_POINT('',(54.197678124425,22.345721,0.9155094525));
#9925 = VECTOR('',#9926,1.);
#9926 = DIRECTION('',(0.,0.,1.));
#9927 = ORIENTED_EDGE('',*,*,#9928,.F.);
#9928 = EDGE_CURVE('',#9929,#9919,#9931,.T.);
#9929 = VERTEX_POINT('',#9930);
#9930 = CARTESIAN_POINT('',(54.197678124425,22.495721,0.731018905));
#9931 = LINE('',#9932,#9933);
#9932 = CARTESIAN_POINT('',(54.197678124425,22.495721,0.731018905));
#9933 = VECTOR('',#9934,1.);
#9934 = DIRECTION('',(0.,-1.,0.));
#9935 = ORIENTED_EDGE('',*,*,#9936,.T.);
#9936 = EDGE_CURVE('',#9929,#9937,#9939,.T.);
#9937 = VERTEX_POINT('',#9938);
#9938 = CARTESIAN_POINT('',(54.197678124425,22.495721,0.733525341354));
#9939 = LINE('',#9940,#9941);
#9940 = CARTESIAN_POINT('',(54.197678124425,22.495721,0.731018905));
#9941 = VECTOR('',#9942,1.);
#9942 = DIRECTION('',(0.,0.,1.));
#9943 = ORIENTED_EDGE('',*,*,#9944,.T.);
#9944 = EDGE_CURVE('',#9937,#9921,#9945,.T.);
#9945 = LINE('',#9946,#9947);
#9946 = CARTESIAN_POINT('',(54.197678124425,22.495721,0.733525341354));
#9947 = VECTOR('',#9948,1.);
#9948 = DIRECTION('',(0.,-1.,0.));
#9949 = PLANE('',#9950);
#9950 = AXIS2_PLACEMENT_3D('',#9951,#9952,#9953);
#9951 = CARTESIAN_POINT('',(54.197678124425,22.495721,0.731018905));
#9952 = DIRECTION('',(1.,0.,0.));
#9953 = DIRECTION('',(0.,0.,1.));
#9954 = ADVANCED_FACE('',(#9955),#9982,.F.);
#9955 = FACE_BOUND('',#9956,.F.);
#9956 = EDGE_LOOP('',(#9957,#9967,#9974,#9975));
#9957 = ORIENTED_EDGE('',*,*,#9958,.F.);
#9958 = EDGE_CURVE('',#9959,#9961,#9963,.T.);
#9959 = VERTEX_POINT('',#9960);
#9960 = CARTESIAN_POINT('',(54.197678124425,22.495721,1.466474658646));
#9961 = VERTEX_POINT('',#9962);
#9962 = CARTESIAN_POINT('',(54.197678124425,22.345721,1.466474658646));
#9963 = LINE('',#9964,#9965);
#9964 = CARTESIAN_POINT('',(54.197678124425,22.495721,1.466474658646));
#9965 = VECTOR('',#9966,1.);
#9966 = DIRECTION('',(0.,-1.,0.));
#9967 = ORIENTED_EDGE('',*,*,#9968,.F.);
#9968 = EDGE_CURVE('',#9937,#9959,#9969,.T.);
#9969 = CIRCLE('',#9970,1.103408264045);
#9970 = AXIS2_PLACEMENT_3D('',#9971,#9972,#9973);
#9971 = CARTESIAN_POINT('',(55.238450011887,22.495721,1.1));
#9972 = DIRECTION('',(0.,1.,0.));
#9973 = DIRECTION('',(-0.943233725337,0.,-0.332129702657));
#9974 = ORIENTED_EDGE('',*,*,#9944,.T.);
#9975 = ORIENTED_EDGE('',*,*,#9976,.T.);
#9976 = EDGE_CURVE('',#9921,#9961,#9977,.T.);
#9977 = CIRCLE('',#9978,1.103408264045);
#9978 = AXIS2_PLACEMENT_3D('',#9979,#9980,#9981);
#9979 = CARTESIAN_POINT('',(55.238450011887,22.345721,1.1));
#9980 = DIRECTION('',(0.,1.,0.));
#9981 = DIRECTION('',(-0.943233725337,0.,-0.332129702657));
#9982 = CYLINDRICAL_SURFACE('',#9983,1.103408264045);
#9983 = AXIS2_PLACEMENT_3D('',#9984,#9985,#9986);
#9984 = CARTESIAN_POINT('',(55.238450011887,22.495721,1.1));
#9985 = DIRECTION('',(0.,-1.,0.));
#9986 = DIRECTION('',(-0.943233725337,-0.,-0.332129702657));
#9987 = ADVANCED_FACE('',(#9988),#10013,.T.);
#9988 = FACE_BOUND('',#9989,.T.);
#9989 = EDGE_LOOP('',(#9990,#9998,#9999,#10007));
#9990 = ORIENTED_EDGE('',*,*,#9991,.F.);
#9991 = EDGE_CURVE('',#9961,#9992,#9994,.T.);
#9992 = VERTEX_POINT('',#9993);
#9993 = CARTESIAN_POINT('',(54.197678124425,22.345721,1.468981095));
#9994 = LINE('',#9995,#9996);
#9995 = CARTESIAN_POINT('',(54.197678124425,22.345721,1.283237329323));
#9996 = VECTOR('',#9997,1.);
#9997 = DIRECTION('',(1.107372049156E-13,0.,1.));
#9998 = ORIENTED_EDGE('',*,*,#9958,.F.);
#9999 = ORIENTED_EDGE('',*,*,#10000,.T.);
#10000 = EDGE_CURVE('',#9959,#10001,#10003,.T.);
#10001 = VERTEX_POINT('',#10002);
#10002 = CARTESIAN_POINT('',(54.197678124425,22.495721,1.468981095));
#10003 = LINE('',#10004,#10005);
#10004 = CARTESIAN_POINT('',(54.197678124425,22.495721,1.466474658646));
#10005 = VECTOR('',#10006,1.);
#10006 = DIRECTION('',(1.107372049156E-13,0.,1.));
#10007 = ORIENTED_EDGE('',*,*,#10008,.T.);
#10008 = EDGE_CURVE('',#10001,#9992,#10009,.T.);
#10009 = LINE('',#10010,#10011);
#10010 = CARTESIAN_POINT('',(54.197678124425,22.495721,1.468981095));
#10011 = VECTOR('',#10012,1.);
#10012 = DIRECTION('',(0.,-1.,0.));
#10013 = PLANE('',#10014);
#10014 = AXIS2_PLACEMENT_3D('',#10015,#10016,#10017);
#10015 = CARTESIAN_POINT('',(54.197678124425,22.495721,1.466474658646));
#10016 = DIRECTION('',(1.,0.,-1.107372049156E-13));
#10017 = DIRECTION('',(1.107372049156E-13,0.,1.));
#10018 = ADVANCED_FACE('',(#10019),#10044,.T.);
#10019 = FACE_BOUND('',#10020,.T.);
#10020 = EDGE_LOOP('',(#10021,#10029,#10030,#10038));
#10021 = ORIENTED_EDGE('',*,*,#10022,.F.);
#10022 = EDGE_CURVE('',#9992,#10023,#10025,.T.);
#10023 = VERTEX_POINT('',#10024);
#10024 = CARTESIAN_POINT('',(54.082806590352,22.345721,1.468981095));
#10025 = LINE('',#10026,#10027);
#10026 = CARTESIAN_POINT('',(54.718293062212,22.345721,1.468981095));
#10027 = VECTOR('',#10028,1.);
#10028 = DIRECTION('',(-1.,0.,0.));
#10029 = ORIENTED_EDGE('',*,*,#10008,.F.);
#10030 = ORIENTED_EDGE('',*,*,#10031,.T.);
#10031 = EDGE_CURVE('',#10001,#10032,#10034,.T.);
#10032 = VERTEX_POINT('',#10033);
#10033 = CARTESIAN_POINT('',(54.082806590352,22.495721,1.468981095));
#10034 = LINE('',#10035,#10036);
#10035 = CARTESIAN_POINT('',(54.197678124425,22.495721,1.468981095));
#10036 = VECTOR('',#10037,1.);
#10037 = DIRECTION('',(-1.,0.,0.));
#10038 = ORIENTED_EDGE('',*,*,#10039,.T.);
#10039 = EDGE_CURVE('',#10032,#10023,#10040,.T.);
#10040 = LINE('',#10041,#10042);
#10041 = CARTESIAN_POINT('',(54.082806590352,22.495721,1.468981095));
#10042 = VECTOR('',#10043,1.);
#10043 = DIRECTION('',(0.,-1.,0.));
#10044 = PLANE('',#10045);
#10045 = AXIS2_PLACEMENT_3D('',#10046,#10047,#10048);
#10046 = CARTESIAN_POINT('',(54.197678124425,22.495721,1.468981095));
#10047 = DIRECTION('',(0.,0.,1.));
#10048 = DIRECTION('',(-1.,0.,0.));
#10049 = ADVANCED_FACE('',(#10050),#10075,.T.);
#10050 = FACE_BOUND('',#10051,.T.);
#10051 = EDGE_LOOP('',(#10052,#10060,#10061,#10069));
#10052 = ORIENTED_EDGE('',*,*,#10053,.F.);
#10053 = EDGE_CURVE('',#10023,#10054,#10056,.T.);
#10054 = VERTEX_POINT('',#10055);
#10055 = CARTESIAN_POINT('',(54.082806590352,22.345721,2.));
#10056 = LINE('',#10057,#10058);
#10057 = CARTESIAN_POINT('',(54.082806590352,22.345721,0.65));
#10058 = VECTOR('',#10059,1.);
#10059 = DIRECTION('',(0.,0.,1.));
#10060 = ORIENTED_EDGE('',*,*,#10039,.F.);
#10061 = ORIENTED_EDGE('',*,*,#10062,.F.);
#10062 = EDGE_CURVE('',#10063,#10032,#10065,.T.);
#10063 = VERTEX_POINT('',#10064);
#10064 = CARTESIAN_POINT('',(54.082806590352,22.495721,2.));
#10065 = LINE('',#10066,#10067);
#10066 = CARTESIAN_POINT('',(54.082806590352,22.495721,2.));
#10067 = VECTOR('',#10068,1.);
#10068 = DIRECTION('',(0.,0.,-1.));
#10069 = ORIENTED_EDGE('',*,*,#10070,.T.);
#10070 = EDGE_CURVE('',#10063,#10054,#10071,.T.);
#10071 = LINE('',#10072,#10073);
#10072 = CARTESIAN_POINT('',(54.082806590352,22.495721,2.));
#10073 = VECTOR('',#10074,1.);
#10074 = DIRECTION('',(0.,-1.,0.));
#10075 = PLANE('',#10076);
#10076 = AXIS2_PLACEMENT_3D('',#10077,#10078,#10079);
#10077 = CARTESIAN_POINT('',(54.082806590352,22.495721,0.2));
#10078 = DIRECTION('',(1.,0.,0.));
#10079 = DIRECTION('',(0.,0.,1.));
#10080 = ADVANCED_FACE('',(#10081),#10115,.T.);
#10081 = FACE_BOUND('',#10082,.T.);
#10082 = EDGE_LOOP('',(#10083,#10093,#10101,#10109));
#10083 = ORIENTED_EDGE('',*,*,#10084,.F.);
#10084 = EDGE_CURVE('',#10085,#10087,#10089,.T.);
#10085 = VERTEX_POINT('',#10086);
#10086 = CARTESIAN_POINT('',(54.082806590352,22.345721,0.2));
#10087 = VERTEX_POINT('',#10088);
#10088 = CARTESIAN_POINT('',(54.082806590352,22.345721,0.731018905));
#10089 = LINE('',#10090,#10091);
#10090 = CARTESIAN_POINT('',(54.082806590352,22.345721,0.65));
#10091 = VECTOR('',#10092,1.);
#10092 = DIRECTION('',(0.,0.,1.));
#10093 = ORIENTED_EDGE('',*,*,#10094,.F.);
#10094 = EDGE_CURVE('',#10095,#10085,#10097,.T.);
#10095 = VERTEX_POINT('',#10096);
#10096 = CARTESIAN_POINT('',(54.082806590352,22.495721,0.2));
#10097 = LINE('',#10098,#10099);
#10098 = CARTESIAN_POINT('',(54.082806590352,22.495721,0.2));
#10099 = VECTOR('',#10100,1.);
#10100 = DIRECTION('',(0.,-1.,0.));
#10101 = ORIENTED_EDGE('',*,*,#10102,.F.);
#10102 = EDGE_CURVE('',#10103,#10095,#10105,.T.);
#10103 = VERTEX_POINT('',#10104);
#10104 = CARTESIAN_POINT('',(54.082806590352,22.495721,0.731018905));
#10105 = LINE('',#10106,#10107);
#10106 = CARTESIAN_POINT('',(54.082806590352,22.495721,2.));
#10107 = VECTOR('',#10108,1.);
#10108 = DIRECTION('',(0.,0.,-1.));
#10109 = ORIENTED_EDGE('',*,*,#10110,.F.);
#10110 = EDGE_CURVE('',#10087,#10103,#10111,.T.);
#10111 = LINE('',#10112,#10113);
#10112 = CARTESIAN_POINT('',(54.082806590352,22.495721,0.731018905));
#10113 = VECTOR('',#10114,1.);
#10114 = DIRECTION('',(0.,1.,0.));
#10115 = PLANE('',#10116);
#10116 = AXIS2_PLACEMENT_3D('',#10117,#10118,#10119);
#10117 = CARTESIAN_POINT('',(54.082806590352,22.495721,0.2));
#10118 = DIRECTION('',(1.,0.,0.));
#10119 = DIRECTION('',(0.,0.,1.));
#10120 = ADVANCED_FACE('',(#10121),#10137,.T.);
#10121 = FACE_BOUND('',#10122,.T.);
#10122 = EDGE_LOOP('',(#10123,#10129,#10130,#10136));
#10123 = ORIENTED_EDGE('',*,*,#10124,.F.);
#10124 = EDGE_CURVE('',#10087,#9919,#10125,.T.);
#10125 = LINE('',#10126,#10127);
#10126 = CARTESIAN_POINT('',(54.60342152814,22.345721,0.731018905));
#10127 = VECTOR('',#10128,1.);
#10128 = DIRECTION('',(1.,0.,0.));
#10129 = ORIENTED_EDGE('',*,*,#10110,.T.);
#10130 = ORIENTED_EDGE('',*,*,#10131,.T.);
#10131 = EDGE_CURVE('',#10103,#9929,#10132,.T.);
#10132 = LINE('',#10133,#10134);
#10133 = CARTESIAN_POINT('',(53.96793505628,22.495721,0.731018905));
#10134 = VECTOR('',#10135,1.);
#10135 = DIRECTION('',(1.,0.,0.));
#10136 = ORIENTED_EDGE('',*,*,#9928,.T.);
#10137 = PLANE('',#10138);
#10138 = AXIS2_PLACEMENT_3D('',#10139,#10140,#10141);
#10139 = CARTESIAN_POINT('',(53.96793505628,22.495721,0.731018905));
#10140 = DIRECTION('',(0.,0.,-1.));
#10141 = DIRECTION('',(1.,0.,0.));
#10142 = ADVANCED_FACE('',(#10143),#10179,.T.);
#10143 = FACE_BOUND('',#10144,.T.);
#10144 = EDGE_LOOP('',(#10145,#10156,#10164,#10173));
#10145 = ORIENTED_EDGE('',*,*,#10146,.T.);
#10146 = EDGE_CURVE('',#10147,#10149,#10151,.T.);
#10147 = VERTEX_POINT('',#10148);
#10148 = CARTESIAN_POINT('',(53.738908,22.345721,1.9));
#10149 = VERTEX_POINT('',#10150);
#10150 = CARTESIAN_POINT('',(53.838908,22.345721,2.));
#10151 = CIRCLE('',#10152,0.1);
#10152 = AXIS2_PLACEMENT_3D('',#10153,#10154,#10155);
#10153 = CARTESIAN_POINT('',(53.838908,22.345721,1.9));
#10154 = DIRECTION('',(0.,1.,0.));
#10155 = DIRECTION('',(-0.707106781187,0.,0.707106781187));
#10156 = ORIENTED_EDGE('',*,*,#10157,.T.);
#10157 = EDGE_CURVE('',#10149,#10158,#10160,.T.);
#10158 = VERTEX_POINT('',#10159);
#10159 = CARTESIAN_POINT('',(53.838908,22.495721,2.));
#10160 = LINE('',#10161,#10162);
#10161 = CARTESIAN_POINT('',(53.838908,22.495721,2.));
#10162 = VECTOR('',#10163,1.);
#10163 = DIRECTION('',(0.,1.,0.));
#10164 = ORIENTED_EDGE('',*,*,#10165,.T.);
#10165 = EDGE_CURVE('',#10158,#10166,#10168,.T.);
#10166 = VERTEX_POINT('',#10167);
#10167 = CARTESIAN_POINT('',(53.738908,22.495721,1.9));
#10168 = CIRCLE('',#10169,0.1);
#10169 = AXIS2_PLACEMENT_3D('',#10170,#10171,#10172);
#10170 = CARTESIAN_POINT('',(53.838908,22.495721,1.9));
#10171 = DIRECTION('',(0.,-1.,0.));
#10172 = DIRECTION('',(-0.707106781187,0.,0.707106781187));
#10173 = ORIENTED_EDGE('',*,*,#10174,.T.);
#10174 = EDGE_CURVE('',#10166,#10147,#10175,.T.);
#10175 = LINE('',#10176,#10177);
#10176 = CARTESIAN_POINT('',(53.738908,22.495721,1.9));
#10177 = VECTOR('',#10178,1.);
#10178 = DIRECTION('',(0.,-1.,0.));
#10179 = CYLINDRICAL_SURFACE('',#10180,0.1);
#10180 = AXIS2_PLACEMENT_3D('',#10181,#10182,#10183);
#10181 = CARTESIAN_POINT('',(53.838908,22.495721,1.9));
#10182 = DIRECTION('',(0.,-1.,0.));
#10183 = DIRECTION('',(-0.707106781187,0.,0.707106781187));
#10184 = ADVANCED_FACE('',(#10185),#10201,.T.);
#10185 = FACE_BOUND('',#10186,.T.);
#10186 = EDGE_LOOP('',(#10187,#10188,#10194,#10195));
#10187 = ORIENTED_EDGE('',*,*,#10157,.F.);
#10188 = ORIENTED_EDGE('',*,*,#10189,.F.);
#10189 = EDGE_CURVE('',#10054,#10149,#10190,.T.);
#10190 = LINE('',#10191,#10192);
#10191 = CARTESIAN_POINT('',(54.660857295176,22.345721,2.));
#10192 = VECTOR('',#10193,1.);
#10193 = DIRECTION('',(-1.,0.,0.));
#10194 = ORIENTED_EDGE('',*,*,#10070,.F.);
#10195 = ORIENTED_EDGE('',*,*,#10196,.F.);
#10196 = EDGE_CURVE('',#10158,#10063,#10197,.T.);
#10197 = LINE('',#10198,#10199);
#10198 = CARTESIAN_POINT('',(53.938908,22.495721,2.));
#10199 = VECTOR('',#10200,1.);
#10200 = DIRECTION('',(1.,0.,0.));
#10201 = PLANE('',#10202);
#10202 = AXIS2_PLACEMENT_3D('',#10203,#10204,#10205);
#10203 = CARTESIAN_POINT('',(53.738908,22.495721,2.));
#10204 = DIRECTION('',(0.,0.,1.));
#10205 = DIRECTION('',(-1.,0.,0.));
#10206 = ADVANCED_FACE('',(#10207),#10241,.F.);
#10207 = FACE_BOUND('',#10208,.T.);
#10208 = EDGE_LOOP('',(#10209,#10210,#10218,#10227,#10233,#10234,#10235,
    #10236,#10237,#10238,#10239,#10240));
#10209 = ORIENTED_EDGE('',*,*,#10146,.F.);
#10210 = ORIENTED_EDGE('',*,*,#10211,.T.);
#10211 = EDGE_CURVE('',#10147,#10212,#10214,.T.);
#10212 = VERTEX_POINT('',#10213);
#10213 = CARTESIAN_POINT('',(53.738908,22.345721,0.3));
#10214 = LINE('',#10215,#10216);
#10215 = CARTESIAN_POINT('',(53.738908,22.345721,2.));
#10216 = VECTOR('',#10217,1.);
#10217 = DIRECTION('',(0.,0.,-1.));
#10218 = ORIENTED_EDGE('',*,*,#10219,.F.);
#10219 = EDGE_CURVE('',#10220,#10212,#10222,.T.);
#10220 = VERTEX_POINT('',#10221);
#10221 = CARTESIAN_POINT('',(53.838908,22.345721,0.2));
#10222 = CIRCLE('',#10223,0.1);
#10223 = AXIS2_PLACEMENT_3D('',#10224,#10225,#10226);
#10224 = CARTESIAN_POINT('',(53.838908,22.345721,0.3));
#10225 = DIRECTION('',(0.,1.,0.));
#10226 = DIRECTION('',(-0.707106781186,0.,-0.707106781187));
#10227 = ORIENTED_EDGE('',*,*,#10228,.T.);
#10228 = EDGE_CURVE('',#10220,#10085,#10229,.T.);
#10229 = LINE('',#10230,#10231);
#10230 = CARTESIAN_POINT('',(54.588908,22.345721,0.2));
#10231 = VECTOR('',#10232,1.);
#10232 = DIRECTION('',(1.,0.,0.));
#10233 = ORIENTED_EDGE('',*,*,#10084,.T.);
#10234 = ORIENTED_EDGE('',*,*,#10124,.T.);
#10235 = ORIENTED_EDGE('',*,*,#9918,.T.);
#10236 = ORIENTED_EDGE('',*,*,#9976,.T.);
#10237 = ORIENTED_EDGE('',*,*,#9991,.T.);
#10238 = ORIENTED_EDGE('',*,*,#10022,.T.);
#10239 = ORIENTED_EDGE('',*,*,#10053,.T.);
#10240 = ORIENTED_EDGE('',*,*,#10189,.T.);
#10241 = PLANE('',#10242);
#10242 = AXIS2_PLACEMENT_3D('',#10243,#10244,#10245);
#10243 = CARTESIAN_POINT('',(50.919956733961,22.345721,0.899011437739));
#10244 = DIRECTION('',(0.,1.,0.));
#10245 = DIRECTION('',(-1.,0.,0.));
#10246 = ADVANCED_FACE('',(#10247),#10273,.T.);
#10247 = FACE_BOUND('',#10248,.T.);
#10248 = EDGE_LOOP('',(#10249,#10250,#10258,#10267));
#10249 = ORIENTED_EDGE('',*,*,#10219,.T.);
#10250 = ORIENTED_EDGE('',*,*,#10251,.T.);
#10251 = EDGE_CURVE('',#10212,#10252,#10254,.T.);
#10252 = VERTEX_POINT('',#10253);
#10253 = CARTESIAN_POINT('',(53.738908,22.495721,0.3));
#10254 = LINE('',#10255,#10256);
#10255 = CARTESIAN_POINT('',(53.738908,22.495721,0.3));
#10256 = VECTOR('',#10257,1.);
#10257 = DIRECTION('',(0.,1.,0.));
#10258 = ORIENTED_EDGE('',*,*,#10259,.T.);
#10259 = EDGE_CURVE('',#10252,#10260,#10262,.T.);
#10260 = VERTEX_POINT('',#10261);
#10261 = CARTESIAN_POINT('',(53.838908,22.495721,0.2));
#10262 = CIRCLE('',#10263,0.1);
#10263 = AXIS2_PLACEMENT_3D('',#10264,#10265,#10266);
#10264 = CARTESIAN_POINT('',(53.838908,22.495721,0.3));
#10265 = DIRECTION('',(0.,-1.,0.));
#10266 = DIRECTION('',(-0.707106781186,-0.,-0.707106781187));
#10267 = ORIENTED_EDGE('',*,*,#10268,.T.);
#10268 = EDGE_CURVE('',#10260,#10220,#10269,.T.);
#10269 = LINE('',#10270,#10271);
#10270 = CARTESIAN_POINT('',(53.838908,22.495721,0.2));
#10271 = VECTOR('',#10272,1.);
#10272 = DIRECTION('',(0.,-1.,0.));
#10273 = CYLINDRICAL_SURFACE('',#10274,0.1);
#10274 = AXIS2_PLACEMENT_3D('',#10275,#10276,#10277);
#10275 = CARTESIAN_POINT('',(53.838908,22.495721,0.3));
#10276 = DIRECTION('',(0.,-1.,0.));
#10277 = DIRECTION('',(-0.707106781186,-0.,-0.707106781187));
#10278 = ADVANCED_FACE('',(#10279),#10290,.T.);
#10279 = FACE_BOUND('',#10280,.T.);
#10280 = EDGE_LOOP('',(#10281,#10282,#10288,#10289));
#10281 = ORIENTED_EDGE('',*,*,#10268,.F.);
#10282 = ORIENTED_EDGE('',*,*,#10283,.F.);
#10283 = EDGE_CURVE('',#10095,#10260,#10284,.T.);
#10284 = LINE('',#10285,#10286);
#10285 = CARTESIAN_POINT('',(54.082806590352,22.495721,0.2));
#10286 = VECTOR('',#10287,1.);
#10287 = DIRECTION('',(-1.,0.,0.));
#10288 = ORIENTED_EDGE('',*,*,#10094,.T.);
#10289 = ORIENTED_EDGE('',*,*,#10228,.F.);
#10290 = PLANE('',#10291);
#10291 = AXIS2_PLACEMENT_3D('',#10292,#10293,#10294);
#10292 = CARTESIAN_POINT('',(54.188908,22.495721,0.2));
#10293 = DIRECTION('',(0.,0.,-1.));
#10294 = DIRECTION('',(1.,0.,0.));
#10295 = ADVANCED_FACE('',(#10296),#10307,.T.);
#10296 = FACE_BOUND('',#10297,.T.);
#10297 = EDGE_LOOP('',(#10298,#10299,#10305,#10306));
#10298 = ORIENTED_EDGE('',*,*,#10174,.F.);
#10299 = ORIENTED_EDGE('',*,*,#10300,.T.);
#10300 = EDGE_CURVE('',#10166,#10252,#10301,.T.);
#10301 = LINE('',#10302,#10303);
#10302 = CARTESIAN_POINT('',(53.738908,22.495721,2.));
#10303 = VECTOR('',#10304,1.);
#10304 = DIRECTION('',(0.,0.,-1.));
#10305 = ORIENTED_EDGE('',*,*,#10251,.F.);
#10306 = ORIENTED_EDGE('',*,*,#10211,.F.);
#10307 = PLANE('',#10308);
#10308 = AXIS2_PLACEMENT_3D('',#10309,#10310,#10311);
#10309 = CARTESIAN_POINT('',(53.738908,22.495721,0.2));
#10310 = DIRECTION('',(-1.,0.,0.));
#10311 = DIRECTION('',(0.,0.,-1.));
#10312 = ADVANCED_FACE('',(#10313),#10327,.T.);
#10313 = FACE_BOUND('',#10314,.T.);
#10314 = EDGE_LOOP('',(#10315,#10316,#10317,#10318,#10319,#10320,#10321,
    #10322,#10323,#10324,#10325,#10326));
#10315 = ORIENTED_EDGE('',*,*,#10165,.F.);
#10316 = ORIENTED_EDGE('',*,*,#10196,.T.);
#10317 = ORIENTED_EDGE('',*,*,#10062,.T.);
#10318 = ORIENTED_EDGE('',*,*,#10031,.F.);
#10319 = ORIENTED_EDGE('',*,*,#10000,.F.);
#10320 = ORIENTED_EDGE('',*,*,#9968,.F.);
#10321 = ORIENTED_EDGE('',*,*,#9936,.F.);
#10322 = ORIENTED_EDGE('',*,*,#10131,.F.);
#10323 = ORIENTED_EDGE('',*,*,#10102,.T.);
#10324 = ORIENTED_EDGE('',*,*,#10283,.T.);
#10325 = ORIENTED_EDGE('',*,*,#10259,.F.);
#10326 = ORIENTED_EDGE('',*,*,#10300,.F.);
#10327 = PLANE('',#10328);
#10328 = AXIS2_PLACEMENT_3D('',#10329,#10330,#10331);
#10329 = CARTESIAN_POINT('',(50.919956733961,22.495721,0.899011437739));
#10330 = DIRECTION('',(0.,1.,0.));
#10331 = DIRECTION('',(-1.,0.,0.));
#10332 = MANIFOLD_SOLID_BREP('',#10333);
#10333 = CLOSED_SHELL('',(#10334,#10374,#10405,#10436,#10476,#10507,
    #10540,#10562,#10604,#10635,#10673,#10698,#10715,#10740));
#10334 = ADVANCED_FACE('',(#10335),#10369,.T.);
#10335 = FACE_BOUND('',#10336,.T.);
#10336 = EDGE_LOOP('',(#10337,#10347,#10355,#10363));
#10337 = ORIENTED_EDGE('',*,*,#10338,.F.);
#10338 = EDGE_CURVE('',#10339,#10341,#10343,.T.);
#10339 = VERTEX_POINT('',#10340);
#10340 = CARTESIAN_POINT('',(56.395009409648,22.345721,0.731018905));
#10341 = VERTEX_POINT('',#10342);
#10342 = CARTESIAN_POINT('',(56.395009409648,22.345721,0.2));
#10343 = LINE('',#10344,#10345);
#10344 = CARTESIAN_POINT('',(56.395009409648,22.345721,1.55));
#10345 = VECTOR('',#10346,1.);
#10346 = DIRECTION('',(0.,0.,-1.));
#10347 = ORIENTED_EDGE('',*,*,#10348,.F.);
#10348 = EDGE_CURVE('',#10349,#10339,#10351,.T.);
#10349 = VERTEX_POINT('',#10350);
#10350 = CARTESIAN_POINT('',(56.395009409648,22.495721,0.731018905));
#10351 = LINE('',#10352,#10353);
#10352 = CARTESIAN_POINT('',(56.395009409648,22.495721,0.731018905));
#10353 = VECTOR('',#10354,1.);
#10354 = DIRECTION('',(0.,-1.,0.));
#10355 = ORIENTED_EDGE('',*,*,#10356,.T.);
#10356 = EDGE_CURVE('',#10349,#10357,#10359,.T.);
#10357 = VERTEX_POINT('',#10358);
#10358 = CARTESIAN_POINT('',(56.395009409648,22.495721,0.2));
#10359 = LINE('',#10360,#10361);
#10360 = CARTESIAN_POINT('',(56.395009409648,22.495721,2.));
#10361 = VECTOR('',#10362,1.);
#10362 = DIRECTION('',(0.,0.,-1.));
#10363 = ORIENTED_EDGE('',*,*,#10364,.T.);
#10364 = EDGE_CURVE('',#10357,#10341,#10365,.T.);
#10365 = LINE('',#10366,#10367);
#10366 = CARTESIAN_POINT('',(56.395009409648,22.495721,0.2));
#10367 = VECTOR('',#10368,1.);
#10368 = DIRECTION('',(0.,-1.,0.));
#10369 = PLANE('',#10370);
#10370 = AXIS2_PLACEMENT_3D('',#10371,#10372,#10373);
#10371 = CARTESIAN_POINT('',(56.395009409648,22.495721,2.));
#10372 = DIRECTION('',(-1.,0.,0.));
#10373 = DIRECTION('',(0.,0.,-1.));
#10374 = ADVANCED_FACE('',(#10375),#10400,.T.);
#10375 = FACE_BOUND('',#10376,.T.);
#10376 = EDGE_LOOP('',(#10377,#10385,#10393,#10399));
#10377 = ORIENTED_EDGE('',*,*,#10378,.F.);
#10378 = EDGE_CURVE('',#10379,#10339,#10381,.T.);
#10379 = VERTEX_POINT('',#10380);
#10380 = CARTESIAN_POINT('',(56.280137875575,22.345721,0.731018905));
#10381 = LINE('',#10382,#10383);
#10382 = CARTESIAN_POINT('',(55.759522937788,22.345721,0.731018905));
#10383 = VECTOR('',#10384,1.);
#10384 = DIRECTION('',(1.,0.,0.));
#10385 = ORIENTED_EDGE('',*,*,#10386,.F.);
#10386 = EDGE_CURVE('',#10387,#10379,#10389,.T.);
#10387 = VERTEX_POINT('',#10388);
#10388 = CARTESIAN_POINT('',(56.280137875575,22.495721,0.731018905));
#10389 = LINE('',#10390,#10391);
#10390 = CARTESIAN_POINT('',(56.280137875575,22.495721,0.731018905));
#10391 = VECTOR('',#10392,1.);
#10392 = DIRECTION('',(0.,-1.,0.));
#10393 = ORIENTED_EDGE('',*,*,#10394,.F.);
#10394 = EDGE_CURVE('',#10349,#10387,#10395,.T.);
#10395 = LINE('',#10396,#10397);
#10396 = CARTESIAN_POINT('',(56.50988094372,22.495721,0.731018905));
#10397 = VECTOR('',#10398,1.);
#10398 = DIRECTION('',(-1.,0.,0.));
#10399 = ORIENTED_EDGE('',*,*,#10348,.T.);
#10400 = PLANE('',#10401);
#10401 = AXIS2_PLACEMENT_3D('',#10402,#10403,#10404);
#10402 = CARTESIAN_POINT('',(56.280137875575,22.495721,0.731018905));
#10403 = DIRECTION('',(0.,0.,-1.));
#10404 = DIRECTION('',(1.,0.,0.));
#10405 = ADVANCED_FACE('',(#10406),#10431,.T.);
#10406 = FACE_BOUND('',#10407,.T.);
#10407 = EDGE_LOOP('',(#10408,#10416,#10424,#10430));
#10408 = ORIENTED_EDGE('',*,*,#10409,.F.);
#10409 = EDGE_CURVE('',#10410,#10379,#10412,.T.);
#10410 = VERTEX_POINT('',#10411);
#10411 = CARTESIAN_POINT('',(56.280137875575,22.345721,0.733525341354));
#10412 = LINE('',#10413,#10414);
#10413 = CARTESIAN_POINT('',(56.280137875575,22.345721,0.916762670677));
#10414 = VECTOR('',#10415,1.);
#10415 = DIRECTION('',(0.,0.,-1.));
#10416 = ORIENTED_EDGE('',*,*,#10417,.F.);
#10417 = EDGE_CURVE('',#10418,#10410,#10420,.T.);
#10418 = VERTEX_POINT('',#10419);
#10419 = CARTESIAN_POINT('',(56.280137875575,22.495721,0.733525341354));
#10420 = LINE('',#10421,#10422);
#10421 = CARTESIAN_POINT('',(56.280137875575,22.495721,0.733525341354));
#10422 = VECTOR('',#10423,1.);
#10423 = DIRECTION('',(0.,-1.,0.));
#10424 = ORIENTED_EDGE('',*,*,#10425,.F.);
#10425 = EDGE_CURVE('',#10387,#10418,#10426,.T.);
#10426 = LINE('',#10427,#10428);
#10427 = CARTESIAN_POINT('',(56.280137875575,22.495721,0.731018905));
#10428 = VECTOR('',#10429,1.);
#10429 = DIRECTION('',(0.,0.,1.));
#10430 = ORIENTED_EDGE('',*,*,#10386,.T.);
#10431 = PLANE('',#10432);
#10432 = AXIS2_PLACEMENT_3D('',#10433,#10434,#10435);
#10433 = CARTESIAN_POINT('',(56.280137875575,22.495721,0.733525341354));
#10434 = DIRECTION('',(-1.,0.,0.));
#10435 = DIRECTION('',(0.,0.,-1.));
#10436 = ADVANCED_FACE('',(#10437),#10471,.T.);
#10437 = FACE_BOUND('',#10438,.T.);
#10438 = EDGE_LOOP('',(#10439,#10449,#10457,#10465));
#10439 = ORIENTED_EDGE('',*,*,#10440,.F.);
#10440 = EDGE_CURVE('',#10441,#10443,#10445,.T.);
#10441 = VERTEX_POINT('',#10442);
#10442 = CARTESIAN_POINT('',(56.395009409648,22.345721,2.));
#10443 = VERTEX_POINT('',#10444);
#10444 = CARTESIAN_POINT('',(56.395009409648,22.345721,1.468981095));
#10445 = LINE('',#10446,#10447);
#10446 = CARTESIAN_POINT('',(56.395009409648,22.345721,1.55));
#10447 = VECTOR('',#10448,1.);
#10448 = DIRECTION('',(0.,0.,-1.));
#10449 = ORIENTED_EDGE('',*,*,#10450,.F.);
#10450 = EDGE_CURVE('',#10451,#10441,#10453,.T.);
#10451 = VERTEX_POINT('',#10452);
#10452 = CARTESIAN_POINT('',(56.395009409648,22.495721,2.));
#10453 = LINE('',#10454,#10455);
#10454 = CARTESIAN_POINT('',(56.395009409648,22.495721,2.));
#10455 = VECTOR('',#10456,1.);
#10456 = DIRECTION('',(0.,-1.,0.));
#10457 = ORIENTED_EDGE('',*,*,#10458,.T.);
#10458 = EDGE_CURVE('',#10451,#10459,#10461,.T.);
#10459 = VERTEX_POINT('',#10460);
#10460 = CARTESIAN_POINT('',(56.395009409648,22.495721,1.468981095));
#10461 = LINE('',#10462,#10463);
#10462 = CARTESIAN_POINT('',(56.395009409648,22.495721,2.));
#10463 = VECTOR('',#10464,1.);
#10464 = DIRECTION('',(0.,0.,-1.));
#10465 = ORIENTED_EDGE('',*,*,#10466,.F.);
#10466 = EDGE_CURVE('',#10443,#10459,#10467,.T.);
#10467 = LINE('',#10468,#10469);
#10468 = CARTESIAN_POINT('',(56.395009409648,22.495721,1.468981095));
#10469 = VECTOR('',#10470,1.);
#10470 = DIRECTION('',(0.,1.,0.));
#10471 = PLANE('',#10472);
#10472 = AXIS2_PLACEMENT_3D('',#10473,#10474,#10475);
#10473 = CARTESIAN_POINT('',(56.395009409648,22.495721,2.));
#10474 = DIRECTION('',(-1.,0.,0.));
#10475 = DIRECTION('',(0.,0.,-1.));
#10476 = ADVANCED_FACE('',(#10477),#10502,.T.);
#10477 = FACE_BOUND('',#10478,.T.);
#10478 = EDGE_LOOP('',(#10479,#10487,#10488,#10496));
#10479 = ORIENTED_EDGE('',*,*,#10480,.F.);
#10480 = EDGE_CURVE('',#10443,#10481,#10483,.T.);
#10481 = VERTEX_POINT('',#10482);
#10482 = CARTESIAN_POINT('',(56.280137875575,22.345721,1.468981095));
#10483 = LINE('',#10484,#10485);
#10484 = CARTESIAN_POINT('',(55.87439447186,22.345721,1.468981095));
#10485 = VECTOR('',#10486,1.);
#10486 = DIRECTION('',(-1.,0.,0.));
#10487 = ORIENTED_EDGE('',*,*,#10466,.T.);
#10488 = ORIENTED_EDGE('',*,*,#10489,.F.);
#10489 = EDGE_CURVE('',#10490,#10459,#10492,.T.);
#10490 = VERTEX_POINT('',#10491);
#10491 = CARTESIAN_POINT('',(56.280137875575,22.495721,1.468981095));
#10492 = LINE('',#10493,#10494);
#10493 = CARTESIAN_POINT('',(56.280137875575,22.495721,1.468981095));
#10494 = VECTOR('',#10495,1.);
#10495 = DIRECTION('',(1.,0.,0.));
#10496 = ORIENTED_EDGE('',*,*,#10497,.T.);
#10497 = EDGE_CURVE('',#10490,#10481,#10498,.T.);
#10498 = LINE('',#10499,#10500);
#10499 = CARTESIAN_POINT('',(56.280137875575,22.495721,1.468981095));
#10500 = VECTOR('',#10501,1.);
#10501 = DIRECTION('',(0.,-1.,0.));
#10502 = PLANE('',#10503);
#10503 = AXIS2_PLACEMENT_3D('',#10504,#10505,#10506);
#10504 = CARTESIAN_POINT('',(56.50988094372,22.495721,1.468981095));
#10505 = DIRECTION('',(0.,0.,1.));
#10506 = DIRECTION('',(-1.,0.,0.));
#10507 = ADVANCED_FACE('',(#10508),#10535,.F.);
#10508 = FACE_BOUND('',#10509,.F.);
#10509 = EDGE_LOOP('',(#10510,#10511,#10520,#10528));
#10510 = ORIENTED_EDGE('',*,*,#10417,.F.);
#10511 = ORIENTED_EDGE('',*,*,#10512,.T.);
#10512 = EDGE_CURVE('',#10418,#10513,#10515,.T.);
#10513 = VERTEX_POINT('',#10514);
#10514 = CARTESIAN_POINT('',(56.280137875575,22.495721,1.466474658646));
#10515 = CIRCLE('',#10516,1.103408264045);
#10516 = AXIS2_PLACEMENT_3D('',#10517,#10518,#10519);
#10517 = CARTESIAN_POINT('',(55.239365988113,22.495721,1.1));
#10518 = DIRECTION('',(0.,-1.,0.));
#10519 = DIRECTION('',(-0.943233725337,-0.,-0.332129702657));
#10520 = ORIENTED_EDGE('',*,*,#10521,.T.);
#10521 = EDGE_CURVE('',#10513,#10522,#10524,.T.);
#10522 = VERTEX_POINT('',#10523);
#10523 = CARTESIAN_POINT('',(56.280137875575,22.345721,1.466474658646));
#10524 = LINE('',#10525,#10526);
#10525 = CARTESIAN_POINT('',(56.280137875575,22.495721,1.466474658646));
#10526 = VECTOR('',#10527,1.);
#10527 = DIRECTION('',(0.,-1.,0.));
#10528 = ORIENTED_EDGE('',*,*,#10529,.T.);
#10529 = EDGE_CURVE('',#10522,#10410,#10530,.T.);
#10530 = CIRCLE('',#10531,1.103408264045);
#10531 = AXIS2_PLACEMENT_3D('',#10532,#10533,#10534);
#10532 = CARTESIAN_POINT('',(55.239365988113,22.345721,1.1));
#10533 = DIRECTION('',(0.,1.,0.));
#10534 = DIRECTION('',(-0.943233725337,0.,-0.332129702657));
#10535 = CYLINDRICAL_SURFACE('',#10536,1.103408264045);
#10536 = AXIS2_PLACEMENT_3D('',#10537,#10538,#10539);
#10537 = CARTESIAN_POINT('',(55.239365988113,22.495721,1.1));
#10538 = DIRECTION('',(0.,-1.,0.));
#10539 = DIRECTION('',(-0.943233725337,-0.,-0.332129702657));
#10540 = ADVANCED_FACE('',(#10541),#10557,.T.);
#10541 = FACE_BOUND('',#10542,.T.);
#10542 = EDGE_LOOP('',(#10543,#10549,#10550,#10556));
#10543 = ORIENTED_EDGE('',*,*,#10544,.F.);
#10544 = EDGE_CURVE('',#10481,#10522,#10545,.T.);
#10545 = LINE('',#10546,#10547);
#10546 = CARTESIAN_POINT('',(56.280137875575,22.345721,1.2844905475));
#10547 = VECTOR('',#10548,1.);
#10548 = DIRECTION('',(1.107372049156E-13,0.,-1.));
#10549 = ORIENTED_EDGE('',*,*,#10497,.F.);
#10550 = ORIENTED_EDGE('',*,*,#10551,.F.);
#10551 = EDGE_CURVE('',#10513,#10490,#10552,.T.);
#10552 = LINE('',#10553,#10554);
#10553 = CARTESIAN_POINT('',(56.280137875575,22.495721,1.466474658646));
#10554 = VECTOR('',#10555,1.);
#10555 = DIRECTION('',(-1.107372049156E-13,0.,1.));
#10556 = ORIENTED_EDGE('',*,*,#10521,.T.);
#10557 = PLANE('',#10558);
#10558 = AXIS2_PLACEMENT_3D('',#10559,#10560,#10561);
#10559 = CARTESIAN_POINT('',(56.280137875575,22.495721,1.468981095));
#10560 = DIRECTION('',(-1.,0.,-1.107372049156E-13));
#10561 = DIRECTION('',(1.107372049156E-13,0.,-1.));
#10562 = ADVANCED_FACE('',(#10563),#10599,.T.);
#10563 = FACE_BOUND('',#10564,.T.);
#10564 = EDGE_LOOP('',(#10565,#10576,#10584,#10593));
#10565 = ORIENTED_EDGE('',*,*,#10566,.T.);
#10566 = EDGE_CURVE('',#10567,#10569,#10571,.T.);
#10567 = VERTEX_POINT('',#10568);
#10568 = CARTESIAN_POINT('',(56.638908,22.345721,2.));
#10569 = VERTEX_POINT('',#10570);
#10570 = CARTESIAN_POINT('',(56.738908,22.345721,1.9));
#10571 = CIRCLE('',#10572,0.1);
#10572 = AXIS2_PLACEMENT_3D('',#10573,#10574,#10575);
#10573 = CARTESIAN_POINT('',(56.638908,22.345721,1.9));
#10574 = DIRECTION('',(0.,1.,0.));
#10575 = DIRECTION('',(0.707106781187,-0.,0.707106781187));
#10576 = ORIENTED_EDGE('',*,*,#10577,.T.);
#10577 = EDGE_CURVE('',#10569,#10578,#10580,.T.);
#10578 = VERTEX_POINT('',#10579);
#10579 = CARTESIAN_POINT('',(56.738908,22.495721,1.9));
#10580 = LINE('',#10581,#10582);
#10581 = CARTESIAN_POINT('',(56.738908,22.495721,1.9));
#10582 = VECTOR('',#10583,1.);
#10583 = DIRECTION('',(0.,1.,0.));
#10584 = ORIENTED_EDGE('',*,*,#10585,.T.);
#10585 = EDGE_CURVE('',#10578,#10586,#10588,.T.);
#10586 = VERTEX_POINT('',#10587);
#10587 = CARTESIAN_POINT('',(56.638908,22.495721,2.));
#10588 = CIRCLE('',#10589,0.1);
#10589 = AXIS2_PLACEMENT_3D('',#10590,#10591,#10592);
#10590 = CARTESIAN_POINT('',(56.638908,22.495721,1.9));
#10591 = DIRECTION('',(0.,-1.,0.));
#10592 = DIRECTION('',(0.707106781187,0.,0.707106781187));
#10593 = ORIENTED_EDGE('',*,*,#10594,.T.);
#10594 = EDGE_CURVE('',#10586,#10567,#10595,.T.);
#10595 = LINE('',#10596,#10597);
#10596 = CARTESIAN_POINT('',(56.638908,22.495721,2.));
#10597 = VECTOR('',#10598,1.);
#10598 = DIRECTION('',(0.,-1.,0.));
#10599 = CYLINDRICAL_SURFACE('',#10600,0.1);
#10600 = AXIS2_PLACEMENT_3D('',#10601,#10602,#10603);
#10601 = CARTESIAN_POINT('',(56.638908,22.495721,1.9));
#10602 = DIRECTION('',(0.,-1.,0.));
#10603 = DIRECTION('',(0.707106781187,0.,0.707106781187));
#10604 = ADVANCED_FACE('',(#10605),#10630,.T.);
#10605 = FACE_BOUND('',#10606,.T.);
#10606 = EDGE_LOOP('',(#10607,#10608,#10616,#10624));
#10607 = ORIENTED_EDGE('',*,*,#10577,.F.);
#10608 = ORIENTED_EDGE('',*,*,#10609,.T.);
#10609 = EDGE_CURVE('',#10569,#10610,#10612,.T.);
#10610 = VERTEX_POINT('',#10611);
#10611 = CARTESIAN_POINT('',(56.738908,22.345721,0.3));
#10612 = LINE('',#10613,#10614);
#10613 = CARTESIAN_POINT('',(56.738908,22.345721,2.));
#10614 = VECTOR('',#10615,1.);
#10615 = DIRECTION('',(0.,0.,-1.));
#10616 = ORIENTED_EDGE('',*,*,#10617,.F.);
#10617 = EDGE_CURVE('',#10618,#10610,#10620,.T.);
#10618 = VERTEX_POINT('',#10619);
#10619 = CARTESIAN_POINT('',(56.738908,22.495721,0.3));
#10620 = LINE('',#10621,#10622);
#10621 = CARTESIAN_POINT('',(56.738908,22.495721,0.3));
#10622 = VECTOR('',#10623,1.);
#10623 = DIRECTION('',(0.,-1.,0.));
#10624 = ORIENTED_EDGE('',*,*,#10625,.F.);
#10625 = EDGE_CURVE('',#10578,#10618,#10626,.T.);
#10626 = LINE('',#10627,#10628);
#10627 = CARTESIAN_POINT('',(56.738908,22.495721,2.));
#10628 = VECTOR('',#10629,1.);
#10629 = DIRECTION('',(0.,0.,-1.));
#10630 = PLANE('',#10631);
#10631 = AXIS2_PLACEMENT_3D('',#10632,#10633,#10634);
#10632 = CARTESIAN_POINT('',(56.738908,22.495721,2.));
#10633 = DIRECTION('',(1.,0.,0.));
#10634 = DIRECTION('',(0.,0.,1.));
#10635 = ADVANCED_FACE('',(#10636),#10668,.F.);
#10636 = FACE_BOUND('',#10637,.T.);
#10637 = EDGE_LOOP('',(#10638,#10639,#10645,#10646,#10647,#10648,#10649,
    #10650,#10651,#10652,#10660,#10667));
#10638 = ORIENTED_EDGE('',*,*,#10566,.F.);
#10639 = ORIENTED_EDGE('',*,*,#10640,.T.);
#10640 = EDGE_CURVE('',#10567,#10441,#10641,.T.);
#10641 = LINE('',#10642,#10643);
#10642 = CARTESIAN_POINT('',(55.888908,22.345721,2.));
#10643 = VECTOR('',#10644,1.);
#10644 = DIRECTION('',(-1.,0.,0.));
#10645 = ORIENTED_EDGE('',*,*,#10440,.T.);
#10646 = ORIENTED_EDGE('',*,*,#10480,.T.);
#10647 = ORIENTED_EDGE('',*,*,#10544,.T.);
#10648 = ORIENTED_EDGE('',*,*,#10529,.T.);
#10649 = ORIENTED_EDGE('',*,*,#10409,.T.);
#10650 = ORIENTED_EDGE('',*,*,#10378,.T.);
#10651 = ORIENTED_EDGE('',*,*,#10338,.T.);
#10652 = ORIENTED_EDGE('',*,*,#10653,.T.);
#10653 = EDGE_CURVE('',#10341,#10654,#10656,.T.);
#10654 = VERTEX_POINT('',#10655);
#10655 = CARTESIAN_POINT('',(56.638908,22.345721,0.2));
#10656 = LINE('',#10657,#10658);
#10657 = CARTESIAN_POINT('',(55.816958704824,22.345721,0.2));
#10658 = VECTOR('',#10659,1.);
#10659 = DIRECTION('',(1.,0.,0.));
#10660 = ORIENTED_EDGE('',*,*,#10661,.F.);
#10661 = EDGE_CURVE('',#10610,#10654,#10662,.T.);
#10662 = CIRCLE('',#10663,0.1);
#10663 = AXIS2_PLACEMENT_3D('',#10664,#10665,#10666);
#10664 = CARTESIAN_POINT('',(56.638908,22.345721,0.3));
#10665 = DIRECTION('',(0.,1.,0.));
#10666 = DIRECTION('',(0.707106781187,0.,-0.707106781187));
#10667 = ORIENTED_EDGE('',*,*,#10609,.F.);
#10668 = PLANE('',#10669);
#10669 = AXIS2_PLACEMENT_3D('',#10670,#10671,#10672);
#10670 = CARTESIAN_POINT('',(50.919956733961,22.345721,0.899011437739));
#10671 = DIRECTION('',(0.,1.,0.));
#10672 = DIRECTION('',(-1.,0.,0.));
#10673 = ADVANCED_FACE('',(#10674),#10693,.T.);
#10674 = FACE_BOUND('',#10675,.T.);
#10675 = EDGE_LOOP('',(#10676,#10677,#10685,#10692));
#10676 = ORIENTED_EDGE('',*,*,#10661,.T.);
#10677 = ORIENTED_EDGE('',*,*,#10678,.T.);
#10678 = EDGE_CURVE('',#10654,#10679,#10681,.T.);
#10679 = VERTEX_POINT('',#10680);
#10680 = CARTESIAN_POINT('',(56.638908,22.495721,0.2));
#10681 = LINE('',#10682,#10683);
#10682 = CARTESIAN_POINT('',(56.638908,22.495721,0.2));
#10683 = VECTOR('',#10684,1.);
#10684 = DIRECTION('',(0.,1.,0.));
#10685 = ORIENTED_EDGE('',*,*,#10686,.T.);
#10686 = EDGE_CURVE('',#10679,#10618,#10687,.T.);
#10687 = CIRCLE('',#10688,0.1);
#10688 = AXIS2_PLACEMENT_3D('',#10689,#10690,#10691);
#10689 = CARTESIAN_POINT('',(56.638908,22.495721,0.3));
#10690 = DIRECTION('',(0.,-1.,0.));
#10691 = DIRECTION('',(0.707106781187,0.,-0.707106781187));
#10692 = ORIENTED_EDGE('',*,*,#10617,.T.);
#10693 = CYLINDRICAL_SURFACE('',#10694,0.1);
#10694 = AXIS2_PLACEMENT_3D('',#10695,#10696,#10697);
#10695 = CARTESIAN_POINT('',(56.638908,22.495721,0.3));
#10696 = DIRECTION('',(0.,-1.,0.));
#10697 = DIRECTION('',(0.707106781187,0.,-0.707106781187));
#10698 = ADVANCED_FACE('',(#10699),#10710,.T.);
#10699 = FACE_BOUND('',#10700,.T.);
#10700 = EDGE_LOOP('',(#10701,#10702,#10708,#10709));
#10701 = ORIENTED_EDGE('',*,*,#10594,.F.);
#10702 = ORIENTED_EDGE('',*,*,#10703,.T.);
#10703 = EDGE_CURVE('',#10586,#10451,#10704,.T.);
#10704 = LINE('',#10705,#10706);
#10705 = CARTESIAN_POINT('',(56.538908,22.495721,2.));
#10706 = VECTOR('',#10707,1.);
#10707 = DIRECTION('',(-1.,0.,0.));
#10708 = ORIENTED_EDGE('',*,*,#10450,.T.);
#10709 = ORIENTED_EDGE('',*,*,#10640,.F.);
#10710 = PLANE('',#10711);
#10711 = AXIS2_PLACEMENT_3D('',#10712,#10713,#10714);
#10712 = CARTESIAN_POINT('',(56.288908,22.495721,2.));
#10713 = DIRECTION('',(0.,0.,1.));
#10714 = DIRECTION('',(-1.,0.,0.));
#10715 = ADVANCED_FACE('',(#10716),#10735,.T.);
#10716 = FACE_BOUND('',#10717,.T.);
#10717 = EDGE_LOOP('',(#10718,#10719,#10720,#10721,#10727,#10728,#10729,
    #10730,#10731,#10732,#10733,#10734));
#10718 = ORIENTED_EDGE('',*,*,#10585,.F.);
#10719 = ORIENTED_EDGE('',*,*,#10625,.T.);
#10720 = ORIENTED_EDGE('',*,*,#10686,.F.);
#10721 = ORIENTED_EDGE('',*,*,#10722,.F.);
#10722 = EDGE_CURVE('',#10357,#10679,#10723,.T.);
#10723 = LINE('',#10724,#10725);
#10724 = CARTESIAN_POINT('',(56.395009409648,22.495721,0.2));
#10725 = VECTOR('',#10726,1.);
#10726 = DIRECTION('',(1.,0.,0.));
#10727 = ORIENTED_EDGE('',*,*,#10356,.F.);
#10728 = ORIENTED_EDGE('',*,*,#10394,.T.);
#10729 = ORIENTED_EDGE('',*,*,#10425,.T.);
#10730 = ORIENTED_EDGE('',*,*,#10512,.T.);
#10731 = ORIENTED_EDGE('',*,*,#10551,.T.);
#10732 = ORIENTED_EDGE('',*,*,#10489,.T.);
#10733 = ORIENTED_EDGE('',*,*,#10458,.F.);
#10734 = ORIENTED_EDGE('',*,*,#10703,.F.);
#10735 = PLANE('',#10736);
#10736 = AXIS2_PLACEMENT_3D('',#10737,#10738,#10739);
#10737 = CARTESIAN_POINT('',(50.919956733961,22.495721,0.899011437739));
#10738 = DIRECTION('',(0.,1.,0.));
#10739 = DIRECTION('',(-1.,0.,0.));
#10740 = ADVANCED_FACE('',(#10741),#10747,.T.);
#10741 = FACE_BOUND('',#10742,.T.);
#10742 = EDGE_LOOP('',(#10743,#10744,#10745,#10746));
#10743 = ORIENTED_EDGE('',*,*,#10678,.F.);
#10744 = ORIENTED_EDGE('',*,*,#10653,.F.);
#10745 = ORIENTED_EDGE('',*,*,#10364,.F.);
#10746 = ORIENTED_EDGE('',*,*,#10722,.T.);
#10747 = PLANE('',#10748);
#10748 = AXIS2_PLACEMENT_3D('',#10749,#10750,#10751);
#10749 = CARTESIAN_POINT('',(56.738908,22.495721,0.2));
#10750 = DIRECTION('',(0.,0.,-1.));
#10751 = DIRECTION('',(1.,0.,0.));
#10752 = ( GEOMETRIC_REPRESENTATION_CONTEXT(3) 
GLOBAL_UNCERTAINTY_ASSIGNED_CONTEXT((#10756)) 
GLOBAL_UNIT_ASSIGNED_CONTEXT((#10753,#10754,#10755)) 
REPRESENTATION_CONTEXT('Context #1',
  '3D Context with UNIT and UNCERTAINTY') );
#10753 = ( LENGTH_UNIT() NAMED_UNIT(*) SI_UNIT(.MILLI.,.METRE.) );
#10754 = ( NAMED_UNIT(*) PLANE_ANGLE_UNIT() SI_UNIT($,.RADIAN.) );
#10755 = ( NAMED_UNIT(*) SI_UNIT($,.STERADIAN.) SOLID_ANGLE_UNIT() );
#10756 = UNCERTAINTY_MEASURE_WITH_UNIT(LENGTH_MEASURE(1.E-07),#10753,
  'distance_accuracy_value','confusion accuracy');
#10757 = SHAPE_DEFINITION_REPRESENTATION(#10758,#9911);
#10758 = PRODUCT_DEFINITION_SHAPE('','',#10759);
#10759 = PRODUCT_DEFINITION('design','',#10760,#10763);
#10760 = PRODUCT_DEFINITION_FORMATION('','',#10761);
#10761 = PRODUCT('2','2','',(#10762));
#10762 = PRODUCT_CONTEXT('',#2,'mechanical');
#10763 = PRODUCT_DEFINITION_CONTEXT('part definition',#2,'design');
#10764 = CONTEXT_DEPENDENT_SHAPE_REPRESENTATION(#10765,#10767);
#10765 = ( REPRESENTATION_RELATIONSHIP('','',#9911,#9716) 
REPRESENTATION_RELATIONSHIP_WITH_TRANSFORMATION(#10766) 
SHAPE_REPRESENTATION_RELATIONSHIP() );
#10766 = ITEM_DEFINED_TRANSFORMATION('','',#11,#9721);
#10767 = PRODUCT_DEFINITION_SHAPE('Placement','Placement of an item',
  #10768);
#10768 = NEXT_ASSEMBLY_USAGE_OCCURRENCE('8','2:1','',#9711,#10759,$);
#10769 = PRODUCT_RELATED_PRODUCT_CATEGORY('part',$,(#10761));
#10770 = ADVANCED_BREP_SHAPE_REPRESENTATION('',(#11,#10771),#10993);
#10771 = MANIFOLD_SOLID_BREP('',#10772);
#10772 = CLOSED_SHELL('',(#10773,#10815,#10864,#10888,#10913,#10945,
    #10962,#10979));
#10773 = ADVANCED_FACE('',(#10774),#10810,.T.);
#10774 = FACE_BOUND('',#10775,.T.);
#10775 = EDGE_LOOP('',(#10776,#10787,#10795,#10804));
#10776 = ORIENTED_EDGE('',*,*,#10777,.T.);
#10777 = EDGE_CURVE('',#10778,#10780,#10782,.T.);
#10778 = VERTEX_POINT('',#10779);
#10779 = CARTESIAN_POINT('',(55.538908,22.145721,-0.35));
#10780 = VERTEX_POINT('',#10781);
#10781 = CARTESIAN_POINT('',(55.438908,22.145721,-0.45));
#10782 = CIRCLE('',#10783,0.1);
#10783 = AXIS2_PLACEMENT_3D('',#10784,#10785,#10786);
#10784 = CARTESIAN_POINT('',(55.438908,22.145721,-0.35));
#10785 = DIRECTION('',(0.,1.,0.));
#10786 = DIRECTION('',(0.707106781187,0.,-0.707106781187));
#10787 = ORIENTED_EDGE('',*,*,#10788,.T.);
#10788 = EDGE_CURVE('',#10780,#10789,#10791,.T.);
#10789 = VERTEX_POINT('',#10790);
#10790 = CARTESIAN_POINT('',(55.438908,22.295721,-0.45));
#10791 = LINE('',#10792,#10793);
#10792 = CARTESIAN_POINT('',(55.438908,22.495721,-0.45));
#10793 = VECTOR('',#10794,1.);
#10794 = DIRECTION('',(0.,1.,0.));
#10795 = ORIENTED_EDGE('',*,*,#10796,.T.);
#10796 = EDGE_CURVE('',#10789,#10797,#10799,.T.);
#10797 = VERTEX_POINT('',#10798);
#10798 = CARTESIAN_POINT('',(55.538908,22.295721,-0.35));
#10799 = CIRCLE('',#10800,0.1);
#10800 = AXIS2_PLACEMENT_3D('',#10801,#10802,#10803);
#10801 = CARTESIAN_POINT('',(55.438908,22.295721,-0.35));
#10802 = DIRECTION('',(0.,-1.,0.));
#10803 = DIRECTION('',(0.707106781187,0.,-0.707106781187));
#10804 = ORIENTED_EDGE('',*,*,#10805,.T.);
#10805 = EDGE_CURVE('',#10797,#10778,#10806,.T.);
#10806 = LINE('',#10807,#10808);
#10807 = CARTESIAN_POINT('',(55.538908,22.495721,-0.35));
#10808 = VECTOR('',#10809,1.);
#10809 = DIRECTION('',(0.,-1.,0.));
#10810 = CYLINDRICAL_SURFACE('',#10811,0.1);
#10811 = AXIS2_PLACEMENT_3D('',#10812,#10813,#10814);
#10812 = CARTESIAN_POINT('',(55.438908,22.495721,-0.35));
#10813 = DIRECTION('',(0.,-1.,0.));
#10814 = DIRECTION('',(0.707106781187,0.,-0.707106781187));
#10815 = ADVANCED_FACE('',(#10816),#10859,.F.);
#10816 = FACE_BOUND('',#10817,.T.);
#10817 = EDGE_LOOP('',(#10818,#10819,#10827,#10836,#10844,#10853));
#10818 = ORIENTED_EDGE('',*,*,#10796,.F.);
#10819 = ORIENTED_EDGE('',*,*,#10820,.T.);
#10820 = EDGE_CURVE('',#10789,#10821,#10823,.T.);
#10821 = VERTEX_POINT('',#10822);
#10822 = CARTESIAN_POINT('',(55.038908,22.295721,-0.45));
#10823 = LINE('',#10824,#10825);
#10824 = CARTESIAN_POINT('',(50.919956733961,22.295721,-0.45));
#10825 = VECTOR('',#10826,1.);
#10826 = DIRECTION('',(-1.,0.,0.));
#10827 = ORIENTED_EDGE('',*,*,#10828,.F.);
#10828 = EDGE_CURVE('',#10829,#10821,#10831,.T.);
#10829 = VERTEX_POINT('',#10830);
#10830 = CARTESIAN_POINT('',(54.938908,22.295721,-0.35));
#10831 = CIRCLE('',#10832,0.1);
#10832 = AXIS2_PLACEMENT_3D('',#10833,#10834,#10835);
#10833 = CARTESIAN_POINT('',(55.038908,22.295721,-0.35));
#10834 = DIRECTION('',(0.,-1.,0.));
#10835 = DIRECTION('',(-0.707106781187,-0.,-0.707106781187));
#10836 = ORIENTED_EDGE('',*,*,#10837,.T.);
#10837 = EDGE_CURVE('',#10829,#10838,#10840,.T.);
#10838 = VERTEX_POINT('',#10839);
#10839 = CARTESIAN_POINT('',(54.938908,22.295721,0.146060798583));
#10840 = LINE('',#10841,#10842);
#10841 = CARTESIAN_POINT('',(54.938908,22.295721,-0.175984800354));
#10842 = VECTOR('',#10843,1.);
#10843 = DIRECTION('',(0.,0.,1.));
#10844 = ORIENTED_EDGE('',*,*,#10845,.T.);
#10845 = EDGE_CURVE('',#10838,#10846,#10848,.T.);
#10846 = VERTEX_POINT('',#10847);
#10847 = CARTESIAN_POINT('',(55.538908,22.295721,0.146060798583));
#10848 = CIRCLE('',#10849,1.);
#10849 = AXIS2_PLACEMENT_3D('',#10850,#10851,#10852);
#10850 = CARTESIAN_POINT('',(55.238908,22.295721,1.1));
#10851 = DIRECTION('',(0.,-1.,0.));
#10852 = DIRECTION('',(0.3,0.,0.953939201417));
#10853 = ORIENTED_EDGE('',*,*,#10854,.T.);
#10854 = EDGE_CURVE('',#10846,#10797,#10855,.T.);
#10855 = LINE('',#10856,#10857);
#10856 = CARTESIAN_POINT('',(55.538908,22.295721,-2.954401062709E-03));
#10857 = VECTOR('',#10858,1.);
#10858 = DIRECTION('',(0.,0.,-1.));
#10859 = PLANE('',#10860);
#10860 = AXIS2_PLACEMENT_3D('',#10861,#10862,#10863);
#10861 = CARTESIAN_POINT('',(55.538908,22.295721,-0.45));
#10862 = DIRECTION('',(0.,-1.,0.));
#10863 = DIRECTION('',(1.,0.,0.));
#10864 = ADVANCED_FACE('',(#10865),#10883,.T.);
#10865 = FACE_BOUND('',#10866,.T.);
#10866 = EDGE_LOOP('',(#10867,#10868,#10876,#10882));
#10867 = ORIENTED_EDGE('',*,*,#10788,.F.);
#10868 = ORIENTED_EDGE('',*,*,#10869,.F.);
#10869 = EDGE_CURVE('',#10870,#10780,#10872,.T.);
#10870 = VERTEX_POINT('',#10871);
#10871 = CARTESIAN_POINT('',(55.038908,22.145721,-0.45));
#10872 = LINE('',#10873,#10874);
#10873 = CARTESIAN_POINT('',(50.919956733961,22.145721,-0.45));
#10874 = VECTOR('',#10875,1.);
#10875 = DIRECTION('',(1.,0.,0.));
#10876 = ORIENTED_EDGE('',*,*,#10877,.F.);
#10877 = EDGE_CURVE('',#10821,#10870,#10878,.T.);
#10878 = LINE('',#10879,#10880);
#10879 = CARTESIAN_POINT('',(55.038908,22.495721,-0.45));
#10880 = VECTOR('',#10881,1.);
#10881 = DIRECTION('',(0.,-1.,0.));
#10882 = ORIENTED_EDGE('',*,*,#10820,.F.);
#10883 = PLANE('',#10884);
#10884 = AXIS2_PLACEMENT_3D('',#10885,#10886,#10887);
#10885 = CARTESIAN_POINT('',(55.538908,22.495721,-0.45));
#10886 = DIRECTION('',(0.,0.,-1.));
#10887 = DIRECTION('',(1.,0.,0.));
#10888 = ADVANCED_FACE('',(#10889),#10908,.T.);
#10889 = FACE_BOUND('',#10890,.T.);
#10890 = EDGE_LOOP('',(#10891,#10900,#10906,#10907));
#10891 = ORIENTED_EDGE('',*,*,#10892,.T.);
#10892 = EDGE_CURVE('',#10870,#10893,#10895,.T.);
#10893 = VERTEX_POINT('',#10894);
#10894 = CARTESIAN_POINT('',(54.938908,22.145721,-0.35));
#10895 = CIRCLE('',#10896,0.1);
#10896 = AXIS2_PLACEMENT_3D('',#10897,#10898,#10899);
#10897 = CARTESIAN_POINT('',(55.038908,22.145721,-0.35));
#10898 = DIRECTION('',(0.,1.,0.));
#10899 = DIRECTION('',(-0.707106781187,0.,-0.707106781187));
#10900 = ORIENTED_EDGE('',*,*,#10901,.T.);
#10901 = EDGE_CURVE('',#10893,#10829,#10902,.T.);
#10902 = LINE('',#10903,#10904);
#10903 = CARTESIAN_POINT('',(54.938908,22.495721,-0.35));
#10904 = VECTOR('',#10905,1.);
#10905 = DIRECTION('',(0.,1.,0.));
#10906 = ORIENTED_EDGE('',*,*,#10828,.T.);
#10907 = ORIENTED_EDGE('',*,*,#10877,.T.);
#10908 = CYLINDRICAL_SURFACE('',#10909,0.1);
#10909 = AXIS2_PLACEMENT_3D('',#10910,#10911,#10912);
#10910 = CARTESIAN_POINT('',(55.038908,22.495721,-0.35));
#10911 = DIRECTION('',(0.,-1.,0.));
#10912 = DIRECTION('',(-0.707106781187,-0.,-0.707106781187));
#10913 = ADVANCED_FACE('',(#10914),#10940,.F.);
#10914 = FACE_BOUND('',#10915,.F.);
#10915 = EDGE_LOOP('',(#10916,#10924,#10933,#10939));
#10916 = ORIENTED_EDGE('',*,*,#10917,.F.);
#10917 = EDGE_CURVE('',#10918,#10846,#10920,.T.);
#10918 = VERTEX_POINT('',#10919);
#10919 = CARTESIAN_POINT('',(55.538908,22.145721,0.146060798583));
#10920 = LINE('',#10921,#10922);
#10921 = CARTESIAN_POINT('',(55.538908,22.145721,0.146060798583));
#10922 = VECTOR('',#10923,1.);
#10923 = DIRECTION('',(0.,1.,0.));
#10924 = ORIENTED_EDGE('',*,*,#10925,.T.);
#10925 = EDGE_CURVE('',#10918,#10926,#10928,.T.);
#10926 = VERTEX_POINT('',#10927);
#10927 = CARTESIAN_POINT('',(54.938908,22.145721,0.146060798583));
#10928 = CIRCLE('',#10929,1.);
#10929 = AXIS2_PLACEMENT_3D('',#10930,#10931,#10932);
#10930 = CARTESIAN_POINT('',(55.238908,22.145721,1.1));
#10931 = DIRECTION('',(0.,1.,0.));
#10932 = DIRECTION('',(-1.,0.,0.));
#10933 = ORIENTED_EDGE('',*,*,#10934,.T.);
#10934 = EDGE_CURVE('',#10926,#10838,#10935,.T.);
#10935 = LINE('',#10936,#10937);
#10936 = CARTESIAN_POINT('',(54.938908,22.145721,0.146060798583));
#10937 = VECTOR('',#10938,1.);
#10938 = DIRECTION('',(0.,1.,0.));
#10939 = ORIENTED_EDGE('',*,*,#10845,.T.);
#10940 = CYLINDRICAL_SURFACE('',#10941,1.);
#10941 = AXIS2_PLACEMENT_3D('',#10942,#10943,#10944);
#10942 = CARTESIAN_POINT('',(55.238908,22.145721,1.1));
#10943 = DIRECTION('',(0.,1.,0.));
#10944 = DIRECTION('',(0.3,-0.,0.953939201417));
#10945 = ADVANCED_FACE('',(#10946),#10957,.F.);
#10946 = FACE_BOUND('',#10947,.T.);
#10947 = EDGE_LOOP('',(#10948,#10949,#10950,#10951));
#10948 = ORIENTED_EDGE('',*,*,#10805,.F.);
#10949 = ORIENTED_EDGE('',*,*,#10854,.F.);
#10950 = ORIENTED_EDGE('',*,*,#10917,.F.);
#10951 = ORIENTED_EDGE('',*,*,#10952,.T.);
#10952 = EDGE_CURVE('',#10918,#10778,#10953,.T.);
#10953 = LINE('',#10954,#10955);
#10954 = CARTESIAN_POINT('',(55.538908,22.145721,0.899011437739));
#10955 = VECTOR('',#10956,1.);
#10956 = DIRECTION('',(0.,0.,-1.));
#10957 = PLANE('',#10958);
#10958 = AXIS2_PLACEMENT_3D('',#10959,#10960,#10961);
#10959 = CARTESIAN_POINT('',(55.538908,22.495721,0.146060798583));
#10960 = DIRECTION('',(-1.,0.,0.));
#10961 = DIRECTION('',(0.,0.,-1.));
#10962 = ADVANCED_FACE('',(#10963),#10974,.T.);
#10963 = FACE_BOUND('',#10964,.T.);
#10964 = EDGE_LOOP('',(#10965,#10966,#10972,#10973));
#10965 = ORIENTED_EDGE('',*,*,#10901,.F.);
#10966 = ORIENTED_EDGE('',*,*,#10967,.F.);
#10967 = EDGE_CURVE('',#10926,#10893,#10968,.T.);
#10968 = LINE('',#10969,#10970);
#10969 = CARTESIAN_POINT('',(54.938908,22.145721,0.899011437739));
#10970 = VECTOR('',#10971,1.);
#10971 = DIRECTION('',(0.,0.,-1.));
#10972 = ORIENTED_EDGE('',*,*,#10934,.T.);
#10973 = ORIENTED_EDGE('',*,*,#10837,.F.);
#10974 = PLANE('',#10975);
#10975 = AXIS2_PLACEMENT_3D('',#10976,#10977,#10978);
#10976 = CARTESIAN_POINT('',(54.938908,22.495721,-0.45));
#10977 = DIRECTION('',(-1.,0.,0.));
#10978 = DIRECTION('',(0.,0.,-1.));
#10979 = ADVANCED_FACE('',(#10980),#10988,.F.);
#10980 = FACE_BOUND('',#10981,.T.);
#10981 = EDGE_LOOP('',(#10982,#10983,#10984,#10985,#10986,#10987));
#10982 = ORIENTED_EDGE('',*,*,#10777,.F.);
#10983 = ORIENTED_EDGE('',*,*,#10952,.F.);
#10984 = ORIENTED_EDGE('',*,*,#10925,.T.);
#10985 = ORIENTED_EDGE('',*,*,#10967,.T.);
#10986 = ORIENTED_EDGE('',*,*,#10892,.F.);
#10987 = ORIENTED_EDGE('',*,*,#10869,.T.);
#10988 = PLANE('',#10989);
#10989 = AXIS2_PLACEMENT_3D('',#10990,#10991,#10992);
#10990 = CARTESIAN_POINT('',(50.919956733961,22.145721,0.899011437739));
#10991 = DIRECTION('',(0.,1.,0.));
#10992 = DIRECTION('',(-1.,0.,0.));
#10993 = ( GEOMETRIC_REPRESENTATION_CONTEXT(3) 
GLOBAL_UNCERTAINTY_ASSIGNED_CONTEXT((#10997)) 
GLOBAL_UNIT_ASSIGNED_CONTEXT((#10994,#10995,#10996)) 
REPRESENTATION_CONTEXT('Context #1',
  '3D Context with UNIT and UNCERTAINTY') );
#10994 = ( LENGTH_UNIT() NAMED_UNIT(*) SI_UNIT(.MILLI.,.METRE.) );
#10995 = ( NAMED_UNIT(*) PLANE_ANGLE_UNIT() SI_UNIT($,.RADIAN.) );
#10996 = ( NAMED_UNIT(*) SI_UNIT($,.STERADIAN.) SOLID_ANGLE_UNIT() );
#10997 = UNCERTAINTY_MEASURE_WITH_UNIT(LENGTH_MEASURE(1.E-07),#10994,
  'distance_accuracy_value','confusion accuracy');
#10998 = SHAPE_DEFINITION_REPRESENTATION(#10999,#10770);
#10999 = PRODUCT_DEFINITION_SHAPE('','',#11000);
#11000 = PRODUCT_DEFINITION('design','',#11001,#11004);
#11001 = PRODUCT_DEFINITION_FORMATION('','',#11002);
#11002 = PRODUCT('3','3','',(#11003));
#11003 = PRODUCT_CONTEXT('',#2,'mechanical');
#11004 = PRODUCT_DEFINITION_CONTEXT('part definition',#2,'design');
#11005 = CONTEXT_DEPENDENT_SHAPE_REPRESENTATION(#11006,#11008);
#11006 = ( REPRESENTATION_RELATIONSHIP('','',#10770,#9716) 
REPRESENTATION_RELATIONSHIP_WITH_TRANSFORMATION(#11007) 
SHAPE_REPRESENTATION_RELATIONSHIP() );
#11007 = ITEM_DEFINED_TRANSFORMATION('','',#11,#9725);
#11008 = PRODUCT_DEFINITION_SHAPE('Placement','Placement of an item',
  #11009);
#11009 = NEXT_ASSEMBLY_USAGE_OCCURRENCE('9','3:1','',#9711,#11000,$);
#11010 = PRODUCT_RELATED_PRODUCT_CATEGORY('part',$,(#11002));
#11011 = ADVANCED_BREP_SHAPE_REPRESENTATION('',(#11,#11012),#11242);
#11012 = MANIFOLD_SOLID_BREP('',#11013);
#11013 = CLOSED_SHELL('',(#11014,#11042,#11066,#11099,#11124,#11148,
    #11181,#11206,#11226));
#11014 = ADVANCED_FACE('',(#11015,#11026),#11037,.F.);
#11015 = FACE_BOUND('',#11016,.T.);
#11016 = EDGE_LOOP('',(#11017));
#11017 = ORIENTED_EDGE('',*,*,#11018,.T.);
#11018 = EDGE_CURVE('',#11019,#11019,#11021,.T.);
#11019 = VERTEX_POINT('',#11020);
#11020 = CARTESIAN_POINT('',(56.238908,22.295721,1.1));
#11021 = CIRCLE('',#11022,1.);
#11022 = AXIS2_PLACEMENT_3D('',#11023,#11024,#11025);
#11023 = CARTESIAN_POINT('',(55.238908,22.295721,1.1));
#11024 = DIRECTION('',(0.,1.,0.));
#11025 = DIRECTION('',(-1.,0.,0.));
#11026 = FACE_BOUND('',#11027,.T.);
#11027 = EDGE_LOOP('',(#11028));
#11028 = ORIENTED_EDGE('',*,*,#11029,.T.);
#11029 = EDGE_CURVE('',#11030,#11030,#11032,.T.);
#11030 = VERTEX_POINT('',#11031);
#11031 = CARTESIAN_POINT('',(56.088908,22.295721,1.1));
#11032 = CIRCLE('',#11033,0.85);
#11033 = AXIS2_PLACEMENT_3D('',#11034,#11035,#11036);
#11034 = CARTESIAN_POINT('',(55.238908,22.295721,1.1));
#11035 = DIRECTION('',(0.,-1.,0.));
#11036 = DIRECTION('',(-1.,0.,0.));
#11037 = PLANE('',#11038);
#11038 = AXIS2_PLACEMENT_3D('',#11039,#11040,#11041);
#11039 = CARTESIAN_POINT('',(55.238908,22.295721,1.1));
#11040 = DIRECTION('',(0.,-1.,0.));
#11041 = DIRECTION('',(0.,0.,-1.));
#11042 = ADVANCED_FACE('',(#11043),#11061,.T.);
#11043 = FACE_BOUND('',#11044,.T.);
#11044 = EDGE_LOOP('',(#11045,#11054,#11059,#11060));
#11045 = ORIENTED_EDGE('',*,*,#11046,.T.);
#11046 = EDGE_CURVE('',#11047,#11047,#11049,.T.);
#11047 = VERTEX_POINT('',#11048);
#11048 = CARTESIAN_POINT('',(56.238908,22.015721,1.1));
#11049 = CIRCLE('',#11050,1.);
#11050 = AXIS2_PLACEMENT_3D('',#11051,#11052,#11053);
#11051 = CARTESIAN_POINT('',(55.238908,22.015721,1.1));
#11052 = DIRECTION('',(0.,1.,0.));
#11053 = DIRECTION('',(-1.,0.,0.));
#11054 = ORIENTED_EDGE('',*,*,#11055,.T.);
#11055 = EDGE_CURVE('',#11047,#11019,#11056,.T.);
#11056 = B_SPLINE_CURVE_WITH_KNOTS('',1,(#11057,#11058),.UNSPECIFIED.,
  .F.,.F.,(2,2),(-0.48,-0.2),.PIECEWISE_BEZIER_KNOTS.);
#11057 = CARTESIAN_POINT('',(56.238908,22.015721,1.1));
#11058 = CARTESIAN_POINT('',(56.238908,22.295721,1.1));
#11059 = ORIENTED_EDGE('',*,*,#11018,.F.);
#11060 = ORIENTED_EDGE('',*,*,#11055,.F.);
#11061 = CYLINDRICAL_SURFACE('',#11062,1.);
#11062 = AXIS2_PLACEMENT_3D('',#11063,#11064,#11065);
#11063 = CARTESIAN_POINT('',(55.238908,22.495721,1.1));
#11064 = DIRECTION('',(0.,1.,0.));
#11065 = DIRECTION('',(-1.,0.,0.));
#11066 = ADVANCED_FACE('',(#11067),#11094,.T.);
#11067 = FACE_BOUND('',#11068,.T.);
#11068 = EDGE_LOOP('',(#11069,#11070,#11077,#11086,#11093));
#11069 = ORIENTED_EDGE('',*,*,#11046,.F.);
#11070 = ORIENTED_EDGE('',*,*,#11071,.F.);
#11071 = EDGE_CURVE('',#11072,#11047,#11074,.T.);
#11072 = VERTEX_POINT('',#11073);
#11073 = CARTESIAN_POINT('',(56.168908,21.945721,1.1));
#11074 = B_SPLINE_CURVE_WITH_KNOTS('',1,(#11075,#11076),.UNSPECIFIED.,
  .F.,.F.,(2,2),(-2.355138688026E-16,9.899494936612E-02),
  .PIECEWISE_BEZIER_KNOTS.);
#11075 = CARTESIAN_POINT('',(56.168908,21.945721,1.1));
#11076 = CARTESIAN_POINT('',(56.238908,22.015721,1.1));
#11077 = ORIENTED_EDGE('',*,*,#11078,.T.);
#11078 = EDGE_CURVE('',#11072,#11079,#11081,.T.);
#11079 = VERTEX_POINT('',#11080);
#11080 = CARTESIAN_POINT('',(54.308908,21.945721,1.1));
#11081 = CIRCLE('',#11082,0.93);
#11082 = AXIS2_PLACEMENT_3D('',#11083,#11084,#11085);
#11083 = CARTESIAN_POINT('',(55.238908,21.945721,1.1));
#11084 = DIRECTION('',(0.,1.,0.));
#11085 = DIRECTION('',(-1.,0.,0.));
#11086 = ORIENTED_EDGE('',*,*,#11087,.T.);
#11087 = EDGE_CURVE('',#11079,#11072,#11088,.T.);
#11088 = CIRCLE('',#11089,0.93);
#11089 = AXIS2_PLACEMENT_3D('',#11090,#11091,#11092);
#11090 = CARTESIAN_POINT('',(55.238908,21.945721,1.1));
#11091 = DIRECTION('',(0.,1.,0.));
#11092 = DIRECTION('',(-1.,0.,0.));
#11093 = ORIENTED_EDGE('',*,*,#11071,.T.);
#11094 = CONICAL_SURFACE('',#11095,0.93,0.785398163397);
#11095 = AXIS2_PLACEMENT_3D('',#11096,#11097,#11098);
#11096 = CARTESIAN_POINT('',(55.238908,21.945721,1.1));
#11097 = DIRECTION('',(0.,1.,0.));
#11098 = DIRECTION('',(1.,0.,0.));
#11099 = ADVANCED_FACE('',(#11100),#11119,.T.);
#11100 = FACE_BOUND('',#11101,.T.);
#11101 = EDGE_LOOP('',(#11102,#11103,#11110,#11117,#11118));
#11102 = ORIENTED_EDGE('',*,*,#11087,.F.);
#11103 = ORIENTED_EDGE('',*,*,#11104,.F.);
#11104 = EDGE_CURVE('',#11105,#11079,#11107,.T.);
#11105 = VERTEX_POINT('',#11106);
#11106 = CARTESIAN_POINT('',(54.308908,21.845721,1.1));
#11107 = B_SPLINE_CURVE_WITH_KNOTS('',1,(#11108,#11109),.UNSPECIFIED.,
  .F.,.F.,(2,2),(-5.E-02,5.E-02),.PIECEWISE_BEZIER_KNOTS.);
#11108 = CARTESIAN_POINT('',(54.308908,21.845721,1.1));
#11109 = CARTESIAN_POINT('',(54.308908,21.945721,1.1));
#11110 = ORIENTED_EDGE('',*,*,#11111,.T.);
#11111 = EDGE_CURVE('',#11105,#11105,#11112,.T.);
#11112 = CIRCLE('',#11113,0.93);
#11113 = AXIS2_PLACEMENT_3D('',#11114,#11115,#11116);
#11114 = CARTESIAN_POINT('',(55.238908,21.845721,1.1));
#11115 = DIRECTION('',(0.,1.,0.));
#11116 = DIRECTION('',(-1.,0.,0.));
#11117 = ORIENTED_EDGE('',*,*,#11104,.T.);
#11118 = ORIENTED_EDGE('',*,*,#11078,.F.);
#11119 = CYLINDRICAL_SURFACE('',#11120,0.93);
#11120 = AXIS2_PLACEMENT_3D('',#11121,#11122,#11123);
#11121 = CARTESIAN_POINT('',(55.238908,21.895721,1.1));
#11122 = DIRECTION('',(0.,1.,0.));
#11123 = DIRECTION('',(1.,0.,0.));
#11124 = ADVANCED_FACE('',(#11125),#11143,.T.);
#11125 = FACE_BOUND('',#11126,.T.);
#11126 = EDGE_LOOP('',(#11127,#11128,#11135,#11142));
#11127 = ORIENTED_EDGE('',*,*,#11111,.F.);
#11128 = ORIENTED_EDGE('',*,*,#11129,.T.);
#11129 = EDGE_CURVE('',#11105,#11130,#11132,.T.);
#11130 = VERTEX_POINT('',#11131);
#11131 = CARTESIAN_POINT('',(54.238908,21.775721,1.1));
#11132 = B_SPLINE_CURVE_WITH_KNOTS('',1,(#11133,#11134),.UNSPECIFIED.,
  .F.,.F.,(2,2),(-9.899494936612E-02,0.),.PIECEWISE_BEZIER_KNOTS.);
#11133 = CARTESIAN_POINT('',(54.308908,21.845721,1.1));
#11134 = CARTESIAN_POINT('',(54.238908,21.775721,1.1));
#11135 = ORIENTED_EDGE('',*,*,#11136,.T.);
#11136 = EDGE_CURVE('',#11130,#11130,#11137,.T.);
#11137 = CIRCLE('',#11138,1.);
#11138 = AXIS2_PLACEMENT_3D('',#11139,#11140,#11141);
#11139 = CARTESIAN_POINT('',(55.238908,21.775721,1.1));
#11140 = DIRECTION('',(0.,1.,0.));
#11141 = DIRECTION('',(-1.,0.,0.));
#11142 = ORIENTED_EDGE('',*,*,#11129,.F.);
#11143 = CONICAL_SURFACE('',#11144,1.,0.785398163397);
#11144 = AXIS2_PLACEMENT_3D('',#11145,#11146,#11147);
#11145 = CARTESIAN_POINT('',(55.238908,21.775721,1.1));
#11146 = DIRECTION('',(0.,-1.,0.));
#11147 = DIRECTION('',(-1.,0.,0.));
#11148 = ADVANCED_FACE('',(#11149),#11176,.T.);
#11149 = FACE_BOUND('',#11150,.T.);
#11150 = EDGE_LOOP('',(#11151,#11162,#11167,#11168,#11169));
#11151 = ORIENTED_EDGE('',*,*,#11152,.T.);
#11152 = EDGE_CURVE('',#11153,#11155,#11157,.T.);
#11153 = VERTEX_POINT('',#11154);
#11154 = CARTESIAN_POINT('',(56.238908,21.115721,1.1));
#11155 = VERTEX_POINT('',#11156);
#11156 = CARTESIAN_POINT('',(54.238908,21.115721,1.1));
#11157 = CIRCLE('',#11158,1.);
#11158 = AXIS2_PLACEMENT_3D('',#11159,#11160,#11161);
#11159 = CARTESIAN_POINT('',(55.238908,21.115721,1.1));
#11160 = DIRECTION('',(0.,1.,0.));
#11161 = DIRECTION('',(-1.,0.,0.));
#11162 = ORIENTED_EDGE('',*,*,#11163,.T.);
#11163 = EDGE_CURVE('',#11155,#11130,#11164,.T.);
#11164 = B_SPLINE_CURVE_WITH_KNOTS('',1,(#11165,#11166),.UNSPECIFIED.,
  .F.,.F.,(2,2),(-1.38,-0.72),.PIECEWISE_BEZIER_KNOTS.);
#11165 = CARTESIAN_POINT('',(54.238908,21.115721,1.1));
#11166 = CARTESIAN_POINT('',(54.238908,21.775721,1.1));
#11167 = ORIENTED_EDGE('',*,*,#11136,.F.);
#11168 = ORIENTED_EDGE('',*,*,#11163,.F.);
#11169 = ORIENTED_EDGE('',*,*,#11170,.T.);
#11170 = EDGE_CURVE('',#11155,#11153,#11171,.T.);
#11171 = CIRCLE('',#11172,1.);
#11172 = AXIS2_PLACEMENT_3D('',#11173,#11174,#11175);
#11173 = CARTESIAN_POINT('',(55.238908,21.115721,1.1));
#11174 = DIRECTION('',(0.,1.,0.));
#11175 = DIRECTION('',(-1.,0.,0.));
#11176 = CYLINDRICAL_SURFACE('',#11177,1.);
#11177 = AXIS2_PLACEMENT_3D('',#11178,#11179,#11180);
#11178 = CARTESIAN_POINT('',(55.238908,22.495721,1.1));
#11179 = DIRECTION('',(0.,1.,0.));
#11180 = DIRECTION('',(-1.,0.,0.));
#11181 = ADVANCED_FACE('',(#11182),#11201,.T.);
#11182 = FACE_BOUND('',#11183,.T.);
#11183 = EDGE_LOOP('',(#11184,#11193,#11198,#11199,#11200));
#11184 = ORIENTED_EDGE('',*,*,#11185,.T.);
#11185 = EDGE_CURVE('',#11186,#11186,#11188,.T.);
#11186 = VERTEX_POINT('',#11187);
#11187 = CARTESIAN_POINT('',(56.168908,21.045721,1.1));
#11188 = CIRCLE('',#11189,0.93);
#11189 = AXIS2_PLACEMENT_3D('',#11190,#11191,#11192);
#11190 = CARTESIAN_POINT('',(55.238908,21.045721,1.1));
#11191 = DIRECTION('',(0.,1.,0.));
#11192 = DIRECTION('',(-1.,0.,0.));
#11193 = ORIENTED_EDGE('',*,*,#11194,.T.);
#11194 = EDGE_CURVE('',#11186,#11153,#11195,.T.);
#11195 = B_SPLINE_CURVE_WITH_KNOTS('',1,(#11196,#11197),.UNSPECIFIED.,
  .F.,.F.,(2,2),(-2.355138688026E-16,9.899494936612E-02),
  .PIECEWISE_BEZIER_KNOTS.);
#11196 = CARTESIAN_POINT('',(56.168908,21.045721,1.1));
#11197 = CARTESIAN_POINT('',(56.238908,21.115721,1.1));
#11198 = ORIENTED_EDGE('',*,*,#11170,.F.);
#11199 = ORIENTED_EDGE('',*,*,#11152,.F.);
#11200 = ORIENTED_EDGE('',*,*,#11194,.F.);
#11201 = CONICAL_SURFACE('',#11202,0.93,0.785398163397);
#11202 = AXIS2_PLACEMENT_3D('',#11203,#11204,#11205);
#11203 = CARTESIAN_POINT('',(55.238908,21.045721,1.1));
#11204 = DIRECTION('',(0.,1.,0.));
#11205 = DIRECTION('',(-1.,0.,0.));
#11206 = ADVANCED_FACE('',(#11207,#11210),#11221,.F.);
#11207 = FACE_BOUND('',#11208,.T.);
#11208 = EDGE_LOOP('',(#11209));
#11209 = ORIENTED_EDGE('',*,*,#11185,.F.);
#11210 = FACE_BOUND('',#11211,.T.);
#11211 = EDGE_LOOP('',(#11212));
#11212 = ORIENTED_EDGE('',*,*,#11213,.T.);
#11213 = EDGE_CURVE('',#11214,#11214,#11216,.T.);
#11214 = VERTEX_POINT('',#11215);
#11215 = CARTESIAN_POINT('',(56.088908,21.045721,1.1));
#11216 = CIRCLE('',#11217,0.85);
#11217 = AXIS2_PLACEMENT_3D('',#11218,#11219,#11220);
#11218 = CARTESIAN_POINT('',(55.238908,21.045721,1.1));
#11219 = DIRECTION('',(0.,1.,0.));
#11220 = DIRECTION('',(-1.,0.,0.));
#11221 = PLANE('',#11222);
#11222 = AXIS2_PLACEMENT_3D('',#11223,#11224,#11225);
#11223 = CARTESIAN_POINT('',(50.919956733961,21.045721,0.899011437739));
#11224 = DIRECTION('',(0.,1.,0.));
#11225 = DIRECTION('',(-1.,0.,0.));
#11226 = ADVANCED_FACE('',(#11227),#11237,.F.);
#11227 = FACE_BOUND('',#11228,.F.);
#11228 = EDGE_LOOP('',(#11229,#11230,#11235,#11236));
#11229 = ORIENTED_EDGE('',*,*,#11029,.T.);
#11230 = ORIENTED_EDGE('',*,*,#11231,.F.);
#11231 = EDGE_CURVE('',#11214,#11030,#11232,.T.);
#11232 = B_SPLINE_CURVE_WITH_KNOTS('',1,(#11233,#11234),.UNSPECIFIED.,
  .F.,.F.,(2,2),(-1.45,-0.2),.PIECEWISE_BEZIER_KNOTS.);
#11233 = CARTESIAN_POINT('',(56.088908,21.045721,1.1));
#11234 = CARTESIAN_POINT('',(56.088908,22.295721,1.1));
#11235 = ORIENTED_EDGE('',*,*,#11213,.T.);
#11236 = ORIENTED_EDGE('',*,*,#11231,.T.);
#11237 = CYLINDRICAL_SURFACE('',#11238,0.85);
#11238 = AXIS2_PLACEMENT_3D('',#11239,#11240,#11241);
#11239 = CARTESIAN_POINT('',(55.238908,22.495721,1.1));
#11240 = DIRECTION('',(0.,1.,0.));
#11241 = DIRECTION('',(-1.,0.,0.));
#11242 = ( GEOMETRIC_REPRESENTATION_CONTEXT(3) 
GLOBAL_UNCERTAINTY_ASSIGNED_CONTEXT((#11246)) 
GLOBAL_UNIT_ASSIGNED_CONTEXT((#11243,#11244,#11245)) 
REPRESENTATION_CONTEXT('Context #1',
  '3D Context with UNIT and UNCERTAINTY') );
#11243 = ( LENGTH_UNIT() NAMED_UNIT(*) SI_UNIT(.MILLI.,.METRE.) );
#11244 = ( NAMED_UNIT(*) PLANE_ANGLE_UNIT() SI_UNIT($,.RADIAN.) );
#11245 = ( NAMED_UNIT(*) SI_UNIT($,.STERADIAN.) SOLID_ANGLE_UNIT() );
#11246 = UNCERTAINTY_MEASURE_WITH_UNIT(LENGTH_MEASURE(1.E-05),#11243,
  'distance_accuracy_value','confusion accuracy');
#11247 = SHAPE_DEFINITION_REPRESENTATION(#11248,#11011);
#11248 = PRODUCT_DEFINITION_SHAPE('','',#11249);
#11249 = PRODUCT_DEFINITION('design','',#11250,#11253);
#11250 = PRODUCT_DEFINITION_FORMATION('','',#11251);
#11251 = PRODUCT('4','4','',(#11252));
#11252 = PRODUCT_CONTEXT('',#2,'mechanical');
#11253 = PRODUCT_DEFINITION_CONTEXT('part definition',#2,'design');
#11254 = CONTEXT_DEPENDENT_SHAPE_REPRESENTATION(#11255,#11257);
#11255 = ( REPRESENTATION_RELATIONSHIP('','',#11011,#9716) 
REPRESENTATION_RELATIONSHIP_WITH_TRANSFORMATION(#11256) 
SHAPE_REPRESENTATION_RELATIONSHIP() );
#11256 = ITEM_DEFINED_TRANSFORMATION('','',#11,#9729);
#11257 = PRODUCT_DEFINITION_SHAPE('Placement','Placement of an item',
  #11258);
#11258 = NEXT_ASSEMBLY_USAGE_OCCURRENCE('10','4:1','',#9711,#11249,$);
#11259 = PRODUCT_RELATED_PRODUCT_CATEGORY('part',$,(#11251));
#11260 = ADVANCED_BREP_SHAPE_REPRESENTATION('',(#11,#11261),#11789);
#11261 = MANIFOLD_SOLID_BREP('',#11262);
#11262 = CLOSED_SHELL('',(#11263,#11303,#11334,#11374,#11407,#11438,
    #11469,#11501,#11532,#11554,#11585,#11627,#11658,#11703,#11728,
    #11745,#11777));
#11263 = ADVANCED_FACE('',(#11264),#11298,.F.);
#11264 = FACE_BOUND('',#11265,.T.);
#11265 = EDGE_LOOP('',(#11266,#11276,#11284,#11292));
#11266 = ORIENTED_EDGE('',*,*,#11267,.F.);
#11267 = EDGE_CURVE('',#11268,#11270,#11272,.T.);
#11268 = VERTEX_POINT('',#11269);
#11269 = CARTESIAN_POINT('',(55.053127642223,22.345721,2.156154936096));
#11270 = VERTEX_POINT('',#11271);
#11271 = CARTESIAN_POINT('',(55.424688357777,22.345721,2.156154936096));
#11272 = LINE('',#11273,#11274);
#11273 = CARTESIAN_POINT('',(55.331798178888,22.345721,2.156154936096));
#11274 = VECTOR('',#11275,1.);
#11275 = DIRECTION('',(1.,0.,0.));
#11276 = ORIENTED_EDGE('',*,*,#11277,.F.);
#11277 = EDGE_CURVE('',#11278,#11268,#11280,.T.);
#11278 = VERTEX_POINT('',#11279);
#11279 = CARTESIAN_POINT('',(55.053127642223,22.495721,2.156154936096));
#11280 = LINE('',#11281,#11282);
#11281 = CARTESIAN_POINT('',(55.053127642223,22.495721,2.156154936096));
#11282 = VECTOR('',#11283,1.);
#11283 = DIRECTION('',(0.,-1.,0.));
#11284 = ORIENTED_EDGE('',*,*,#11285,.F.);
#11285 = EDGE_CURVE('',#11286,#11278,#11288,.T.);
#11286 = VERTEX_POINT('',#11287);
#11287 = CARTESIAN_POINT('',(55.424688357777,22.495721,2.156154936096));
#11288 = LINE('',#11289,#11290);
#11289 = CARTESIAN_POINT('',(55.331798178888,22.495721,2.156154936096));
#11290 = VECTOR('',#11291,1.);
#11291 = DIRECTION('',(-1.,0.,0.));
#11292 = ORIENTED_EDGE('',*,*,#11293,.T.);
#11293 = EDGE_CURVE('',#11286,#11270,#11294,.T.);
#11294 = LINE('',#11295,#11296);
#11295 = CARTESIAN_POINT('',(55.424688357777,22.495721,2.156154936096));
#11296 = VECTOR('',#11297,1.);
#11297 = DIRECTION('',(0.,-1.,0.));
#11298 = PLANE('',#11299);
#11299 = AXIS2_PLACEMENT_3D('',#11300,#11301,#11302);
#11300 = CARTESIAN_POINT('',(55.424688357777,22.495721,2.156154936096));
#11301 = DIRECTION('',(0.,0.,1.));
#11302 = DIRECTION('',(-1.,0.,0.));
#11303 = ADVANCED_FACE('',(#11304),#11329,.F.);
#11304 = FACE_BOUND('',#11305,.T.);
#11305 = EDGE_LOOP('',(#11306,#11314,#11322,#11328));
#11306 = ORIENTED_EDGE('',*,*,#11307,.F.);
#11307 = EDGE_CURVE('',#11308,#11268,#11310,.T.);
#11308 = VERTEX_POINT('',#11309);
#11309 = CARTESIAN_POINT('',(55.053127642223,22.345721,2.110606097875));
#11310 = LINE('',#11311,#11312);
#11311 = CARTESIAN_POINT('',(55.053127642223,22.345721,1.870915986377));
#11312 = VECTOR('',#11313,1.);
#11313 = DIRECTION('',(0.,0.,1.));
#11314 = ORIENTED_EDGE('',*,*,#11315,.F.);
#11315 = EDGE_CURVE('',#11316,#11308,#11318,.T.);
#11316 = VERTEX_POINT('',#11317);
#11317 = CARTESIAN_POINT('',(55.053127642223,22.495721,2.110606097875));
#11318 = LINE('',#11319,#11320);
#11319 = CARTESIAN_POINT('',(55.053127642223,22.495721,2.110606097875));
#11320 = VECTOR('',#11321,1.);
#11321 = DIRECTION('',(0.,-1.,0.));
#11322 = ORIENTED_EDGE('',*,*,#11323,.F.);
#11323 = EDGE_CURVE('',#11278,#11316,#11324,.T.);
#11324 = LINE('',#11325,#11326);
#11325 = CARTESIAN_POINT('',(55.053127642223,22.495721,2.170531966477));
#11326 = VECTOR('',#11327,1.);
#11327 = DIRECTION('',(0.,0.,-1.));
#11328 = ORIENTED_EDGE('',*,*,#11277,.T.);
#11329 = PLANE('',#11330);
#11330 = AXIS2_PLACEMENT_3D('',#11331,#11332,#11333);
#11331 = CARTESIAN_POINT('',(55.053127642223,22.495721,2.156154936096));
#11332 = DIRECTION('',(-1.,0.,0.));
#11333 = DIRECTION('',(0.,0.,-1.));
#11334 = ADVANCED_FACE('',(#11335),#11369,.T.);
#11335 = FACE_BOUND('',#11336,.T.);
#11336 = EDGE_LOOP('',(#11337,#11347,#11355,#11363));
#11337 = ORIENTED_EDGE('',*,*,#11338,.F.);
#11338 = EDGE_CURVE('',#11339,#11341,#11343,.T.);
#11339 = VERTEX_POINT('',#11340);
#11340 = CARTESIAN_POINT('',(55.403356885501,22.345721,1.349886558095));
#11341 = VERTEX_POINT('',#11342);
#11342 = CARTESIAN_POINT('',(55.403356885501,22.345721,1.969817993716));
#11343 = LINE('',#11344,#11345);
#11344 = CARTESIAN_POINT('',(55.403356885501,22.345721,1.450377319925));
#11345 = VECTOR('',#11346,1.);
#11346 = DIRECTION('',(0.,0.,1.));
#11347 = ORIENTED_EDGE('',*,*,#11348,.T.);
#11348 = EDGE_CURVE('',#11339,#11349,#11351,.T.);
#11349 = VERTEX_POINT('',#11350);
#11350 = CARTESIAN_POINT('',(55.403356885501,22.495721,1.349886558095));
#11351 = LINE('',#11352,#11353);
#11352 = CARTESIAN_POINT('',(55.403356885501,22.495721,1.349886558095));
#11353 = VECTOR('',#11354,1.);
#11354 = DIRECTION('',(0.,1.,0.));
#11355 = ORIENTED_EDGE('',*,*,#11356,.T.);
#11356 = EDGE_CURVE('',#11349,#11357,#11359,.T.);
#11357 = VERTEX_POINT('',#11358);
#11358 = CARTESIAN_POINT('',(55.403356885501,22.495721,1.969817993716));
#11359 = LINE('',#11360,#11361);
#11360 = CARTESIAN_POINT('',(55.403356885501,22.495721,1.315077603192));
#11361 = VECTOR('',#11362,1.);
#11362 = DIRECTION('',(0.,0.,1.));
#11363 = ORIENTED_EDGE('',*,*,#11364,.T.);
#11364 = EDGE_CURVE('',#11357,#11341,#11365,.T.);
#11365 = LINE('',#11366,#11367);
#11366 = CARTESIAN_POINT('',(55.403356885501,22.495721,1.969817993716));
#11367 = VECTOR('',#11368,1.);
#11368 = DIRECTION('',(0.,-1.,0.));
#11369 = PLANE('',#11370);
#11370 = AXIS2_PLACEMENT_3D('',#11371,#11372,#11373);
#11371 = CARTESIAN_POINT('',(55.403356885501,22.495721,1.315077603192));
#11372 = DIRECTION('',(1.,0.,0.));
#11373 = DIRECTION('',(0.,0.,1.));
#11374 = ADVANCED_FACE('',(#11375),#11402,.T.);
#11375 = FACE_BOUND('',#11376,.T.);
#11376 = EDGE_LOOP('',(#11377,#11386,#11394,#11401));
#11377 = ORIENTED_EDGE('',*,*,#11378,.F.);
#11378 = EDGE_CURVE('',#11379,#11339,#11381,.T.);
#11379 = VERTEX_POINT('',#11380);
#11380 = CARTESIAN_POINT('',(55.074459114499,22.345721,1.349886558095));
#11381 = CIRCLE('',#11382,0.312638686162);
#11382 = AXIS2_PLACEMENT_3D('',#11383,#11384,#11385);
#11383 = CARTESIAN_POINT('',(55.238908,22.345721,1.083992759478));
#11384 = DIRECTION('',(0.,-1.,0.));
#11385 = DIRECTION('',(-1.,0.,0.));
#11386 = ORIENTED_EDGE('',*,*,#11387,.F.);
#11387 = EDGE_CURVE('',#11388,#11379,#11390,.T.);
#11388 = VERTEX_POINT('',#11389);
#11389 = CARTESIAN_POINT('',(55.074459114499,22.495721,1.349886558095));
#11390 = LINE('',#11391,#11392);
#11391 = CARTESIAN_POINT('',(55.074459114499,22.495721,1.349886558095));
#11392 = VECTOR('',#11393,1.);
#11393 = DIRECTION('',(0.,-1.,0.));
#11394 = ORIENTED_EDGE('',*,*,#11395,.T.);
#11395 = EDGE_CURVE('',#11388,#11349,#11396,.T.);
#11396 = CIRCLE('',#11397,0.312638686162);
#11397 = AXIS2_PLACEMENT_3D('',#11398,#11399,#11400);
#11398 = CARTESIAN_POINT('',(55.238908,22.495721,1.083992759478));
#11399 = DIRECTION('',(0.,-1.,0.));
#11400 = DIRECTION('',(-1.,0.,0.));
#11401 = ORIENTED_EDGE('',*,*,#11348,.F.);
#11402 = CYLINDRICAL_SURFACE('',#11403,0.312638686162);
#11403 = AXIS2_PLACEMENT_3D('',#11404,#11405,#11406);
#11404 = CARTESIAN_POINT('',(55.238908,22.495721,1.083992759478));
#11405 = DIRECTION('',(0.,-1.,0.));
#11406 = DIRECTION('',(-1.,0.,0.));
#11407 = ADVANCED_FACE('',(#11408),#11433,.T.);
#11408 = FACE_BOUND('',#11409,.T.);
#11409 = EDGE_LOOP('',(#11410,#11418,#11426,#11432));
#11410 = ORIENTED_EDGE('',*,*,#11411,.F.);
#11411 = EDGE_CURVE('',#11412,#11379,#11414,.T.);
#11412 = VERTEX_POINT('',#11413);
#11413 = CARTESIAN_POINT('',(55.074459114499,22.345721,1.969817993716));
#11414 = LINE('',#11415,#11416);
#11415 = CARTESIAN_POINT('',(55.074459114499,22.345721,1.835518726116));
#11416 = VECTOR('',#11417,1.);
#11417 = DIRECTION('',(0.,0.,-1.));
#11418 = ORIENTED_EDGE('',*,*,#11419,.T.);
#11419 = EDGE_CURVE('',#11412,#11420,#11422,.T.);
#11420 = VERTEX_POINT('',#11421);
#11421 = CARTESIAN_POINT('',(55.074459114499,22.495721,1.969817993716));
#11422 = LINE('',#11423,#11424);
#11423 = CARTESIAN_POINT('',(55.074459114499,22.495721,1.969817993716));
#11424 = VECTOR('',#11425,1.);
#11425 = DIRECTION('',(0.,1.,0.));
#11426 = ORIENTED_EDGE('',*,*,#11427,.T.);
#11427 = EDGE_CURVE('',#11420,#11388,#11428,.T.);
#11428 = LINE('',#11429,#11430);
#11429 = CARTESIAN_POINT('',(55.074459114499,22.495721,2.085360415573));
#11430 = VECTOR('',#11431,1.);
#11431 = DIRECTION('',(0.,0.,-1.));
#11432 = ORIENTED_EDGE('',*,*,#11387,.T.);
#11433 = PLANE('',#11434);
#11434 = AXIS2_PLACEMENT_3D('',#11435,#11436,#11437);
#11435 = CARTESIAN_POINT('',(55.074459114499,22.495721,2.085360415573));
#11436 = DIRECTION('',(-1.,0.,0.));
#11437 = DIRECTION('',(0.,0.,-1.));
#11438 = ADVANCED_FACE('',(#11439),#11464,.T.);
#11439 = FACE_BOUND('',#11440,.T.);
#11440 = EDGE_LOOP('',(#11441,#11449,#11457,#11463));
#11441 = ORIENTED_EDGE('',*,*,#11442,.F.);
#11442 = EDGE_CURVE('',#11443,#11412,#11445,.T.);
#11443 = VERTEX_POINT('',#11444);
#11444 = CARTESIAN_POINT('',(54.938908,22.345721,1.969817993716));
#11445 = LINE('',#11446,#11447);
#11446 = CARTESIAN_POINT('',(55.088908,22.345721,1.969817993716));
#11447 = VECTOR('',#11448,1.);
#11448 = DIRECTION('',(1.,0.,0.));
#11449 = ORIENTED_EDGE('',*,*,#11450,.F.);
#11450 = EDGE_CURVE('',#11451,#11443,#11453,.T.);
#11451 = VERTEX_POINT('',#11452);
#11452 = CARTESIAN_POINT('',(54.938908,22.495721,1.969817993716));
#11453 = LINE('',#11454,#11455);
#11454 = CARTESIAN_POINT('',(54.938908,22.495721,1.969817993716));
#11455 = VECTOR('',#11456,1.);
#11456 = DIRECTION('',(0.,-1.,0.));
#11457 = ORIENTED_EDGE('',*,*,#11458,.F.);
#11458 = EDGE_CURVE('',#11420,#11451,#11459,.T.);
#11459 = LINE('',#11460,#11461);
#11460 = CARTESIAN_POINT('',(55.538908,22.495721,1.969817993716));
#11461 = VECTOR('',#11462,1.);
#11462 = DIRECTION('',(-1.,0.,0.));
#11463 = ORIENTED_EDGE('',*,*,#11419,.F.);
#11464 = PLANE('',#11465);
#11465 = AXIS2_PLACEMENT_3D('',#11466,#11467,#11468);
#11466 = CARTESIAN_POINT('',(54.938908,22.495721,1.969817993716));
#11467 = DIRECTION('',(0.,0.,-1.));
#11468 = DIRECTION('',(1.,0.,0.));
#11469 = ADVANCED_FACE('',(#11470),#11496,.F.);
#11470 = FACE_BOUND('',#11471,.F.);
#11471 = EDGE_LOOP('',(#11472,#11481,#11488,#11495));
#11472 = ORIENTED_EDGE('',*,*,#11473,.T.);
#11473 = EDGE_CURVE('',#11474,#11474,#11476,.T.);
#11474 = VERTEX_POINT('',#11475);
#11475 = CARTESIAN_POINT('',(55.30225726192,22.495721,1.083992759478));
#11476 = CIRCLE('',#11477,6.334926192032E-02);
#11477 = AXIS2_PLACEMENT_3D('',#11478,#11479,#11480);
#11478 = CARTESIAN_POINT('',(55.238908,22.495721,1.083992759478));
#11479 = DIRECTION('',(0.,-1.,0.));
#11480 = DIRECTION('',(-1.,0.,0.));
#11481 = ORIENTED_EDGE('',*,*,#11482,.T.);
#11482 = EDGE_CURVE('',#11474,#11483,#11485,.T.);
#11483 = VERTEX_POINT('',#11484);
#11484 = CARTESIAN_POINT('',(55.30225726192,22.345721,1.083992759478));
#11485 = B_SPLINE_CURVE_WITH_KNOTS('',1,(#11486,#11487),.UNSPECIFIED.,
  .F.,.F.,(2,2),(0.,0.15),.PIECEWISE_BEZIER_KNOTS.);
#11486 = CARTESIAN_POINT('',(55.30225726192,22.495721,1.083992759478));
#11487 = CARTESIAN_POINT('',(55.30225726192,22.345721,1.083992759478));
#11488 = ORIENTED_EDGE('',*,*,#11489,.T.);
#11489 = EDGE_CURVE('',#11483,#11483,#11490,.T.);
#11490 = CIRCLE('',#11491,6.334926192032E-02);
#11491 = AXIS2_PLACEMENT_3D('',#11492,#11493,#11494);
#11492 = CARTESIAN_POINT('',(55.238908,22.345721,1.083992759478));
#11493 = DIRECTION('',(0.,1.,0.));
#11494 = DIRECTION('',(-1.,0.,0.));
#11495 = ORIENTED_EDGE('',*,*,#11482,.F.);
#11496 = CYLINDRICAL_SURFACE('',#11497,6.334926192032E-02);
#11497 = AXIS2_PLACEMENT_3D('',#11498,#11499,#11500);
#11498 = CARTESIAN_POINT('',(55.238908,22.495721,1.083992759478));
#11499 = DIRECTION('',(0.,-1.,0.));
#11500 = DIRECTION('',(-1.,0.,0.));
#11501 = ADVANCED_FACE('',(#11502),#11527,.F.);
#11502 = FACE_BOUND('',#11503,.T.);
#11503 = EDGE_LOOP('',(#11504,#11512,#11513,#11521));
#11504 = ORIENTED_EDGE('',*,*,#11505,.F.);
#11505 = EDGE_CURVE('',#11270,#11506,#11508,.T.);
#11506 = VERTEX_POINT('',#11507);
#11507 = CARTESIAN_POINT('',(55.424688357777,22.345721,2.110606097875));
#11508 = LINE('',#11509,#11510);
#11509 = CARTESIAN_POINT('',(55.424688357777,22.345721,1.848141567267));
#11510 = VECTOR('',#11511,1.);
#11511 = DIRECTION('',(0.,0.,-1.));
#11512 = ORIENTED_EDGE('',*,*,#11293,.F.);
#11513 = ORIENTED_EDGE('',*,*,#11514,.F.);
#11514 = EDGE_CURVE('',#11515,#11286,#11517,.T.);
#11515 = VERTEX_POINT('',#11516);
#11516 = CARTESIAN_POINT('',(55.424688357777,22.495721,2.110606097875));
#11517 = LINE('',#11518,#11519);
#11518 = CARTESIAN_POINT('',(55.424688357777,22.495721,2.147757547367));
#11519 = VECTOR('',#11520,1.);
#11520 = DIRECTION('',(0.,0.,1.));
#11521 = ORIENTED_EDGE('',*,*,#11522,.T.);
#11522 = EDGE_CURVE('',#11515,#11506,#11523,.T.);
#11523 = LINE('',#11524,#11525);
#11524 = CARTESIAN_POINT('',(55.424688357777,22.495721,2.110606097875));
#11525 = VECTOR('',#11526,1.);
#11526 = DIRECTION('',(0.,-1.,0.));
#11527 = PLANE('',#11528);
#11528 = AXIS2_PLACEMENT_3D('',#11529,#11530,#11531);
#11529 = CARTESIAN_POINT('',(55.424688357777,22.495721,2.110606097875));
#11530 = DIRECTION('',(1.,0.,0.));
#11531 = DIRECTION('',(0.,0.,1.));
#11532 = ADVANCED_FACE('',(#11533),#11549,.F.);
#11533 = FACE_BOUND('',#11534,.T.);
#11534 = EDGE_LOOP('',(#11535,#11541,#11542,#11548));
#11535 = ORIENTED_EDGE('',*,*,#11536,.F.);
#11536 = EDGE_CURVE('',#11506,#11308,#11537,.T.);
#11537 = LINE('',#11538,#11539);
#11538 = CARTESIAN_POINT('',(55.146017821112,22.345721,2.110606097875));
#11539 = VECTOR('',#11540,1.);
#11540 = DIRECTION('',(-1.,0.,0.));
#11541 = ORIENTED_EDGE('',*,*,#11522,.F.);
#11542 = ORIENTED_EDGE('',*,*,#11543,.F.);
#11543 = EDGE_CURVE('',#11316,#11515,#11544,.T.);
#11544 = LINE('',#11545,#11546);
#11545 = CARTESIAN_POINT('',(55.146017821112,22.495721,2.110606097875));
#11546 = VECTOR('',#11547,1.);
#11547 = DIRECTION('',(1.,0.,0.));
#11548 = ORIENTED_EDGE('',*,*,#11315,.T.);
#11549 = PLANE('',#11550);
#11550 = AXIS2_PLACEMENT_3D('',#11551,#11552,#11553);
#11551 = CARTESIAN_POINT('',(55.053127642223,22.495721,2.110606097875));
#11552 = DIRECTION('',(0.,0.,-1.));
#11553 = DIRECTION('',(1.,0.,0.));
#11554 = ADVANCED_FACE('',(#11555),#11580,.T.);
#11555 = FACE_BOUND('',#11556,.T.);
#11556 = EDGE_LOOP('',(#11557,#11565,#11566,#11574));
#11557 = ORIENTED_EDGE('',*,*,#11558,.F.);
#11558 = EDGE_CURVE('',#11341,#11559,#11561,.T.);
#11559 = VERTEX_POINT('',#11560);
#11560 = CARTESIAN_POINT('',(55.538908,22.345721,1.969817993716));
#11561 = LINE('',#11562,#11563);
#11562 = CARTESIAN_POINT('',(55.088908,22.345721,1.969817993716));
#11563 = VECTOR('',#11564,1.);
#11564 = DIRECTION('',(1.,0.,0.));
#11565 = ORIENTED_EDGE('',*,*,#11364,.F.);
#11566 = ORIENTED_EDGE('',*,*,#11567,.F.);
#11567 = EDGE_CURVE('',#11568,#11357,#11570,.T.);
#11568 = VERTEX_POINT('',#11569);
#11569 = CARTESIAN_POINT('',(55.538908,22.495721,1.969817993716));
#11570 = LINE('',#11571,#11572);
#11571 = CARTESIAN_POINT('',(55.538908,22.495721,1.969817993716));
#11572 = VECTOR('',#11573,1.);
#11573 = DIRECTION('',(-1.,0.,0.));
#11574 = ORIENTED_EDGE('',*,*,#11575,.T.);
#11575 = EDGE_CURVE('',#11568,#11559,#11576,.T.);
#11576 = LINE('',#11577,#11578);
#11577 = CARTESIAN_POINT('',(55.538908,22.495721,1.969817993716));
#11578 = VECTOR('',#11579,1.);
#11579 = DIRECTION('',(0.,-1.,0.));
#11580 = PLANE('',#11581);
#11581 = AXIS2_PLACEMENT_3D('',#11582,#11583,#11584);
#11582 = CARTESIAN_POINT('',(54.938908,22.495721,1.969817993716));
#11583 = DIRECTION('',(0.,0.,-1.));
#11584 = DIRECTION('',(1.,0.,0.));
#11585 = ADVANCED_FACE('',(#11586),#11622,.T.);
#11586 = FACE_BOUND('',#11587,.T.);
#11587 = EDGE_LOOP('',(#11588,#11599,#11607,#11616));
#11588 = ORIENTED_EDGE('',*,*,#11589,.T.);
#11589 = EDGE_CURVE('',#11590,#11592,#11594,.T.);
#11590 = VERTEX_POINT('',#11591);
#11591 = CARTESIAN_POINT('',(55.438908,22.345721,2.65));
#11592 = VERTEX_POINT('',#11593);
#11593 = CARTESIAN_POINT('',(55.538908,22.345721,2.55));
#11594 = CIRCLE('',#11595,0.1);
#11595 = AXIS2_PLACEMENT_3D('',#11596,#11597,#11598);
#11596 = CARTESIAN_POINT('',(55.438908,22.345721,2.55));
#11597 = DIRECTION('',(0.,1.,0.));
#11598 = DIRECTION('',(0.707106781187,-0.,0.707106781187));
#11599 = ORIENTED_EDGE('',*,*,#11600,.T.);
#11600 = EDGE_CURVE('',#11592,#11601,#11603,.T.);
#11601 = VERTEX_POINT('',#11602);
#11602 = CARTESIAN_POINT('',(55.538908,22.495721,2.55));
#11603 = LINE('',#11604,#11605);
#11604 = CARTESIAN_POINT('',(55.538908,22.495721,2.55));
#11605 = VECTOR('',#11606,1.);
#11606 = DIRECTION('',(0.,1.,0.));
#11607 = ORIENTED_EDGE('',*,*,#11608,.T.);
#11608 = EDGE_CURVE('',#11601,#11609,#11611,.T.);
#11609 = VERTEX_POINT('',#11610);
#11610 = CARTESIAN_POINT('',(55.438908,22.495721,2.65));
#11611 = CIRCLE('',#11612,0.1);
#11612 = AXIS2_PLACEMENT_3D('',#11613,#11614,#11615);
#11613 = CARTESIAN_POINT('',(55.438908,22.495721,2.55));
#11614 = DIRECTION('',(0.,-1.,0.));
#11615 = DIRECTION('',(0.707106781187,0.,0.707106781187));
#11616 = ORIENTED_EDGE('',*,*,#11617,.T.);
#11617 = EDGE_CURVE('',#11609,#11590,#11618,.T.);
#11618 = LINE('',#11619,#11620);
#11619 = CARTESIAN_POINT('',(55.438908,22.495721,2.65));
#11620 = VECTOR('',#11621,1.);
#11621 = DIRECTION('',(0.,-1.,0.));
#11622 = CYLINDRICAL_SURFACE('',#11623,0.1);
#11623 = AXIS2_PLACEMENT_3D('',#11624,#11625,#11626);
#11624 = CARTESIAN_POINT('',(55.438908,22.495721,2.55));
#11625 = DIRECTION('',(0.,-1.,0.));
#11626 = DIRECTION('',(0.707106781187,0.,0.707106781187));
#11627 = ADVANCED_FACE('',(#11628),#11653,.T.);
#11628 = FACE_BOUND('',#11629,.T.);
#11629 = EDGE_LOOP('',(#11630,#11631,#11639,#11647));
#11630 = ORIENTED_EDGE('',*,*,#11617,.F.);
#11631 = ORIENTED_EDGE('',*,*,#11632,.F.);
#11632 = EDGE_CURVE('',#11633,#11609,#11635,.T.);
#11633 = VERTEX_POINT('',#11634);
#11634 = CARTESIAN_POINT('',(55.038908,22.495721,2.65));
#11635 = LINE('',#11636,#11637);
#11636 = CARTESIAN_POINT('',(52.448908,22.495721,2.65));
#11637 = VECTOR('',#11638,1.);
#11638 = DIRECTION('',(1.,0.,0.));
#11639 = ORIENTED_EDGE('',*,*,#11640,.F.);
#11640 = EDGE_CURVE('',#11641,#11633,#11643,.T.);
#11641 = VERTEX_POINT('',#11642);
#11642 = CARTESIAN_POINT('',(55.038908,22.345721,2.65));
#11643 = LINE('',#11644,#11645);
#11644 = CARTESIAN_POINT('',(55.038908,22.495721,2.65));
#11645 = VECTOR('',#11646,1.);
#11646 = DIRECTION('',(0.,1.,0.));
#11647 = ORIENTED_EDGE('',*,*,#11648,.T.);
#11648 = EDGE_CURVE('',#11641,#11590,#11649,.T.);
#11649 = LINE('',#11650,#11651);
#11650 = CARTESIAN_POINT('',(52.448908,22.345721,2.65));
#11651 = VECTOR('',#11652,1.);
#11652 = DIRECTION('',(1.,0.,0.));
#11653 = PLANE('',#11654);
#11654 = AXIS2_PLACEMENT_3D('',#11655,#11656,#11657);
#11655 = CARTESIAN_POINT('',(54.938908,22.495721,2.65));
#11656 = DIRECTION('',(0.,0.,1.));
#11657 = DIRECTION('',(-1.,0.,0.));
#11658 = ADVANCED_FACE('',(#11659,#11689,#11692),#11698,.T.);
#11659 = FACE_BOUND('',#11660,.T.);
#11660 = EDGE_LOOP('',(#11661,#11662,#11668,#11669,#11670,#11671,#11672,
    #11673,#11681,#11688));
#11661 = ORIENTED_EDGE('',*,*,#11608,.F.);
#11662 = ORIENTED_EDGE('',*,*,#11663,.T.);
#11663 = EDGE_CURVE('',#11601,#11568,#11664,.T.);
#11664 = LINE('',#11665,#11666);
#11665 = CARTESIAN_POINT('',(55.538908,22.495721,2.4));
#11666 = VECTOR('',#11667,1.);
#11667 = DIRECTION('',(0.,0.,-1.));
#11668 = ORIENTED_EDGE('',*,*,#11567,.T.);
#11669 = ORIENTED_EDGE('',*,*,#11356,.F.);
#11670 = ORIENTED_EDGE('',*,*,#11395,.F.);
#11671 = ORIENTED_EDGE('',*,*,#11427,.F.);
#11672 = ORIENTED_EDGE('',*,*,#11458,.T.);
#11673 = ORIENTED_EDGE('',*,*,#11674,.T.);
#11674 = EDGE_CURVE('',#11451,#11675,#11677,.T.);
#11675 = VERTEX_POINT('',#11676);
#11676 = CARTESIAN_POINT('',(54.938908,22.495721,2.55));
#11677 = LINE('',#11678,#11679);
#11678 = CARTESIAN_POINT('',(54.938908,22.495721,1.969817993716));
#11679 = VECTOR('',#11680,1.);
#11680 = DIRECTION('',(0.,0.,1.));
#11681 = ORIENTED_EDGE('',*,*,#11682,.F.);
#11682 = EDGE_CURVE('',#11633,#11675,#11683,.T.);
#11683 = CIRCLE('',#11684,0.1);
#11684 = AXIS2_PLACEMENT_3D('',#11685,#11686,#11687);
#11685 = CARTESIAN_POINT('',(55.038908,22.495721,2.55));
#11686 = DIRECTION('',(0.,-1.,0.));
#11687 = DIRECTION('',(-0.707106781187,0.,0.707106781187));
#11688 = ORIENTED_EDGE('',*,*,#11632,.T.);
#11689 = FACE_BOUND('',#11690,.T.);
#11690 = EDGE_LOOP('',(#11691));
#11691 = ORIENTED_EDGE('',*,*,#11473,.T.);
#11692 = FACE_BOUND('',#11693,.T.);
#11693 = EDGE_LOOP('',(#11694,#11695,#11696,#11697));
#11694 = ORIENTED_EDGE('',*,*,#11323,.T.);
#11695 = ORIENTED_EDGE('',*,*,#11543,.T.);
#11696 = ORIENTED_EDGE('',*,*,#11514,.T.);
#11697 = ORIENTED_EDGE('',*,*,#11285,.T.);
#11698 = PLANE('',#11699);
#11699 = AXIS2_PLACEMENT_3D('',#11700,#11701,#11702);
#11700 = CARTESIAN_POINT('',(50.919956733961,22.495721,0.899011437739));
#11701 = DIRECTION('',(0.,1.,0.));
#11702 = DIRECTION('',(-1.,0.,0.));
#11703 = ADVANCED_FACE('',(#11704),#11723,.T.);
#11704 = FACE_BOUND('',#11705,.T.);
#11705 = EDGE_LOOP('',(#11706,#11715,#11716,#11717));
#11706 = ORIENTED_EDGE('',*,*,#11707,.T.);
#11707 = EDGE_CURVE('',#11708,#11641,#11710,.T.);
#11708 = VERTEX_POINT('',#11709);
#11709 = CARTESIAN_POINT('',(54.938908,22.345721,2.55));
#11710 = CIRCLE('',#11711,0.1);
#11711 = AXIS2_PLACEMENT_3D('',#11712,#11713,#11714);
#11712 = CARTESIAN_POINT('',(55.038908,22.345721,2.55));
#11713 = DIRECTION('',(0.,1.,0.));
#11714 = DIRECTION('',(-0.707106781187,0.,0.707106781187));
#11715 = ORIENTED_EDGE('',*,*,#11640,.T.);
#11716 = ORIENTED_EDGE('',*,*,#11682,.T.);
#11717 = ORIENTED_EDGE('',*,*,#11718,.T.);
#11718 = EDGE_CURVE('',#11675,#11708,#11719,.T.);
#11719 = LINE('',#11720,#11721);
#11720 = CARTESIAN_POINT('',(54.938908,22.495721,2.55));
#11721 = VECTOR('',#11722,1.);
#11722 = DIRECTION('',(0.,-1.,0.));
#11723 = CYLINDRICAL_SURFACE('',#11724,0.1);
#11724 = AXIS2_PLACEMENT_3D('',#11725,#11726,#11727);
#11725 = CARTESIAN_POINT('',(55.038908,22.495721,2.55));
#11726 = DIRECTION('',(0.,-1.,0.));
#11727 = DIRECTION('',(-0.707106781187,0.,0.707106781187));
#11728 = ADVANCED_FACE('',(#11729),#11740,.T.);
#11729 = FACE_BOUND('',#11730,.T.);
#11730 = EDGE_LOOP('',(#11731,#11732,#11733,#11734));
#11731 = ORIENTED_EDGE('',*,*,#11718,.F.);
#11732 = ORIENTED_EDGE('',*,*,#11674,.F.);
#11733 = ORIENTED_EDGE('',*,*,#11450,.T.);
#11734 = ORIENTED_EDGE('',*,*,#11735,.F.);
#11735 = EDGE_CURVE('',#11708,#11443,#11736,.T.);
#11736 = LINE('',#11737,#11738);
#11737 = CARTESIAN_POINT('',(54.938908,22.345721,1.992838518329));
#11738 = VECTOR('',#11739,1.);
#11739 = DIRECTION('',(0.,0.,-1.));
#11740 = PLANE('',#11741);
#11741 = AXIS2_PLACEMENT_3D('',#11742,#11743,#11744);
#11742 = CARTESIAN_POINT('',(54.938908,22.495721,1.5));
#11743 = DIRECTION('',(-1.,0.,0.));
#11744 = DIRECTION('',(0.,0.,-1.));
#11745 = ADVANCED_FACE('',(#11746,#11763,#11766),#11772,.F.);
#11746 = FACE_BOUND('',#11747,.T.);
#11747 = EDGE_LOOP('',(#11748,#11749,#11750,#11751,#11752,#11753,#11754,
    #11755,#11756,#11757));
#11748 = ORIENTED_EDGE('',*,*,#11589,.F.);
#11749 = ORIENTED_EDGE('',*,*,#11648,.F.);
#11750 = ORIENTED_EDGE('',*,*,#11707,.F.);
#11751 = ORIENTED_EDGE('',*,*,#11735,.T.);
#11752 = ORIENTED_EDGE('',*,*,#11442,.T.);
#11753 = ORIENTED_EDGE('',*,*,#11411,.T.);
#11754 = ORIENTED_EDGE('',*,*,#11378,.T.);
#11755 = ORIENTED_EDGE('',*,*,#11338,.T.);
#11756 = ORIENTED_EDGE('',*,*,#11558,.T.);
#11757 = ORIENTED_EDGE('',*,*,#11758,.T.);
#11758 = EDGE_CURVE('',#11559,#11592,#11759,.T.);
#11759 = LINE('',#11760,#11761);
#11760 = CARTESIAN_POINT('',(55.538908,22.345721,1.777747515187));
#11761 = VECTOR('',#11762,1.);
#11762 = DIRECTION('',(0.,0.,1.));
#11763 = FACE_BOUND('',#11764,.T.);
#11764 = EDGE_LOOP('',(#11765));
#11765 = ORIENTED_EDGE('',*,*,#11489,.T.);
#11766 = FACE_BOUND('',#11767,.T.);
#11767 = EDGE_LOOP('',(#11768,#11769,#11770,#11771));
#11768 = ORIENTED_EDGE('',*,*,#11307,.T.);
#11769 = ORIENTED_EDGE('',*,*,#11267,.T.);
#11770 = ORIENTED_EDGE('',*,*,#11505,.T.);
#11771 = ORIENTED_EDGE('',*,*,#11536,.T.);
#11772 = PLANE('',#11773);
#11773 = AXIS2_PLACEMENT_3D('',#11774,#11775,#11776);
#11774 = CARTESIAN_POINT('',(50.919956733961,22.345721,0.899011437739));
#11775 = DIRECTION('',(0.,1.,0.));
#11776 = DIRECTION('',(-1.,0.,0.));
#11777 = ADVANCED_FACE('',(#11778),#11784,.T.);
#11778 = FACE_BOUND('',#11779,.T.);
#11779 = EDGE_LOOP('',(#11780,#11781,#11782,#11783));
#11780 = ORIENTED_EDGE('',*,*,#11600,.F.);
#11781 = ORIENTED_EDGE('',*,*,#11758,.F.);
#11782 = ORIENTED_EDGE('',*,*,#11575,.F.);
#11783 = ORIENTED_EDGE('',*,*,#11663,.F.);
#11784 = PLANE('',#11785);
#11785 = AXIS2_PLACEMENT_3D('',#11786,#11787,#11788);
#11786 = CARTESIAN_POINT('',(55.538908,22.495721,2.65));
#11787 = DIRECTION('',(1.,0.,0.));
#11788 = DIRECTION('',(0.,0.,1.));
#11789 = ( GEOMETRIC_REPRESENTATION_CONTEXT(3) 
GLOBAL_UNCERTAINTY_ASSIGNED_CONTEXT((#11793)) 
GLOBAL_UNIT_ASSIGNED_CONTEXT((#11790,#11791,#11792)) 
REPRESENTATION_CONTEXT('Context #1',
  '3D Context with UNIT and UNCERTAINTY') );
#11790 = ( LENGTH_UNIT() NAMED_UNIT(*) SI_UNIT(.MILLI.,.METRE.) );
#11791 = ( NAMED_UNIT(*) PLANE_ANGLE_UNIT() SI_UNIT($,.RADIAN.) );
#11792 = ( NAMED_UNIT(*) SI_UNIT($,.STERADIAN.) SOLID_ANGLE_UNIT() );
#11793 = UNCERTAINTY_MEASURE_WITH_UNIT(LENGTH_MEASURE(5.E-07),#11790,
  'distance_accuracy_value','confusion accuracy');
#11794 = SHAPE_DEFINITION_REPRESENTATION(#11795,#11260);
#11795 = PRODUCT_DEFINITION_SHAPE('','',#11796);
#11796 = PRODUCT_DEFINITION('design','',#11797,#11800);
#11797 = PRODUCT_DEFINITION_FORMATION('','',#11798);
#11798 = PRODUCT('5','5','',(#11799));
#11799 = PRODUCT_CONTEXT('',#2,'mechanical');
#11800 = PRODUCT_DEFINITION_CONTEXT('part definition',#2,'design');
#11801 = CONTEXT_DEPENDENT_SHAPE_REPRESENTATION(#11802,#11804);
#11802 = ( REPRESENTATION_RELATIONSHIP('','',#11260,#9716) 
REPRESENTATION_RELATIONSHIP_WITH_TRANSFORMATION(#11803) 
SHAPE_REPRESENTATION_RELATIONSHIP() );
#11803 = ITEM_DEFINED_TRANSFORMATION('','',#11,#9733);
#11804 = PRODUCT_DEFINITION_SHAPE('Placement','Placement of an item',
  #11805);
#11805 = NEXT_ASSEMBLY_USAGE_OCCURRENCE('11','5:1','',#9711,#11796,$);
#11806 = PRODUCT_RELATED_PRODUCT_CATEGORY('part',$,(#11798));
#11807 = ADVANCED_BREP_SHAPE_REPRESENTATION('',(#11,#11808),#12563);
#11808 = MANIFOLD_SOLID_BREP('',#11809);
#11809 = CLOSED_SHELL('',(#11810,#11897,#11928,#11953,#11977,#12002,
    #12044,#12078,#12110,#12142,#12167,#12193,#12218,#12244,#12276,
    #12316,#12348,#12373,#12414,#12439,#12460,#12482,#12503,#12515,
    #12527,#12547));
#11810 = ADVANCED_FACE('',(#11811,#11881),#11892,.F.);
#11811 = FACE_BOUND('',#11812,.T.);
#11812 = EDGE_LOOP('',(#11813,#11823,#11832,#11840,#11849,#11857,#11866,
    #11874));
#11813 = ORIENTED_EDGE('',*,*,#11814,.F.);
#11814 = EDGE_CURVE('',#11815,#11817,#11819,.T.);
#11815 = VERTEX_POINT('',#11816);
#11816 = CARTESIAN_POINT('',(54.238908,22.493721,-0.2));
#11817 = VERTEX_POINT('',#11818);
#11818 = CARTESIAN_POINT('',(56.238908,22.493721,-0.2));
#11819 = LINE('',#11820,#11821);
#11820 = CARTESIAN_POINT('',(56.137806762692,22.493721,-0.2));
#11821 = VECTOR('',#11822,1.);
#11822 = DIRECTION('',(1.,0.,0.));
#11823 = ORIENTED_EDGE('',*,*,#11824,.F.);
#11824 = EDGE_CURVE('',#11825,#11815,#11827,.T.);
#11825 = VERTEX_POINT('',#11826);
#11826 = CARTESIAN_POINT('',(53.938908,22.493721,1.E-01));
#11827 = CIRCLE('',#11828,0.3);
#11828 = AXIS2_PLACEMENT_3D('',#11829,#11830,#11831);
#11829 = CARTESIAN_POINT('',(54.238908,22.493721,1.E-01));
#11830 = DIRECTION('',(0.,-1.,0.));
#11831 = DIRECTION('',(1.,0.,0.));
#11832 = ORIENTED_EDGE('',*,*,#11833,.F.);
#11833 = EDGE_CURVE('',#11834,#11825,#11836,.T.);
#11834 = VERTEX_POINT('',#11835);
#11835 = CARTESIAN_POINT('',(53.938908,22.493721,2.1));
#11836 = LINE('',#11837,#11838);
#11837 = CARTESIAN_POINT('',(53.938908,22.493721,0.257369823241));
#11838 = VECTOR('',#11839,1.);
#11839 = DIRECTION('',(0.,0.,-1.));
#11840 = ORIENTED_EDGE('',*,*,#11841,.F.);
#11841 = EDGE_CURVE('',#11842,#11834,#11844,.T.);
#11842 = VERTEX_POINT('',#11843);
#11843 = CARTESIAN_POINT('',(54.238908,22.493721,2.4));
#11844 = CIRCLE('',#11845,0.3);
#11845 = AXIS2_PLACEMENT_3D('',#11846,#11847,#11848);
#11846 = CARTESIAN_POINT('',(54.238908,22.493721,2.1));
#11847 = DIRECTION('',(0.,-1.,0.));
#11848 = DIRECTION('',(1.,0.,0.));
#11849 = ORIENTED_EDGE('',*,*,#11850,.F.);
#11850 = EDGE_CURVE('',#11851,#11842,#11853,.T.);
#11851 = VERTEX_POINT('',#11852);
#11852 = CARTESIAN_POINT('',(56.238908,22.493721,2.4));
#11853 = LINE('',#11854,#11855);
#11854 = CARTESIAN_POINT('',(54.837806762692,22.493721,2.4));
#11855 = VECTOR('',#11856,1.);
#11856 = DIRECTION('',(-1.,0.,0.));
#11857 = ORIENTED_EDGE('',*,*,#11858,.F.);
#11858 = EDGE_CURVE('',#11859,#11851,#11861,.T.);
#11859 = VERTEX_POINT('',#11860);
#11860 = CARTESIAN_POINT('',(56.538908,22.493721,2.1));
#11861 = CIRCLE('',#11862,0.3);
#11862 = AXIS2_PLACEMENT_3D('',#11863,#11864,#11865);
#11863 = CARTESIAN_POINT('',(56.238908,22.493721,2.1));
#11864 = DIRECTION('',(0.,-1.,0.));
#11865 = DIRECTION('',(1.,0.,0.));
#11866 = ORIENTED_EDGE('',*,*,#11867,.F.);
#11867 = EDGE_CURVE('',#11868,#11859,#11870,.T.);
#11868 = VERTEX_POINT('',#11869);
#11869 = CARTESIAN_POINT('',(56.538908,22.493721,1.E-01));
#11870 = LINE('',#11871,#11872);
#11871 = CARTESIAN_POINT('',(56.538908,22.493721,1.557369823241));
#11872 = VECTOR('',#11873,1.);
#11873 = DIRECTION('',(0.,0.,1.));
#11874 = ORIENTED_EDGE('',*,*,#11875,.F.);
#11875 = EDGE_CURVE('',#11817,#11868,#11876,.T.);
#11876 = CIRCLE('',#11877,0.3);
#11877 = AXIS2_PLACEMENT_3D('',#11878,#11879,#11880);
#11878 = CARTESIAN_POINT('',(56.238908,22.493721,1.E-01));
#11879 = DIRECTION('',(0.,-1.,0.));
#11880 = DIRECTION('',(1.,0.,0.));
#11881 = FACE_BOUND('',#11882,.T.);
#11882 = EDGE_LOOP('',(#11883));
#11883 = ORIENTED_EDGE('',*,*,#11884,.F.);
#11884 = EDGE_CURVE('',#11885,#11885,#11887,.T.);
#11885 = VERTEX_POINT('',#11886);
#11886 = CARTESIAN_POINT('',(55.238400987339,22.493721,1.1));
#11887 = CIRCLE('',#11888,5.070126607808E-04);
#11888 = AXIS2_PLACEMENT_3D('',#11889,#11890,#11891);
#11889 = CARTESIAN_POINT('',(55.238908,22.493721,1.1));
#11890 = DIRECTION('',(-0.,1.,0.));
#11891 = DIRECTION('',(1.,0.,0.));
#11892 = PLANE('',#11893);
#11893 = AXIS2_PLACEMENT_3D('',#11894,#11895,#11896);
#11894 = CARTESIAN_POINT('',(55.736705525383,22.493721,0.714739646483));
#11895 = DIRECTION('',(0.,-1.,0.));
#11896 = DIRECTION('',(0.,0.,-1.));
#11897 = ADVANCED_FACE('',(#11898),#11923,.T.);
#11898 = FACE_BOUND('',#11899,.T.);
#11899 = EDGE_LOOP('',(#11900,#11901,#11909,#11917));
#11900 = ORIENTED_EDGE('',*,*,#11850,.T.);
#11901 = ORIENTED_EDGE('',*,*,#11902,.T.);
#11902 = EDGE_CURVE('',#11842,#11903,#11905,.T.);
#11903 = VERTEX_POINT('',#11904);
#11904 = CARTESIAN_POINT('',(54.238908,22.195721,2.4));
#11905 = LINE('',#11906,#11907);
#11906 = CARTESIAN_POINT('',(54.238908,22.495721,2.4));
#11907 = VECTOR('',#11908,1.);
#11908 = DIRECTION('',(0.,-1.,0.));
#11909 = ORIENTED_EDGE('',*,*,#11910,.F.);
#11910 = EDGE_CURVE('',#11911,#11903,#11913,.T.);
#11911 = VERTEX_POINT('',#11912);
#11912 = CARTESIAN_POINT('',(56.238908,22.195721,2.4));
#11913 = LINE('',#11914,#11915);
#11914 = CARTESIAN_POINT('',(52.42943236698,22.195721,2.4));
#11915 = VECTOR('',#11916,1.);
#11916 = DIRECTION('',(-1.,0.,0.));
#11917 = ORIENTED_EDGE('',*,*,#11918,.F.);
#11918 = EDGE_CURVE('',#11851,#11911,#11919,.T.);
#11919 = LINE('',#11920,#11921);
#11920 = CARTESIAN_POINT('',(56.238908,22.495721,2.4));
#11921 = VECTOR('',#11922,1.);
#11922 = DIRECTION('',(0.,-1.,0.));
#11923 = PLANE('',#11924);
#11924 = AXIS2_PLACEMENT_3D('',#11925,#11926,#11927);
#11925 = CARTESIAN_POINT('',(53.938908,22.495721,2.4));
#11926 = DIRECTION('',(0.,0.,1.));
#11927 = DIRECTION('',(-1.,0.,0.));
#11928 = ADVANCED_FACE('',(#11929),#11948,.T.);
#11929 = FACE_BOUND('',#11930,.T.);
#11930 = EDGE_LOOP('',(#11931,#11932,#11940,#11947));
#11931 = ORIENTED_EDGE('',*,*,#11841,.T.);
#11932 = ORIENTED_EDGE('',*,*,#11933,.T.);
#11933 = EDGE_CURVE('',#11834,#11934,#11936,.T.);
#11934 = VERTEX_POINT('',#11935);
#11935 = CARTESIAN_POINT('',(53.938908,22.195721,2.1));
#11936 = LINE('',#11937,#11938);
#11937 = CARTESIAN_POINT('',(53.938908,22.495721,2.1));
#11938 = VECTOR('',#11939,1.);
#11939 = DIRECTION('',(0.,-1.,0.));
#11940 = ORIENTED_EDGE('',*,*,#11941,.F.);
#11941 = EDGE_CURVE('',#11903,#11934,#11942,.T.);
#11942 = CIRCLE('',#11943,0.3);
#11943 = AXIS2_PLACEMENT_3D('',#11944,#11945,#11946);
#11944 = CARTESIAN_POINT('',(54.238908,22.195721,2.1));
#11945 = DIRECTION('',(0.,-1.,0.));
#11946 = DIRECTION('',(-0.707106781187,0.,0.707106781187));
#11947 = ORIENTED_EDGE('',*,*,#11902,.F.);
#11948 = CYLINDRICAL_SURFACE('',#11949,0.3);
#11949 = AXIS2_PLACEMENT_3D('',#11950,#11951,#11952);
#11950 = CARTESIAN_POINT('',(54.238908,22.495721,2.1));
#11951 = DIRECTION('',(0.,-1.,0.));
#11952 = DIRECTION('',(1.,0.,0.));
#11953 = ADVANCED_FACE('',(#11954),#11972,.T.);
#11954 = FACE_BOUND('',#11955,.T.);
#11955 = EDGE_LOOP('',(#11956,#11957,#11965,#11971));
#11956 = ORIENTED_EDGE('',*,*,#11833,.T.);
#11957 = ORIENTED_EDGE('',*,*,#11958,.T.);
#11958 = EDGE_CURVE('',#11825,#11959,#11961,.T.);
#11959 = VERTEX_POINT('',#11960);
#11960 = CARTESIAN_POINT('',(53.938908,22.195721,1.E-01));
#11961 = LINE('',#11962,#11963);
#11962 = CARTESIAN_POINT('',(53.938908,22.495721,1.E-01));
#11963 = VECTOR('',#11964,1.);
#11964 = DIRECTION('',(0.,-1.,0.));
#11965 = ORIENTED_EDGE('',*,*,#11966,.F.);
#11966 = EDGE_CURVE('',#11934,#11959,#11967,.T.);
#11967 = LINE('',#11968,#11969);
#11968 = CARTESIAN_POINT('',(53.938908,22.195721,0.34950571887));
#11969 = VECTOR('',#11970,1.);
#11970 = DIRECTION('',(0.,0.,-1.));
#11971 = ORIENTED_EDGE('',*,*,#11933,.F.);
#11972 = PLANE('',#11973);
#11973 = AXIS2_PLACEMENT_3D('',#11974,#11975,#11976);
#11974 = CARTESIAN_POINT('',(53.938908,22.495721,-0.2));
#11975 = DIRECTION('',(-1.,0.,0.));
#11976 = DIRECTION('',(0.,0.,-1.));
#11977 = ADVANCED_FACE('',(#11978),#11997,.T.);
#11978 = FACE_BOUND('',#11979,.T.);
#11979 = EDGE_LOOP('',(#11980,#11981,#11989,#11996));
#11980 = ORIENTED_EDGE('',*,*,#11824,.T.);
#11981 = ORIENTED_EDGE('',*,*,#11982,.T.);
#11982 = EDGE_CURVE('',#11815,#11983,#11985,.T.);
#11983 = VERTEX_POINT('',#11984);
#11984 = CARTESIAN_POINT('',(54.238908,22.195721,-0.2));
#11985 = LINE('',#11986,#11987);
#11986 = CARTESIAN_POINT('',(54.238908,22.495721,-0.2));
#11987 = VECTOR('',#11988,1.);
#11988 = DIRECTION('',(0.,-1.,0.));
#11989 = ORIENTED_EDGE('',*,*,#11990,.F.);
#11990 = EDGE_CURVE('',#11959,#11983,#11991,.T.);
#11991 = CIRCLE('',#11992,0.3);
#11992 = AXIS2_PLACEMENT_3D('',#11993,#11994,#11995);
#11993 = CARTESIAN_POINT('',(54.238908,22.195721,1.E-01));
#11994 = DIRECTION('',(0.,-1.,0.));
#11995 = DIRECTION('',(-0.707106781187,-0.,-0.707106781187));
#11996 = ORIENTED_EDGE('',*,*,#11958,.F.);
#11997 = CYLINDRICAL_SURFACE('',#11998,0.3);
#11998 = AXIS2_PLACEMENT_3D('',#11999,#12000,#12001);
#11999 = CARTESIAN_POINT('',(54.238908,22.495721,1.E-01));
#12000 = DIRECTION('',(0.,-1.,0.));
#12001 = DIRECTION('',(1.,0.,0.));
#12002 = ADVANCED_FACE('',(#12003),#12039,.T.);
#12003 = FACE_BOUND('',#12004,.T.);
#12004 = EDGE_LOOP('',(#12005,#12016,#12024,#12033));
#12005 = ORIENTED_EDGE('',*,*,#12006,.T.);
#12006 = EDGE_CURVE('',#12007,#12009,#12011,.T.);
#12007 = VERTEX_POINT('',#12008);
#12008 = CARTESIAN_POINT('',(55.538908,22.145721,-0.15));
#12009 = VERTEX_POINT('',#12010);
#12010 = CARTESIAN_POINT('',(55.538908,22.195721,-0.2));
#12011 = CIRCLE('',#12012,5.E-02);
#12012 = AXIS2_PLACEMENT_3D('',#12013,#12014,#12015);
#12013 = CARTESIAN_POINT('',(55.538908,22.195721,-0.15));
#12014 = DIRECTION('',(1.,0.,0.));
#12015 = DIRECTION('',(0.,-0.707106781187,-0.707106781186));
#12016 = ORIENTED_EDGE('',*,*,#12017,.T.);
#12017 = EDGE_CURVE('',#12009,#12018,#12020,.T.);
#12018 = VERTEX_POINT('',#12019);
#12019 = CARTESIAN_POINT('',(56.238908,22.195721,-0.2));
#12020 = LINE('',#12021,#12022);
#12021 = CARTESIAN_POINT('',(53.72943236698,22.195721,-0.2));
#12022 = VECTOR('',#12023,1.);
#12023 = DIRECTION('',(1.,0.,0.));
#12024 = ORIENTED_EDGE('',*,*,#12025,.T.);
#12025 = EDGE_CURVE('',#12018,#12026,#12028,.T.);
#12026 = VERTEX_POINT('',#12027);
#12027 = CARTESIAN_POINT('',(56.238908,22.145721,-0.15));
#12028 = CIRCLE('',#12029,5.E-02);
#12029 = AXIS2_PLACEMENT_3D('',#12030,#12031,#12032);
#12030 = CARTESIAN_POINT('',(56.238908,22.195721,-0.15));
#12031 = DIRECTION('',(-1.,0.,0.));
#12032 = DIRECTION('',(0.,0.,-1.));
#12033 = ORIENTED_EDGE('',*,*,#12034,.T.);
#12034 = EDGE_CURVE('',#12026,#12007,#12035,.T.);
#12035 = LINE('',#12036,#12037);
#12036 = CARTESIAN_POINT('',(53.72943236698,22.145721,-0.15));
#12037 = VECTOR('',#12038,1.);
#12038 = DIRECTION('',(-1.,0.,0.));
#12039 = CYLINDRICAL_SURFACE('',#12040,5.E-02);
#12040 = AXIS2_PLACEMENT_3D('',#12041,#12042,#12043);
#12041 = CARTESIAN_POINT('',(53.72943236698,22.195721,-0.15));
#12042 = DIRECTION('',(1.,0.,0.));
#12043 = DIRECTION('',(0.,-0.707106781187,-0.707106781186));
#12044 = ADVANCED_FACE('',(#12045),#12073,.T.);
#12045 = FACE_BOUND('',#12046,.T.);
#12046 = EDGE_LOOP('',(#12047,#12058,#12065,#12066));
#12047 = ORIENTED_EDGE('',*,*,#12048,.T.);
#12048 = EDGE_CURVE('',#12049,#12051,#12053,.T.);
#12049 = VERTEX_POINT('',#12050);
#12050 = CARTESIAN_POINT('',(56.538908,22.195721,1.E-01));
#12051 = VERTEX_POINT('',#12052);
#12052 = CARTESIAN_POINT('',(56.488908,22.145721,1.E-01));
#12053 = CIRCLE('',#12054,4.999999999999E-02);
#12054 = AXIS2_PLACEMENT_3D('',#12055,#12056,#12057);
#12055 = CARTESIAN_POINT('',(56.488908,22.195721,1.E-01));
#12056 = DIRECTION('',(-6.938893903909E-16,0.,-1.));
#12057 = DIRECTION('',(1.,0.,-6.938893903909E-16));
#12058 = ORIENTED_EDGE('',*,*,#12059,.T.);
#12059 = EDGE_CURVE('',#12051,#12026,#12060,.T.);
#12060 = CIRCLE('',#12061,0.25);
#12061 = AXIS2_PLACEMENT_3D('',#12062,#12063,#12064);
#12062 = CARTESIAN_POINT('',(56.238908,22.145721,1.E-01));
#12063 = DIRECTION('',(0.,1.,0.));
#12064 = DIRECTION('',(0.707106781187,0.,-0.707106781187));
#12065 = ORIENTED_EDGE('',*,*,#12025,.F.);
#12066 = ORIENTED_EDGE('',*,*,#12067,.T.);
#12067 = EDGE_CURVE('',#12018,#12049,#12068,.T.);
#12068 = CIRCLE('',#12069,0.3);
#12069 = AXIS2_PLACEMENT_3D('',#12070,#12071,#12072);
#12070 = CARTESIAN_POINT('',(56.238908,22.195721,1.E-01));
#12071 = DIRECTION('',(0.,-1.,0.));
#12072 = DIRECTION('',(0.707106781187,0.,-0.707106781187));
#12073 = TOROIDAL_SURFACE('',#12074,0.25,5.E-02);
#12074 = AXIS2_PLACEMENT_3D('',#12075,#12076,#12077);
#12075 = CARTESIAN_POINT('',(56.238908,22.195721,1.E-01));
#12076 = DIRECTION('',(0.,-1.,0.));
#12077 = DIRECTION('',(0.,0.,-1.));
#12078 = ADVANCED_FACE('',(#12079),#12105,.T.);
#12079 = FACE_BOUND('',#12080,.T.);
#12080 = EDGE_LOOP('',(#12081,#12092,#12098,#12099));
#12081 = ORIENTED_EDGE('',*,*,#12082,.T.);
#12082 = EDGE_CURVE('',#12083,#12085,#12087,.T.);
#12083 = VERTEX_POINT('',#12084);
#12084 = CARTESIAN_POINT('',(56.538908,22.195721,2.1));
#12085 = VERTEX_POINT('',#12086);
#12086 = CARTESIAN_POINT('',(56.488908,22.145721,2.1));
#12087 = CIRCLE('',#12088,5.E-02);
#12088 = AXIS2_PLACEMENT_3D('',#12089,#12090,#12091);
#12089 = CARTESIAN_POINT('',(56.488908,22.195721,2.1));
#12090 = DIRECTION('',(0.,0.,-1.));
#12091 = DIRECTION('',(1.,0.,0.));
#12092 = ORIENTED_EDGE('',*,*,#12093,.T.);
#12093 = EDGE_CURVE('',#12085,#12051,#12094,.T.);
#12094 = LINE('',#12095,#12096);
#12095 = CARTESIAN_POINT('',(56.488908,22.145721,1.64950571887));
#12096 = VECTOR('',#12097,1.);
#12097 = DIRECTION('',(0.,0.,-1.));
#12098 = ORIENTED_EDGE('',*,*,#12048,.F.);
#12099 = ORIENTED_EDGE('',*,*,#12100,.T.);
#12100 = EDGE_CURVE('',#12049,#12083,#12101,.T.);
#12101 = LINE('',#12102,#12103);
#12102 = CARTESIAN_POINT('',(56.538908,22.195721,1.64950571887));
#12103 = VECTOR('',#12104,1.);
#12104 = DIRECTION('',(0.,0.,1.));
#12105 = CYLINDRICAL_SURFACE('',#12106,5.E-02);
#12106 = AXIS2_PLACEMENT_3D('',#12107,#12108,#12109);
#12107 = CARTESIAN_POINT('',(56.488908,22.195721,1.64950571887));
#12108 = DIRECTION('',(0.,0.,1.));
#12109 = DIRECTION('',(0.707106781186,-0.707106781187,0.));
#12110 = ADVANCED_FACE('',(#12111),#12137,.T.);
#12111 = FACE_BOUND('',#12112,.T.);
#12112 = EDGE_LOOP('',(#12113,#12122,#12129,#12130));
#12113 = ORIENTED_EDGE('',*,*,#12114,.T.);
#12114 = EDGE_CURVE('',#11911,#12115,#12117,.T.);
#12115 = VERTEX_POINT('',#12116);
#12116 = CARTESIAN_POINT('',(56.238908,22.145721,2.35));
#12117 = CIRCLE('',#12118,5.E-02);
#12118 = AXIS2_PLACEMENT_3D('',#12119,#12120,#12121);
#12119 = CARTESIAN_POINT('',(56.238908,22.195721,2.35));
#12120 = DIRECTION('',(1.,0.,-0.));
#12121 = DIRECTION('',(0.,0.,1.));
#12122 = ORIENTED_EDGE('',*,*,#12123,.T.);
#12123 = EDGE_CURVE('',#12115,#12085,#12124,.T.);
#12124 = CIRCLE('',#12125,0.25);
#12125 = AXIS2_PLACEMENT_3D('',#12126,#12127,#12128);
#12126 = CARTESIAN_POINT('',(56.238908,22.145721,2.1));
#12127 = DIRECTION('',(0.,1.,0.));
#12128 = DIRECTION('',(0.707106781187,-0.,0.707106781187));
#12129 = ORIENTED_EDGE('',*,*,#12082,.F.);
#12130 = ORIENTED_EDGE('',*,*,#12131,.T.);
#12131 = EDGE_CURVE('',#12083,#11911,#12132,.T.);
#12132 = CIRCLE('',#12133,0.3);
#12133 = AXIS2_PLACEMENT_3D('',#12134,#12135,#12136);
#12134 = CARTESIAN_POINT('',(56.238908,22.195721,2.1));
#12135 = DIRECTION('',(0.,-1.,0.));
#12136 = DIRECTION('',(0.707106781187,0.,0.707106781187));
#12137 = TOROIDAL_SURFACE('',#12138,0.25,5.E-02);
#12138 = AXIS2_PLACEMENT_3D('',#12139,#12140,#12141);
#12139 = CARTESIAN_POINT('',(56.238908,22.195721,2.1));
#12140 = DIRECTION('',(0.,-1.,0.));
#12141 = DIRECTION('',(0.,0.,-1.));
#12142 = ADVANCED_FACE('',(#12143),#12162,.T.);
#12143 = FACE_BOUND('',#12144,.T.);
#12144 = EDGE_LOOP('',(#12145,#12154,#12160,#12161));
#12145 = ORIENTED_EDGE('',*,*,#12146,.T.);
#12146 = EDGE_CURVE('',#11903,#12147,#12149,.T.);
#12147 = VERTEX_POINT('',#12148);
#12148 = CARTESIAN_POINT('',(54.238908,22.145721,2.35));
#12149 = CIRCLE('',#12150,5.E-02);
#12150 = AXIS2_PLACEMENT_3D('',#12151,#12152,#12153);
#12151 = CARTESIAN_POINT('',(54.238908,22.195721,2.35));
#12152 = DIRECTION('',(1.,0.,-0.));
#12153 = DIRECTION('',(0.,0.,1.));
#12154 = ORIENTED_EDGE('',*,*,#12155,.T.);
#12155 = EDGE_CURVE('',#12147,#12115,#12156,.T.);
#12156 = LINE('',#12157,#12158);
#12157 = CARTESIAN_POINT('',(52.42943236698,22.145721,2.35));
#12158 = VECTOR('',#12159,1.);
#12159 = DIRECTION('',(1.,0.,0.));
#12160 = ORIENTED_EDGE('',*,*,#12114,.F.);
#12161 = ORIENTED_EDGE('',*,*,#11910,.T.);
#12162 = CYLINDRICAL_SURFACE('',#12163,5.E-02);
#12163 = AXIS2_PLACEMENT_3D('',#12164,#12165,#12166);
#12164 = CARTESIAN_POINT('',(52.42943236698,22.195721,2.35));
#12165 = DIRECTION('',(-1.,0.,0.));
#12166 = DIRECTION('',(0.,-0.707106781187,0.707106781186));
#12167 = ADVANCED_FACE('',(#12168),#12188,.T.);
#12168 = FACE_BOUND('',#12169,.T.);
#12169 = EDGE_LOOP('',(#12170,#12179,#12186,#12187));
#12170 = ORIENTED_EDGE('',*,*,#12171,.T.);
#12171 = EDGE_CURVE('',#11934,#12172,#12174,.T.);
#12172 = VERTEX_POINT('',#12173);
#12173 = CARTESIAN_POINT('',(53.988908,22.145721,2.1));
#12174 = CIRCLE('',#12175,5.E-02);
#12175 = AXIS2_PLACEMENT_3D('',#12176,#12177,#12178);
#12176 = CARTESIAN_POINT('',(53.988908,22.195721,2.1));
#12177 = DIRECTION('',(5.551115123126E-15,0.,1.));
#12178 = DIRECTION('',(-1.,0.,5.551115123126E-15));
#12179 = ORIENTED_EDGE('',*,*,#12180,.T.);
#12180 = EDGE_CURVE('',#12172,#12147,#12181,.T.);
#12181 = CIRCLE('',#12182,0.25);
#12182 = AXIS2_PLACEMENT_3D('',#12183,#12184,#12185);
#12183 = CARTESIAN_POINT('',(54.238908,22.145721,2.1));
#12184 = DIRECTION('',(0.,1.,0.));
#12185 = DIRECTION('',(-0.707106781187,0.,0.707106781187));
#12186 = ORIENTED_EDGE('',*,*,#12146,.F.);
#12187 = ORIENTED_EDGE('',*,*,#11941,.T.);
#12188 = TOROIDAL_SURFACE('',#12189,0.25,5.E-02);
#12189 = AXIS2_PLACEMENT_3D('',#12190,#12191,#12192);
#12190 = CARTESIAN_POINT('',(54.238908,22.195721,2.1));
#12191 = DIRECTION('',(0.,-1.,0.));
#12192 = DIRECTION('',(0.,0.,-1.));
#12193 = ADVANCED_FACE('',(#12194),#12213,.T.);
#12194 = FACE_BOUND('',#12195,.T.);
#12195 = EDGE_LOOP('',(#12196,#12205,#12211,#12212));
#12196 = ORIENTED_EDGE('',*,*,#12197,.T.);
#12197 = EDGE_CURVE('',#11959,#12198,#12200,.T.);
#12198 = VERTEX_POINT('',#12199);
#12199 = CARTESIAN_POINT('',(53.988908,22.145721,1.E-01));
#12200 = CIRCLE('',#12201,5.E-02);
#12201 = AXIS2_PLACEMENT_3D('',#12202,#12203,#12204);
#12202 = CARTESIAN_POINT('',(53.988908,22.195721,1.E-01));
#12203 = DIRECTION('',(3.469446951954E-16,0.,1.));
#12204 = DIRECTION('',(-1.,0.,3.469446951954E-16));
#12205 = ORIENTED_EDGE('',*,*,#12206,.T.);
#12206 = EDGE_CURVE('',#12198,#12172,#12207,.T.);
#12207 = LINE('',#12208,#12209);
#12208 = CARTESIAN_POINT('',(53.988908,22.145721,0.34950571887));
#12209 = VECTOR('',#12210,1.);
#12210 = DIRECTION('',(0.,0.,1.));
#12211 = ORIENTED_EDGE('',*,*,#12171,.F.);
#12212 = ORIENTED_EDGE('',*,*,#11966,.T.);
#12213 = CYLINDRICAL_SURFACE('',#12214,5.E-02);
#12214 = AXIS2_PLACEMENT_3D('',#12215,#12216,#12217);
#12215 = CARTESIAN_POINT('',(53.988908,22.195721,0.34950571887));
#12216 = DIRECTION('',(0.,0.,-1.));
#12217 = DIRECTION('',(-0.707106781186,-0.707106781187,-0.));
#12218 = ADVANCED_FACE('',(#12219),#12239,.T.);
#12219 = FACE_BOUND('',#12220,.T.);
#12220 = EDGE_LOOP('',(#12221,#12230,#12237,#12238));
#12221 = ORIENTED_EDGE('',*,*,#12222,.T.);
#12222 = EDGE_CURVE('',#11983,#12223,#12225,.T.);
#12223 = VERTEX_POINT('',#12224);
#12224 = CARTESIAN_POINT('',(54.238908,22.145721,-0.15));
#12225 = CIRCLE('',#12226,5.E-02);
#12226 = AXIS2_PLACEMENT_3D('',#12227,#12228,#12229);
#12227 = CARTESIAN_POINT('',(54.238908,22.195721,-0.15));
#12228 = DIRECTION('',(-1.,0.,0.));
#12229 = DIRECTION('',(0.,0.,-1.));
#12230 = ORIENTED_EDGE('',*,*,#12231,.T.);
#12231 = EDGE_CURVE('',#12223,#12198,#12232,.T.);
#12232 = CIRCLE('',#12233,0.25);
#12233 = AXIS2_PLACEMENT_3D('',#12234,#12235,#12236);
#12234 = CARTESIAN_POINT('',(54.238908,22.145721,1.E-01));
#12235 = DIRECTION('',(0.,1.,0.));
#12236 = DIRECTION('',(-0.707106781187,0.,-0.707106781187));
#12237 = ORIENTED_EDGE('',*,*,#12197,.F.);
#12238 = ORIENTED_EDGE('',*,*,#11990,.T.);
#12239 = TOROIDAL_SURFACE('',#12240,0.25,5.E-02);
#12240 = AXIS2_PLACEMENT_3D('',#12241,#12242,#12243);
#12241 = CARTESIAN_POINT('',(54.238908,22.195721,1.E-01));
#12242 = DIRECTION('',(0.,-1.,0.));
#12243 = DIRECTION('',(0.,0.,-1.));
#12244 = ADVANCED_FACE('',(#12245),#12271,.T.);
#12245 = FACE_BOUND('',#12246,.T.);
#12246 = EDGE_LOOP('',(#12247,#12258,#12264,#12265));
#12247 = ORIENTED_EDGE('',*,*,#12248,.T.);
#12248 = EDGE_CURVE('',#12249,#12251,#12253,.T.);
#12249 = VERTEX_POINT('',#12250);
#12250 = CARTESIAN_POINT('',(54.938908,22.195721,-0.2));
#12251 = VERTEX_POINT('',#12252);
#12252 = CARTESIAN_POINT('',(54.938908,22.145721,-0.15));
#12253 = CIRCLE('',#12254,5.E-02);
#12254 = AXIS2_PLACEMENT_3D('',#12255,#12256,#12257);
#12255 = CARTESIAN_POINT('',(54.938908,22.195721,-0.15));
#12256 = DIRECTION('',(-1.,0.,0.));
#12257 = DIRECTION('',(-0.,-0.707106781187,-0.707106781186));
#12258 = ORIENTED_EDGE('',*,*,#12259,.T.);
#12259 = EDGE_CURVE('',#12251,#12223,#12260,.T.);
#12260 = LINE('',#12261,#12262);
#12261 = CARTESIAN_POINT('',(53.72943236698,22.145721,-0.15));
#12262 = VECTOR('',#12263,1.);
#12263 = DIRECTION('',(-1.,0.,0.));
#12264 = ORIENTED_EDGE('',*,*,#12222,.F.);
#12265 = ORIENTED_EDGE('',*,*,#12266,.T.);
#12266 = EDGE_CURVE('',#11983,#12249,#12267,.T.);
#12267 = LINE('',#12268,#12269);
#12268 = CARTESIAN_POINT('',(53.72943236698,22.195721,-0.2));
#12269 = VECTOR('',#12270,1.);
#12270 = DIRECTION('',(1.,0.,0.));
#12271 = CYLINDRICAL_SURFACE('',#12272,5.E-02);
#12272 = AXIS2_PLACEMENT_3D('',#12273,#12274,#12275);
#12273 = CARTESIAN_POINT('',(53.72943236698,22.195721,-0.15));
#12274 = DIRECTION('',(1.,0.,0.));
#12275 = DIRECTION('',(0.,-0.707106781187,-0.707106781186));
#12276 = ADVANCED_FACE('',(#12277),#12311,.F.);
#12277 = FACE_BOUND('',#12278,.T.);
#12278 = EDGE_LOOP('',(#12279,#12280,#12281,#12282,#12283,#12284,#12285,
    #12286,#12287,#12288,#12296,#12305));
#12279 = ORIENTED_EDGE('',*,*,#12034,.F.);
#12280 = ORIENTED_EDGE('',*,*,#12059,.F.);
#12281 = ORIENTED_EDGE('',*,*,#12093,.F.);
#12282 = ORIENTED_EDGE('',*,*,#12123,.F.);
#12283 = ORIENTED_EDGE('',*,*,#12155,.F.);
#12284 = ORIENTED_EDGE('',*,*,#12180,.F.);
#12285 = ORIENTED_EDGE('',*,*,#12206,.F.);
#12286 = ORIENTED_EDGE('',*,*,#12231,.F.);
#12287 = ORIENTED_EDGE('',*,*,#12259,.F.);
#12288 = ORIENTED_EDGE('',*,*,#12289,.F.);
#12289 = EDGE_CURVE('',#12290,#12251,#12292,.T.);
#12290 = VERTEX_POINT('',#12291);
#12291 = CARTESIAN_POINT('',(54.938908,22.145721,0.146060798583));
#12292 = LINE('',#12293,#12294);
#12293 = CARTESIAN_POINT('',(54.938908,22.145721,0.899011437739));
#12294 = VECTOR('',#12295,1.);
#12295 = DIRECTION('',(0.,0.,-1.));
#12296 = ORIENTED_EDGE('',*,*,#12297,.T.);
#12297 = EDGE_CURVE('',#12290,#12298,#12300,.T.);
#12298 = VERTEX_POINT('',#12299);
#12299 = CARTESIAN_POINT('',(55.538908,22.145721,0.146060798583));
#12300 = CIRCLE('',#12301,1.);
#12301 = AXIS2_PLACEMENT_3D('',#12302,#12303,#12304);
#12302 = CARTESIAN_POINT('',(55.238908,22.145721,1.1));
#12303 = DIRECTION('',(0.,1.,0.));
#12304 = DIRECTION('',(-1.,0.,0.));
#12305 = ORIENTED_EDGE('',*,*,#12306,.T.);
#12306 = EDGE_CURVE('',#12298,#12007,#12307,.T.);
#12307 = LINE('',#12308,#12309);
#12308 = CARTESIAN_POINT('',(55.538908,22.145721,0.899011437739));
#12309 = VECTOR('',#12310,1.);
#12310 = DIRECTION('',(0.,0.,-1.));
#12311 = PLANE('',#12312);
#12312 = AXIS2_PLACEMENT_3D('',#12313,#12314,#12315);
#12313 = CARTESIAN_POINT('',(50.919956733961,22.145721,0.899011437739));
#12314 = DIRECTION('',(0.,1.,0.));
#12315 = DIRECTION('',(-1.,0.,0.));
#12316 = ADVANCED_FACE('',(#12317),#12343,.F.);
#12317 = FACE_BOUND('',#12318,.T.);
#12318 = EDGE_LOOP('',(#12319,#12320,#12328,#12336,#12342));
#12319 = ORIENTED_EDGE('',*,*,#12248,.F.);
#12320 = ORIENTED_EDGE('',*,*,#12321,.T.);
#12321 = EDGE_CURVE('',#12249,#12322,#12324,.T.);
#12322 = VERTEX_POINT('',#12323);
#12323 = CARTESIAN_POINT('',(54.938908,22.295721,-0.2));
#12324 = LINE('',#12325,#12326);
#12325 = CARTESIAN_POINT('',(54.938908,22.495721,-0.2));
#12326 = VECTOR('',#12327,1.);
#12327 = DIRECTION('',(0.,1.,0.));
#12328 = ORIENTED_EDGE('',*,*,#12329,.T.);
#12329 = EDGE_CURVE('',#12322,#12330,#12332,.T.);
#12330 = VERTEX_POINT('',#12331);
#12331 = CARTESIAN_POINT('',(54.938908,22.295721,0.146060798583));
#12332 = LINE('',#12333,#12334);
#12333 = CARTESIAN_POINT('',(54.938908,22.295721,-0.175984800354));
#12334 = VECTOR('',#12335,1.);
#12335 = DIRECTION('',(0.,0.,1.));
#12336 = ORIENTED_EDGE('',*,*,#12337,.F.);
#12337 = EDGE_CURVE('',#12290,#12330,#12338,.T.);
#12338 = LINE('',#12339,#12340);
#12339 = CARTESIAN_POINT('',(54.938908,22.145721,0.146060798583));
#12340 = VECTOR('',#12341,1.);
#12341 = DIRECTION('',(0.,1.,0.));
#12342 = ORIENTED_EDGE('',*,*,#12289,.T.);
#12343 = PLANE('',#12344);
#12344 = AXIS2_PLACEMENT_3D('',#12345,#12346,#12347);
#12345 = CARTESIAN_POINT('',(54.938908,22.145721,-0.2));
#12346 = DIRECTION('',(-1.,0.,0.));
#12347 = DIRECTION('',(0.,0.,1.));
#12348 = ADVANCED_FACE('',(#12349),#12368,.F.);
#12349 = FACE_BOUND('',#12350,.F.);
#12350 = EDGE_LOOP('',(#12351,#12352,#12360,#12367));
#12351 = ORIENTED_EDGE('',*,*,#12297,.T.);
#12352 = ORIENTED_EDGE('',*,*,#12353,.T.);
#12353 = EDGE_CURVE('',#12298,#12354,#12356,.T.);
#12354 = VERTEX_POINT('',#12355);
#12355 = CARTESIAN_POINT('',(55.538908,22.295721,0.146060798583));
#12356 = LINE('',#12357,#12358);
#12357 = CARTESIAN_POINT('',(55.538908,22.145721,0.146060798583));
#12358 = VECTOR('',#12359,1.);
#12359 = DIRECTION('',(0.,1.,0.));
#12360 = ORIENTED_EDGE('',*,*,#12361,.F.);
#12361 = EDGE_CURVE('',#12330,#12354,#12362,.T.);
#12362 = CIRCLE('',#12363,1.);
#12363 = AXIS2_PLACEMENT_3D('',#12364,#12365,#12366);
#12364 = CARTESIAN_POINT('',(55.238908,22.295721,1.1));
#12365 = DIRECTION('',(0.,1.,0.));
#12366 = DIRECTION('',(-1.,0.,0.));
#12367 = ORIENTED_EDGE('',*,*,#12337,.F.);
#12368 = CYLINDRICAL_SURFACE('',#12369,1.);
#12369 = AXIS2_PLACEMENT_3D('',#12370,#12371,#12372);
#12370 = CARTESIAN_POINT('',(55.238908,22.145721,1.1));
#12371 = DIRECTION('',(0.,-1.,0.));
#12372 = DIRECTION('',(-1.,0.,0.));
#12373 = ADVANCED_FACE('',(#12374),#12409,.T.);
#12374 = FACE_BOUND('',#12375,.T.);
#12375 = EDGE_LOOP('',(#12376,#12385,#12392,#12401,#12408));
#12376 = ORIENTED_EDGE('',*,*,#12377,.T.);
#12377 = EDGE_CURVE('',#12378,#12378,#12380,.T.);
#12378 = VERTEX_POINT('',#12379);
#12379 = CARTESIAN_POINT('',(54.464311330758,22.145721,0.75));
#12380 = CIRCLE('',#12381,0.85);
#12381 = AXIS2_PLACEMENT_3D('',#12382,#12383,#12384);
#12382 = CARTESIAN_POINT('',(55.238908,22.145721,1.1));
#12383 = DIRECTION('',(0.,1.,0.));
#12384 = DIRECTION('',(-1.,0.,0.));
#12385 = ORIENTED_EDGE('',*,*,#12386,.F.);
#12386 = EDGE_CURVE('',#12387,#12378,#12389,.T.);
#12387 = VERTEX_POINT('',#12388);
#12388 = CARTESIAN_POINT('',(54.464311330759,22.295721,0.75));
#12389 = B_SPLINE_CURVE_WITH_KNOTS('',1,(#12390,#12391),.UNSPECIFIED.,
  .F.,.F.,(2,2),(-0.15,0.),.PIECEWISE_BEZIER_KNOTS.);
#12390 = CARTESIAN_POINT('',(54.464311330759,22.295721,0.75));
#12391 = CARTESIAN_POINT('',(54.464311330759,22.145721,0.75));
#12392 = ORIENTED_EDGE('',*,*,#12393,.T.);
#12393 = EDGE_CURVE('',#12387,#12394,#12396,.T.);
#12394 = VERTEX_POINT('',#12395);
#12395 = CARTESIAN_POINT('',(56.088908,22.295721,1.1));
#12396 = CIRCLE('',#12397,0.85);
#12397 = AXIS2_PLACEMENT_3D('',#12398,#12399,#12400);
#12398 = CARTESIAN_POINT('',(55.238908,22.295721,1.1));
#12399 = DIRECTION('',(0.,-1.,0.));
#12400 = DIRECTION('',(-1.,0.,0.));
#12401 = ORIENTED_EDGE('',*,*,#12402,.T.);
#12402 = EDGE_CURVE('',#12394,#12387,#12403,.T.);
#12403 = CIRCLE('',#12404,0.85);
#12404 = AXIS2_PLACEMENT_3D('',#12405,#12406,#12407);
#12405 = CARTESIAN_POINT('',(55.238908,22.295721,1.1));
#12406 = DIRECTION('',(0.,-1.,0.));
#12407 = DIRECTION('',(-1.,0.,0.));
#12408 = ORIENTED_EDGE('',*,*,#12386,.T.);
#12409 = CYLINDRICAL_SURFACE('',#12410,0.85);
#12410 = AXIS2_PLACEMENT_3D('',#12411,#12412,#12413);
#12411 = CARTESIAN_POINT('',(55.238908,22.145721,1.1));
#12412 = DIRECTION('',(0.,-1.,0.));
#12413 = DIRECTION('',(-1.,0.,0.));
#12414 = ADVANCED_FACE('',(#12415),#12434,.F.);
#12415 = FACE_BOUND('',#12416,.T.);
#12416 = EDGE_LOOP('',(#12417,#12418,#12419,#12420,#12428));
#12417 = ORIENTED_EDGE('',*,*,#12006,.F.);
#12418 = ORIENTED_EDGE('',*,*,#12306,.F.);
#12419 = ORIENTED_EDGE('',*,*,#12353,.T.);
#12420 = ORIENTED_EDGE('',*,*,#12421,.T.);
#12421 = EDGE_CURVE('',#12354,#12422,#12424,.T.);
#12422 = VERTEX_POINT('',#12423);
#12423 = CARTESIAN_POINT('',(55.538908,22.295721,-0.2));
#12424 = LINE('',#12425,#12426);
#12425 = CARTESIAN_POINT('',(55.538908,22.295721,-2.954401062709E-03));
#12426 = VECTOR('',#12427,1.);
#12427 = DIRECTION('',(0.,0.,-1.));
#12428 = ORIENTED_EDGE('',*,*,#12429,.F.);
#12429 = EDGE_CURVE('',#12009,#12422,#12430,.T.);
#12430 = LINE('',#12431,#12432);
#12431 = CARTESIAN_POINT('',(55.538908,22.495721,-0.2));
#12432 = VECTOR('',#12433,1.);
#12433 = DIRECTION('',(0.,1.,0.));
#12434 = PLANE('',#12435);
#12435 = AXIS2_PLACEMENT_3D('',#12436,#12437,#12438);
#12436 = CARTESIAN_POINT('',(55.538908,22.145721,0.146060798583));
#12437 = DIRECTION('',(1.,0.,0.));
#12438 = DIRECTION('',(0.,0.,-1.));
#12439 = ADVANCED_FACE('',(#12440,#12451),#12455,.T.);
#12440 = FACE_BOUND('',#12441,.T.);
#12441 = EDGE_LOOP('',(#12442,#12448,#12449,#12450));
#12442 = ORIENTED_EDGE('',*,*,#12443,.T.);
#12443 = EDGE_CURVE('',#12322,#12422,#12444,.T.);
#12444 = LINE('',#12445,#12446);
#12445 = CARTESIAN_POINT('',(0.,22.295721,-0.2));
#12446 = VECTOR('',#12447,1.);
#12447 = DIRECTION('',(1.,0.,0.));
#12448 = ORIENTED_EDGE('',*,*,#12421,.F.);
#12449 = ORIENTED_EDGE('',*,*,#12361,.F.);
#12450 = ORIENTED_EDGE('',*,*,#12329,.F.);
#12451 = FACE_BOUND('',#12452,.T.);
#12452 = EDGE_LOOP('',(#12453,#12454));
#12453 = ORIENTED_EDGE('',*,*,#12402,.F.);
#12454 = ORIENTED_EDGE('',*,*,#12393,.F.);
#12455 = PLANE('',#12456);
#12456 = AXIS2_PLACEMENT_3D('',#12457,#12458,#12459);
#12457 = CARTESIAN_POINT('',(55.238908,22.295721,-0.151969600708));
#12458 = DIRECTION('',(0.,-1.,0.));
#12459 = DIRECTION('',(0.,0.,-1.));
#12460 = ADVANCED_FACE('',(#12461),#12477,.T.);
#12461 = FACE_BOUND('',#12462,.T.);
#12462 = EDGE_LOOP('',(#12463,#12464,#12470,#12471));
#12463 = ORIENTED_EDGE('',*,*,#11867,.T.);
#12464 = ORIENTED_EDGE('',*,*,#12465,.T.);
#12465 = EDGE_CURVE('',#11859,#12083,#12466,.T.);
#12466 = LINE('',#12467,#12468);
#12467 = CARTESIAN_POINT('',(56.538908,22.495721,2.1));
#12468 = VECTOR('',#12469,1.);
#12469 = DIRECTION('',(0.,-1.,0.));
#12470 = ORIENTED_EDGE('',*,*,#12100,.F.);
#12471 = ORIENTED_EDGE('',*,*,#12472,.F.);
#12472 = EDGE_CURVE('',#11868,#12049,#12473,.T.);
#12473 = LINE('',#12474,#12475);
#12474 = CARTESIAN_POINT('',(56.538908,22.495721,1.E-01));
#12475 = VECTOR('',#12476,1.);
#12476 = DIRECTION('',(0.,-1.,0.));
#12477 = PLANE('',#12478);
#12478 = AXIS2_PLACEMENT_3D('',#12479,#12480,#12481);
#12479 = CARTESIAN_POINT('',(56.538908,22.495721,2.4));
#12480 = DIRECTION('',(1.,0.,0.));
#12481 = DIRECTION('',(0.,0.,1.));
#12482 = ADVANCED_FACE('',(#12483),#12498,.T.);
#12483 = FACE_BOUND('',#12484,.T.);
#12484 = EDGE_LOOP('',(#12485,#12486,#12492,#12493,#12494,#12495,#12496,
    #12497));
#12485 = ORIENTED_EDGE('',*,*,#11814,.T.);
#12486 = ORIENTED_EDGE('',*,*,#12487,.T.);
#12487 = EDGE_CURVE('',#11817,#12018,#12488,.T.);
#12488 = LINE('',#12489,#12490);
#12489 = CARTESIAN_POINT('',(56.238908,22.495721,-0.2));
#12490 = VECTOR('',#12491,1.);
#12491 = DIRECTION('',(0.,-1.,0.));
#12492 = ORIENTED_EDGE('',*,*,#12017,.F.);
#12493 = ORIENTED_EDGE('',*,*,#12429,.T.);
#12494 = ORIENTED_EDGE('',*,*,#12443,.F.);
#12495 = ORIENTED_EDGE('',*,*,#12321,.F.);
#12496 = ORIENTED_EDGE('',*,*,#12266,.F.);
#12497 = ORIENTED_EDGE('',*,*,#11982,.F.);
#12498 = PLANE('',#12499);
#12499 = AXIS2_PLACEMENT_3D('',#12500,#12501,#12502);
#12500 = CARTESIAN_POINT('',(56.538908,22.495721,-0.2));
#12501 = DIRECTION('',(0.,0.,-1.));
#12502 = DIRECTION('',(1.,0.,0.));
#12503 = ADVANCED_FACE('',(#12504),#12510,.T.);
#12504 = FACE_BOUND('',#12505,.T.);
#12505 = EDGE_LOOP('',(#12506,#12507,#12508,#12509));
#12506 = ORIENTED_EDGE('',*,*,#11875,.T.);
#12507 = ORIENTED_EDGE('',*,*,#12472,.T.);
#12508 = ORIENTED_EDGE('',*,*,#12067,.F.);
#12509 = ORIENTED_EDGE('',*,*,#12487,.F.);
#12510 = CYLINDRICAL_SURFACE('',#12511,0.3);
#12511 = AXIS2_PLACEMENT_3D('',#12512,#12513,#12514);
#12512 = CARTESIAN_POINT('',(56.238908,22.495721,1.E-01));
#12513 = DIRECTION('',(0.,-1.,0.));
#12514 = DIRECTION('',(1.,0.,0.));
#12515 = ADVANCED_FACE('',(#12516),#12522,.T.);
#12516 = FACE_BOUND('',#12517,.T.);
#12517 = EDGE_LOOP('',(#12518,#12519,#12520,#12521));
#12518 = ORIENTED_EDGE('',*,*,#11858,.T.);
#12519 = ORIENTED_EDGE('',*,*,#11918,.T.);
#12520 = ORIENTED_EDGE('',*,*,#12131,.F.);
#12521 = ORIENTED_EDGE('',*,*,#12465,.F.);
#12522 = CYLINDRICAL_SURFACE('',#12523,0.3);
#12523 = AXIS2_PLACEMENT_3D('',#12524,#12525,#12526);
#12524 = CARTESIAN_POINT('',(56.238908,22.495721,2.1));
#12525 = DIRECTION('',(0.,-1.,0.));
#12526 = DIRECTION('',(1.,0.,0.));
#12527 = ADVANCED_FACE('',(#12528,#12531),#12542,.F.);
#12528 = FACE_BOUND('',#12529,.T.);
#12529 = EDGE_LOOP('',(#12530));
#12530 = ORIENTED_EDGE('',*,*,#12377,.F.);
#12531 = FACE_BOUND('',#12532,.T.);
#12532 = EDGE_LOOP('',(#12533));
#12533 = ORIENTED_EDGE('',*,*,#12534,.F.);
#12534 = EDGE_CURVE('',#12535,#12535,#12537,.T.);
#12535 = VERTEX_POINT('',#12536);
#12536 = CARTESIAN_POINT('',(55.23854236587,22.145721,1.1));
#12537 = CIRCLE('',#12538,3.656341303708E-04);
#12538 = AXIS2_PLACEMENT_3D('',#12539,#12540,#12541);
#12539 = CARTESIAN_POINT('',(55.238908,22.145721,1.1));
#12540 = DIRECTION('',(0.,-1.,0.));
#12541 = DIRECTION('',(1.,0.,0.));
#12542 = PLANE('',#12543);
#12543 = AXIS2_PLACEMENT_3D('',#12544,#12545,#12546);
#12544 = CARTESIAN_POINT('',(50.919956733961,22.145721,0.899011437739));
#12545 = DIRECTION('',(0.,1.,0.));
#12546 = DIRECTION('',(-1.,0.,0.));
#12547 = ADVANCED_FACE('',(#12548),#12558,.F.);
#12548 = FACE_BOUND('',#12549,.F.);
#12549 = EDGE_LOOP('',(#12550,#12551,#12556,#12557));
#12550 = ORIENTED_EDGE('',*,*,#11884,.F.);
#12551 = ORIENTED_EDGE('',*,*,#12552,.F.);
#12552 = EDGE_CURVE('',#12535,#11885,#12553,.T.);
#12553 = B_SPLINE_CURVE_WITH_KNOTS('',1,(#12554,#12555),.UNSPECIFIED.,
  .F.,.F.,(2,2),(0.749449597968,1.097449626686),
  .PIECEWISE_BEZIER_KNOTS.);
#12554 = CARTESIAN_POINT('',(55.23854236587,22.145721,1.1));
#12555 = CARTESIAN_POINT('',(55.238400987339,22.493721,1.1));
#12556 = ORIENTED_EDGE('',*,*,#12534,.F.);
#12557 = ORIENTED_EDGE('',*,*,#12552,.T.);
#12558 = CONICAL_SURFACE('',#12559,6.116265326384E-05,4.062601225057E-04
  );
#12559 = AXIS2_PLACEMENT_3D('',#12560,#12561,#12562);
#12560 = CARTESIAN_POINT('',(55.238908,21.396271463879,1.1));
#12561 = DIRECTION('',(0.,1.,0.));
#12562 = DIRECTION('',(1.,0.,0.));
#12563 = ( GEOMETRIC_REPRESENTATION_CONTEXT(3) 
GLOBAL_UNCERTAINTY_ASSIGNED_CONTEXT((#12567)) 
GLOBAL_UNIT_ASSIGNED_CONTEXT((#12564,#12565,#12566)) 
REPRESENTATION_CONTEXT('Context #1',
  '3D Context with UNIT and UNCERTAINTY') );
#12564 = ( LENGTH_UNIT() NAMED_UNIT(*) SI_UNIT(.MILLI.,.METRE.) );
#12565 = ( NAMED_UNIT(*) PLANE_ANGLE_UNIT() SI_UNIT($,.RADIAN.) );
#12566 = ( NAMED_UNIT(*) SI_UNIT($,.STERADIAN.) SOLID_ANGLE_UNIT() );
#12567 = UNCERTAINTY_MEASURE_WITH_UNIT(LENGTH_MEASURE(1.E-06),#12564,
  'distance_accuracy_value','confusion accuracy');
#12568 = SHAPE_DEFINITION_REPRESENTATION(#12569,#11807);
#12569 = PRODUCT_DEFINITION_SHAPE('','',#12570);
#12570 = PRODUCT_DEFINITION('design','',#12571,#12574);
#12571 = PRODUCT_DEFINITION_FORMATION('','',#12572);
#12572 = PRODUCT('U.FL-R-SMT-1','U.FL-R-SMT-1','',(#12573));
#12573 = PRODUCT_CONTEXT('',#2,'mechanical');
#12574 = PRODUCT_DEFINITION_CONTEXT('part definition',#2,'design');
#12575 = CONTEXT_DEPENDENT_SHAPE_REPRESENTATION(#12576,#12578);
#12576 = ( REPRESENTATION_RELATIONSHIP('','',#11807,#9716) 
REPRESENTATION_RELATIONSHIP_WITH_TRANSFORMATION(#12577) 
SHAPE_REPRESENTATION_RELATIONSHIP() );
#12577 = ITEM_DEFINED_TRANSFORMATION('','',#11,#9737);
#12578 = PRODUCT_DEFINITION_SHAPE('Placement','Placement of an item',
  #12579);
#12579 = NEXT_ASSEMBLY_USAGE_OCCURRENCE('12','U.FL-R-SMT-1:1','',#9711,
  #12570,$);
#12580 = PRODUCT_RELATED_PRODUCT_CATEGORY('part',$,(#12572));
#12581 = ADVANCED_BREP_SHAPE_REPRESENTATION('',(#11,#12582),#15801);
#12582 = MANIFOLD_SOLID_BREP('',#12583);
#12583 = CLOSED_SHELL('',(#12584,#12624,#12655,#12686,#12717,#12748,
    #12779,#12810,#12841,#12872,#12903,#12934,#12965,#12996,#13027,
    #13058,#13089,#13120,#13151,#13182,#13213,#13244,#13275,#13306,
    #13337,#13368,#13399,#13430,#13461,#13492,#13523,#13554,#13585,
    #13616,#13647,#13678,#13709,#13740,#13771,#13802,#13833,#13864,
    #13895,#13926,#13957,#13988,#14019,#14050,#14081,#14112,#14143,
    #14174,#14205,#14236,#14267,#14298,#14329,#14360,#14391,#14422,
    #14453,#14484,#14515,#14546,#14577,#14608,#14639,#14670,#14701,
    #14732,#14763,#14794,#14825,#14856,#14887,#14918,#14949,#14980,
    #15011,#15042,#15073,#15104,#15135,#15166,#15197,#15228,#15259,
    #15290,#15321,#15352,#15383,#15414,#15445,#15476,#15507,#15538,
    #15569,#15591,#15696));
#12584 = ADVANCED_FACE('',(#12585),#12619,.T.);
#12585 = FACE_BOUND('',#12586,.T.);
#12586 = EDGE_LOOP('',(#12587,#12597,#12605,#12613));
#12587 = ORIENTED_EDGE('',*,*,#12588,.T.);
#12588 = EDGE_CURVE('',#12589,#12591,#12593,.T.);
#12589 = VERTEX_POINT('',#12590);
#12590 = CARTESIAN_POINT('',(61.60041493438,-70.30186649929,0.));
#12591 = VERTEX_POINT('',#12592);
#12592 = CARTESIAN_POINT('',(61.54097233038,-70.30186649929,0.));
#12593 = LINE('',#12594,#12595);
#12594 = CARTESIAN_POINT('',(61.60041493438,-70.30186649929,0.));
#12595 = VECTOR('',#12596,1.);
#12596 = DIRECTION('',(-1.,0.,0.));
#12597 = ORIENTED_EDGE('',*,*,#12598,.T.);
#12598 = EDGE_CURVE('',#12591,#12599,#12601,.T.);
#12599 = VERTEX_POINT('',#12600);
#12600 = CARTESIAN_POINT('',(61.54097233038,-70.30186649929,1.E-02));
#12601 = LINE('',#12602,#12603);
#12602 = CARTESIAN_POINT('',(61.54097233038,-70.30186649929,0.));
#12603 = VECTOR('',#12604,1.);
#12604 = DIRECTION('',(0.,0.,1.));
#12605 = ORIENTED_EDGE('',*,*,#12606,.F.);
#12606 = EDGE_CURVE('',#12607,#12599,#12609,.T.);
#12607 = VERTEX_POINT('',#12608);
#12608 = CARTESIAN_POINT('',(61.60041493438,-70.30186649929,1.E-02));
#12609 = LINE('',#12610,#12611);
#12610 = CARTESIAN_POINT('',(61.60041493438,-70.30186649929,1.E-02));
#12611 = VECTOR('',#12612,1.);
#12612 = DIRECTION('',(-1.,0.,0.));
#12613 = ORIENTED_EDGE('',*,*,#12614,.F.);
#12614 = EDGE_CURVE('',#12589,#12607,#12615,.T.);
#12615 = LINE('',#12616,#12617);
#12616 = CARTESIAN_POINT('',(61.60041493438,-70.30186649929,0.));
#12617 = VECTOR('',#12618,1.);
#12618 = DIRECTION('',(0.,0.,1.));
#12619 = PLANE('',#12620);
#12620 = AXIS2_PLACEMENT_3D('',#12621,#12622,#12623);
#12621 = CARTESIAN_POINT('',(61.60041493438,-70.30186649929,0.));
#12622 = DIRECTION('',(0.,1.,0.));
#12623 = DIRECTION('',(-1.,0.,0.));
#12624 = ADVANCED_FACE('',(#12625),#12650,.T.);
#12625 = FACE_BOUND('',#12626,.T.);
#12626 = EDGE_LOOP('',(#12627,#12635,#12636,#12644));
#12627 = ORIENTED_EDGE('',*,*,#12628,.T.);
#12628 = EDGE_CURVE('',#12629,#12589,#12631,.T.);
#12629 = VERTEX_POINT('',#12630);
#12630 = CARTESIAN_POINT('',(61.60041493438,-70.33100664929,0.));
#12631 = LINE('',#12632,#12633);
#12632 = CARTESIAN_POINT('',(61.60041493438,-70.33100664929,0.));
#12633 = VECTOR('',#12634,1.);
#12634 = DIRECTION('',(0.,1.,0.));
#12635 = ORIENTED_EDGE('',*,*,#12614,.T.);
#12636 = ORIENTED_EDGE('',*,*,#12637,.F.);
#12637 = EDGE_CURVE('',#12638,#12607,#12640,.T.);
#12638 = VERTEX_POINT('',#12639);
#12639 = CARTESIAN_POINT('',(61.60041493438,-70.33100664929,1.E-02));
#12640 = LINE('',#12641,#12642);
#12641 = CARTESIAN_POINT('',(61.60041493438,-70.33100664929,1.E-02));
#12642 = VECTOR('',#12643,1.);
#12643 = DIRECTION('',(0.,1.,0.));
#12644 = ORIENTED_EDGE('',*,*,#12645,.F.);
#12645 = EDGE_CURVE('',#12629,#12638,#12646,.T.);
#12646 = LINE('',#12647,#12648);
#12647 = CARTESIAN_POINT('',(61.60041493438,-70.33100664929,0.));
#12648 = VECTOR('',#12649,1.);
#12649 = DIRECTION('',(0.,0.,1.));
#12650 = PLANE('',#12651);
#12651 = AXIS2_PLACEMENT_3D('',#12652,#12653,#12654);
#12652 = CARTESIAN_POINT('',(61.60041493438,-70.33100664929,0.));
#12653 = DIRECTION('',(1.,0.,0.));
#12654 = DIRECTION('',(-0.,1.,0.));
#12655 = ADVANCED_FACE('',(#12656),#12681,.T.);
#12656 = FACE_BOUND('',#12657,.T.);
#12657 = EDGE_LOOP('',(#12658,#12666,#12667,#12675));
#12658 = ORIENTED_EDGE('',*,*,#12659,.T.);
#12659 = EDGE_CURVE('',#12660,#12629,#12662,.T.);
#12660 = VERTEX_POINT('',#12661);
#12661 = CARTESIAN_POINT('',(61.54691161238,-70.33100664929,0.));
#12662 = LINE('',#12663,#12664);
#12663 = CARTESIAN_POINT('',(61.54691161238,-70.33100664929,0.));
#12664 = VECTOR('',#12665,1.);
#12665 = DIRECTION('',(1.,0.,0.));
#12666 = ORIENTED_EDGE('',*,*,#12645,.T.);
#12667 = ORIENTED_EDGE('',*,*,#12668,.F.);
#12668 = EDGE_CURVE('',#12669,#12638,#12671,.T.);
#12669 = VERTEX_POINT('',#12670);
#12670 = CARTESIAN_POINT('',(61.54691161238,-70.33100664929,1.E-02));
#12671 = LINE('',#12672,#12673);
#12672 = CARTESIAN_POINT('',(61.54691161238,-70.33100664929,1.E-02));
#12673 = VECTOR('',#12674,1.);
#12674 = DIRECTION('',(1.,0.,0.));
#12675 = ORIENTED_EDGE('',*,*,#12676,.F.);
#12676 = EDGE_CURVE('',#12660,#12669,#12677,.T.);
#12677 = LINE('',#12678,#12679);
#12678 = CARTESIAN_POINT('',(61.54691161238,-70.33100664929,0.));
#12679 = VECTOR('',#12680,1.);
#12680 = DIRECTION('',(0.,0.,1.));
#12681 = PLANE('',#12682);
#12682 = AXIS2_PLACEMENT_3D('',#12683,#12684,#12685);
#12683 = CARTESIAN_POINT('',(61.54691161238,-70.33100664929,0.));
#12684 = DIRECTION('',(0.,-1.,0.));
#12685 = DIRECTION('',(1.,0.,0.));
#12686 = ADVANCED_FACE('',(#12687),#12712,.T.);
#12687 = FACE_BOUND('',#12688,.T.);
#12688 = EDGE_LOOP('',(#12689,#12697,#12698,#12706));
#12689 = ORIENTED_EDGE('',*,*,#12690,.T.);
#12690 = EDGE_CURVE('',#12691,#12660,#12693,.T.);
#12691 = VERTEX_POINT('',#12692);
#12692 = CARTESIAN_POINT('',(61.54691161238,-70.35561823329,0.));
#12693 = LINE('',#12694,#12695);
#12694 = CARTESIAN_POINT('',(61.54691161238,-70.35561823329,0.));
#12695 = VECTOR('',#12696,1.);
#12696 = DIRECTION('',(0.,1.,0.));
#12697 = ORIENTED_EDGE('',*,*,#12676,.T.);
#12698 = ORIENTED_EDGE('',*,*,#12699,.F.);
#12699 = EDGE_CURVE('',#12700,#12669,#12702,.T.);
#12700 = VERTEX_POINT('',#12701);
#12701 = CARTESIAN_POINT('',(61.54691161238,-70.35561823329,1.E-02));
#12702 = LINE('',#12703,#12704);
#12703 = CARTESIAN_POINT('',(61.54691161238,-70.35561823329,1.E-02));
#12704 = VECTOR('',#12705,1.);
#12705 = DIRECTION('',(0.,1.,0.));
#12706 = ORIENTED_EDGE('',*,*,#12707,.F.);
#12707 = EDGE_CURVE('',#12691,#12700,#12708,.T.);
#12708 = LINE('',#12709,#12710);
#12709 = CARTESIAN_POINT('',(61.54691161238,-70.35561823329,0.));
#12710 = VECTOR('',#12711,1.);
#12711 = DIRECTION('',(0.,0.,1.));
#12712 = PLANE('',#12713);
#12713 = AXIS2_PLACEMENT_3D('',#12714,#12715,#12716);
#12714 = CARTESIAN_POINT('',(61.54691161238,-70.35561823329,0.));
#12715 = DIRECTION('',(1.,0.,0.));
#12716 = DIRECTION('',(-0.,1.,0.));
#12717 = ADVANCED_FACE('',(#12718),#12743,.T.);
#12718 = FACE_BOUND('',#12719,.T.);
#12719 = EDGE_LOOP('',(#12720,#12728,#12729,#12737));
#12720 = ORIENTED_EDGE('',*,*,#12721,.T.);
#12721 = EDGE_CURVE('',#12722,#12691,#12724,.T.);
#12722 = VERTEX_POINT('',#12723);
#12723 = CARTESIAN_POINT('',(61.57236317438,-70.35561823329,0.));
#12724 = LINE('',#12725,#12726);
#12725 = CARTESIAN_POINT('',(61.57236317438,-70.35561823329,0.));
#12726 = VECTOR('',#12727,1.);
#12727 = DIRECTION('',(-1.,0.,0.));
#12728 = ORIENTED_EDGE('',*,*,#12707,.T.);
#12729 = ORIENTED_EDGE('',*,*,#12730,.F.);
#12730 = EDGE_CURVE('',#12731,#12700,#12733,.T.);
#12731 = VERTEX_POINT('',#12732);
#12732 = CARTESIAN_POINT('',(61.57236317438,-70.35561823329,1.E-02));
#12733 = LINE('',#12734,#12735);
#12734 = CARTESIAN_POINT('',(61.57236317438,-70.35561823329,1.E-02));
#12735 = VECTOR('',#12736,1.);
#12736 = DIRECTION('',(-1.,0.,0.));
#12737 = ORIENTED_EDGE('',*,*,#12738,.F.);
#12738 = EDGE_CURVE('',#12722,#12731,#12739,.T.);
#12739 = LINE('',#12740,#12741);
#12740 = CARTESIAN_POINT('',(61.57236317438,-70.35561823329,0.));
#12741 = VECTOR('',#12742,1.);
#12742 = DIRECTION('',(0.,0.,1.));
#12743 = PLANE('',#12744);
#12744 = AXIS2_PLACEMENT_3D('',#12745,#12746,#12747);
#12745 = CARTESIAN_POINT('',(61.57236317438,-70.35561823329,0.));
#12746 = DIRECTION('',(0.,1.,0.));
#12747 = DIRECTION('',(-1.,0.,0.));
#12748 = ADVANCED_FACE('',(#12749),#12774,.T.);
#12749 = FACE_BOUND('',#12750,.T.);
#12750 = EDGE_LOOP('',(#12751,#12759,#12760,#12768));
#12751 = ORIENTED_EDGE('',*,*,#12752,.T.);
#12752 = EDGE_CURVE('',#12753,#12722,#12755,.T.);
#12753 = VERTEX_POINT('',#12754);
#12754 = CARTESIAN_POINT('',(61.57655671438,-70.35618185929,0.));
#12755 = LINE('',#12756,#12757);
#12756 = CARTESIAN_POINT('',(61.57655671438,-70.35618185929,0.));
#12757 = VECTOR('',#12758,1.);
#12758 = DIRECTION('',(-0.991088419901,0.133205645291,0.));
#12759 = ORIENTED_EDGE('',*,*,#12738,.T.);
#12760 = ORIENTED_EDGE('',*,*,#12761,.F.);
#12761 = EDGE_CURVE('',#12762,#12731,#12764,.T.);
#12762 = VERTEX_POINT('',#12763);
#12763 = CARTESIAN_POINT('',(61.57655671438,-70.35618185929,1.E-02));
#12764 = LINE('',#12765,#12766);
#12765 = CARTESIAN_POINT('',(61.57655671438,-70.35618185929,1.E-02));
#12766 = VECTOR('',#12767,1.);
#12767 = DIRECTION('',(-0.991088419901,0.133205645291,0.));
#12768 = ORIENTED_EDGE('',*,*,#12769,.F.);
#12769 = EDGE_CURVE('',#12753,#12762,#12770,.T.);
#12770 = LINE('',#12771,#12772);
#12771 = CARTESIAN_POINT('',(61.57655671438,-70.35618185929,0.));
#12772 = VECTOR('',#12773,1.);
#12773 = DIRECTION('',(0.,0.,1.));
#12774 = PLANE('',#12775);
#12775 = AXIS2_PLACEMENT_3D('',#12776,#12777,#12778);
#12776 = CARTESIAN_POINT('',(61.57655671438,-70.35618185929,0.));
#12777 = DIRECTION('',(0.133205645291,0.991088419901,0.));
#12778 = DIRECTION('',(-0.991088419901,0.133205645291,0.));
#12779 = ADVANCED_FACE('',(#12780),#12805,.T.);
#12780 = FACE_BOUND('',#12781,.T.);
#12781 = EDGE_LOOP('',(#12782,#12790,#12791,#12799));
#12782 = ORIENTED_EDGE('',*,*,#12783,.T.);
#12783 = EDGE_CURVE('',#12784,#12753,#12786,.T.);
#12784 = VERTEX_POINT('',#12785);
#12785 = CARTESIAN_POINT('',(61.58196183438,-70.35781482529,0.));
#12786 = LINE('',#12787,#12788);
#12787 = CARTESIAN_POINT('',(61.58196183438,-70.35781482529,0.));
#12788 = VECTOR('',#12789,1.);
#12789 = DIRECTION('',(-0.957267338945,0.289204498218,0.));
#12790 = ORIENTED_EDGE('',*,*,#12769,.T.);
#12791 = ORIENTED_EDGE('',*,*,#12792,.F.);
#12792 = EDGE_CURVE('',#12793,#12762,#12795,.T.);
#12793 = VERTEX_POINT('',#12794);
#12794 = CARTESIAN_POINT('',(61.58196183438,-70.35781482529,1.E-02));
#12795 = LINE('',#12796,#12797);
#12796 = CARTESIAN_POINT('',(61.58196183438,-70.35781482529,1.E-02));
#12797 = VECTOR('',#12798,1.);
#12798 = DIRECTION('',(-0.957267338945,0.289204498218,0.));
#12799 = ORIENTED_EDGE('',*,*,#12800,.F.);
#12800 = EDGE_CURVE('',#12784,#12793,#12801,.T.);
#12801 = LINE('',#12802,#12803);
#12802 = CARTESIAN_POINT('',(61.58196183438,-70.35781482529,0.));
#12803 = VECTOR('',#12804,1.);
#12804 = DIRECTION('',(0.,0.,1.));
#12805 = PLANE('',#12806);
#12806 = AXIS2_PLACEMENT_3D('',#12807,#12808,#12809);
#12807 = CARTESIAN_POINT('',(61.58196183438,-70.35781482529,0.));
#12808 = DIRECTION('',(0.289204498218,0.957267338945,0.));
#12809 = DIRECTION('',(-0.957267338945,0.289204498218,0.));
#12810 = ADVANCED_FACE('',(#12811),#12836,.T.);
#12811 = FACE_BOUND('',#12812,.T.);
#12812 = EDGE_LOOP('',(#12813,#12821,#12822,#12830));
#12813 = ORIENTED_EDGE('',*,*,#12814,.T.);
#12814 = EDGE_CURVE('',#12815,#12784,#12817,.T.);
#12815 = VERTEX_POINT('',#12816);
#12816 = CARTESIAN_POINT('',(61.58700119438,-70.36042365929,0.));
#12817 = LINE('',#12818,#12819);
#12818 = CARTESIAN_POINT('',(61.58700119438,-70.36042365929,0.));
#12819 = VECTOR('',#12820,1.);
#12820 = DIRECTION('',(-0.888054457948,0.459738273063,0.));
#12821 = ORIENTED_EDGE('',*,*,#12800,.T.);
#12822 = ORIENTED_EDGE('',*,*,#12823,.F.);
#12823 = EDGE_CURVE('',#12824,#12793,#12826,.T.);
#12824 = VERTEX_POINT('',#12825);
#12825 = CARTESIAN_POINT('',(61.58700119438,-70.36042365929,1.E-02));
#12826 = LINE('',#12827,#12828);
#12827 = CARTESIAN_POINT('',(61.58700119438,-70.36042365929,1.E-02));
#12828 = VECTOR('',#12829,1.);
#12829 = DIRECTION('',(-0.888054457948,0.459738273063,0.));
#12830 = ORIENTED_EDGE('',*,*,#12831,.F.);
#12831 = EDGE_CURVE('',#12815,#12824,#12832,.T.);
#12832 = LINE('',#12833,#12834);
#12833 = CARTESIAN_POINT('',(61.58700119438,-70.36042365929,0.));
#12834 = VECTOR('',#12835,1.);
#12835 = DIRECTION('',(0.,0.,1.));
#12836 = PLANE('',#12837);
#12837 = AXIS2_PLACEMENT_3D('',#12838,#12839,#12840);
#12838 = CARTESIAN_POINT('',(61.58700119438,-70.36042365929,0.));
#12839 = DIRECTION('',(0.459738273063,0.888054457948,0.));
#12840 = DIRECTION('',(-0.888054457948,0.459738273063,0.));
#12841 = ADVANCED_FACE('',(#12842),#12867,.T.);
#12842 = FACE_BOUND('',#12843,.T.);
#12843 = EDGE_LOOP('',(#12844,#12852,#12853,#12861));
#12844 = ORIENTED_EDGE('',*,*,#12845,.T.);
#12845 = EDGE_CURVE('',#12846,#12815,#12848,.T.);
#12846 = VERTEX_POINT('',#12847);
#12847 = CARTESIAN_POINT('',(61.59150969438,-70.36391844529,0.));
#12848 = LINE('',#12849,#12850);
#12849 = CARTESIAN_POINT('',(61.59150969438,-70.36391844529,0.));
#12850 = VECTOR('',#12851,1.);
#12851 = DIRECTION('',(-0.790355760164,0.61264816361,0.));
#12852 = ORIENTED_EDGE('',*,*,#12831,.T.);
#12853 = ORIENTED_EDGE('',*,*,#12854,.F.);
#12854 = EDGE_CURVE('',#12855,#12824,#12857,.T.);
#12855 = VERTEX_POINT('',#12856);
#12856 = CARTESIAN_POINT('',(61.59150969438,-70.36391844529,1.E-02));
#12857 = LINE('',#12858,#12859);
#12858 = CARTESIAN_POINT('',(61.59150969438,-70.36391844529,1.E-02));
#12859 = VECTOR('',#12860,1.);
#12860 = DIRECTION('',(-0.790355760164,0.61264816361,0.));
#12861 = ORIENTED_EDGE('',*,*,#12862,.F.);
#12862 = EDGE_CURVE('',#12846,#12855,#12863,.T.);
#12863 = LINE('',#12864,#12865);
#12864 = CARTESIAN_POINT('',(61.59150969438,-70.36391844529,0.));
#12865 = VECTOR('',#12866,1.);
#12866 = DIRECTION('',(0.,0.,1.));
#12867 = PLANE('',#12868);
#12868 = AXIS2_PLACEMENT_3D('',#12869,#12870,#12871);
#12869 = CARTESIAN_POINT('',(61.59150969438,-70.36391844529,0.));
#12870 = DIRECTION('',(0.61264816361,0.790355760164,0.));
#12871 = DIRECTION('',(-0.790355760164,0.61264816361,0.));
#12872 = ADVANCED_FACE('',(#12873),#12898,.T.);
#12873 = FACE_BOUND('',#12874,.T.);
#12874 = EDGE_LOOP('',(#12875,#12883,#12884,#12892));
#12875 = ORIENTED_EDGE('',*,*,#12876,.T.);
#12876 = EDGE_CURVE('',#12877,#12846,#12879,.T.);
#12877 = VERTEX_POINT('',#12878);
#12878 = CARTESIAN_POINT('',(61.59531461438,-70.36820799729,0.));
#12879 = LINE('',#12880,#12881);
#12880 = CARTESIAN_POINT('',(61.59531461438,-70.36820799729,0.));
#12881 = VECTOR('',#12882,1.);
#12882 = DIRECTION('',(-0.663582611109,0.748103013116,0.));
#12883 = ORIENTED_EDGE('',*,*,#12862,.T.);
#12884 = ORIENTED_EDGE('',*,*,#12885,.F.);
#12885 = EDGE_CURVE('',#12886,#12855,#12888,.T.);
#12886 = VERTEX_POINT('',#12887);
#12887 = CARTESIAN_POINT('',(61.59531461438,-70.36820799729,1.E-02));
#12888 = LINE('',#12889,#12890);
#12889 = CARTESIAN_POINT('',(61.59531461438,-70.36820799729,1.E-02));
#12890 = VECTOR('',#12891,1.);
#12891 = DIRECTION('',(-0.663582611109,0.748103013116,0.));
#12892 = ORIENTED_EDGE('',*,*,#12893,.F.);
#12893 = EDGE_CURVE('',#12877,#12886,#12894,.T.);
#12894 = LINE('',#12895,#12896);
#12895 = CARTESIAN_POINT('',(61.59531461438,-70.36820799729,0.));
#12896 = VECTOR('',#12897,1.);
#12897 = DIRECTION('',(0.,0.,1.));
#12898 = PLANE('',#12899);
#12899 = AXIS2_PLACEMENT_3D('',#12900,#12901,#12902);
#12900 = CARTESIAN_POINT('',(61.59531461438,-70.36820799729,0.));
#12901 = DIRECTION('',(0.748103013116,0.663582611109,0.));
#12902 = DIRECTION('',(-0.663582611109,0.748103013116,0.));
#12903 = ADVANCED_FACE('',(#12904),#12929,.T.);
#12904 = FACE_BOUND('',#12905,.T.);
#12905 = EDGE_LOOP('',(#12906,#12914,#12915,#12923));
#12906 = ORIENTED_EDGE('',*,*,#12907,.T.);
#12907 = EDGE_CURVE('',#12908,#12877,#12910,.T.);
#12908 = VERTEX_POINT('',#12909);
#12909 = CARTESIAN_POINT('',(61.59824323438,-70.37320214529,0.));
#12910 = LINE('',#12911,#12912);
#12911 = CARTESIAN_POINT('',(61.59824323438,-70.37320214529,0.));
#12912 = VECTOR('',#12913,1.);
#12913 = DIRECTION('',(-0.505850102009,0.862621396846,0.));
#12914 = ORIENTED_EDGE('',*,*,#12893,.T.);
#12915 = ORIENTED_EDGE('',*,*,#12916,.F.);
#12916 = EDGE_CURVE('',#12917,#12886,#12919,.T.);
#12917 = VERTEX_POINT('',#12918);
#12918 = CARTESIAN_POINT('',(61.59824323438,-70.37320214529,1.E-02));
#12919 = LINE('',#12920,#12921);
#12920 = CARTESIAN_POINT('',(61.59824323438,-70.37320214529,1.E-02));
#12921 = VECTOR('',#12922,1.);
#12922 = DIRECTION('',(-0.505850102009,0.862621396846,0.));
#12923 = ORIENTED_EDGE('',*,*,#12924,.F.);
#12924 = EDGE_CURVE('',#12908,#12917,#12925,.T.);
#12925 = LINE('',#12926,#12927);
#12926 = CARTESIAN_POINT('',(61.59824323438,-70.37320214529,0.));
#12927 = VECTOR('',#12928,1.);
#12928 = DIRECTION('',(0.,0.,1.));
#12929 = PLANE('',#12930);
#12930 = AXIS2_PLACEMENT_3D('',#12931,#12932,#12933);
#12931 = CARTESIAN_POINT('',(61.59824323438,-70.37320214529,0.));
#12932 = DIRECTION('',(0.862621396846,0.505850102009,0.));
#12933 = DIRECTION('',(-0.505850102009,0.862621396846,0.));
#12934 = ADVANCED_FACE('',(#12935),#12960,.T.);
#12935 = FACE_BOUND('',#12936,.T.);
#12936 = EDGE_LOOP('',(#12937,#12945,#12946,#12954));
#12937 = ORIENTED_EDGE('',*,*,#12938,.T.);
#12938 = EDGE_CURVE('',#12939,#12908,#12941,.T.);
#12939 = VERTEX_POINT('',#12940);
#12940 = CARTESIAN_POINT('',(61.60012537438,-70.37880944929,0.));
#12941 = LINE('',#12942,#12943);
#12942 = CARTESIAN_POINT('',(61.60012537438,-70.37880944929,0.));
#12943 = VECTOR('',#12944,1.);
#12944 = DIRECTION('',(-0.318211062498,0.94801989415,0.));
#12945 = ORIENTED_EDGE('',*,*,#12924,.T.);
#12946 = ORIENTED_EDGE('',*,*,#12947,.F.);
#12947 = EDGE_CURVE('',#12948,#12917,#12950,.T.);
#12948 = VERTEX_POINT('',#12949);
#12949 = CARTESIAN_POINT('',(61.60012537438,-70.37880944929,1.E-02));
#12950 = LINE('',#12951,#12952);
#12951 = CARTESIAN_POINT('',(61.60012537438,-70.37880944929,1.E-02));
#12952 = VECTOR('',#12953,1.);
#12953 = DIRECTION('',(-0.318211062498,0.94801989415,0.));
#12954 = ORIENTED_EDGE('',*,*,#12955,.F.);
#12955 = EDGE_CURVE('',#12939,#12948,#12956,.T.);
#12956 = LINE('',#12957,#12958);
#12957 = CARTESIAN_POINT('',(61.60012537438,-70.37880944929,0.));
#12958 = VECTOR('',#12959,1.);
#12959 = DIRECTION('',(0.,0.,1.));
#12960 = PLANE('',#12961);
#12961 = AXIS2_PLACEMENT_3D('',#12962,#12963,#12964);
#12962 = CARTESIAN_POINT('',(61.60012537438,-70.37880944929,0.));
#12963 = DIRECTION('',(0.94801989415,0.318211062498,0.));
#12964 = DIRECTION('',(-0.318211062498,0.94801989415,0.));
#12965 = ADVANCED_FACE('',(#12966),#12991,.T.);
#12966 = FACE_BOUND('',#12967,.T.);
#12967 = EDGE_LOOP('',(#12968,#12976,#12977,#12985));
#12968 = ORIENTED_EDGE('',*,*,#12969,.T.);
#12969 = EDGE_CURVE('',#12970,#12939,#12972,.T.);
#12970 = VERTEX_POINT('',#12971);
#12971 = CARTESIAN_POINT('',(61.60079339438,-70.38340659529,0.));
#12972 = LINE('',#12973,#12974);
#12973 = CARTESIAN_POINT('',(61.60079339438,-70.38340659529,0.));
#12974 = VECTOR('',#12975,1.);
#12975 = DIRECTION('',(-0.14380160196,0.989606537607,0.));
#12976 = ORIENTED_EDGE('',*,*,#12955,.T.);
#12977 = ORIENTED_EDGE('',*,*,#12978,.F.);
#12978 = EDGE_CURVE('',#12979,#12948,#12981,.T.);
#12979 = VERTEX_POINT('',#12980);
#12980 = CARTESIAN_POINT('',(61.60079339438,-70.38340659529,1.E-02));
#12981 = LINE('',#12982,#12983);
#12982 = CARTESIAN_POINT('',(61.60079339438,-70.38340659529,1.E-02));
#12983 = VECTOR('',#12984,1.);
#12984 = DIRECTION('',(-0.14380160196,0.989606537607,0.));
#12985 = ORIENTED_EDGE('',*,*,#12986,.F.);
#12986 = EDGE_CURVE('',#12970,#12979,#12987,.T.);
#12987 = LINE('',#12988,#12989);
#12988 = CARTESIAN_POINT('',(61.60079339438,-70.38340659529,0.));
#12989 = VECTOR('',#12990,1.);
#12990 = DIRECTION('',(0.,0.,1.));
#12991 = PLANE('',#12992);
#12992 = AXIS2_PLACEMENT_3D('',#12993,#12994,#12995);
#12993 = CARTESIAN_POINT('',(61.60079339438,-70.38340659529,0.));
#12994 = DIRECTION('',(0.989606537607,0.14380160196,0.));
#12995 = DIRECTION('',(-0.14380160196,0.989606537607,0.));
#12996 = ADVANCED_FACE('',(#12997),#13022,.T.);
#12997 = FACE_BOUND('',#12998,.T.);
#12998 = EDGE_LOOP('',(#12999,#13007,#13008,#13016));
#12999 = ORIENTED_EDGE('',*,*,#13000,.T.);
#13000 = EDGE_CURVE('',#13001,#12970,#13003,.T.);
#13001 = VERTEX_POINT('',#13002);
#13002 = CARTESIAN_POINT('',(61.60079339438,-70.38493897729,0.));
#13003 = LINE('',#13004,#13005);
#13004 = CARTESIAN_POINT('',(61.60079339438,-70.38493897729,0.));
#13005 = VECTOR('',#13006,1.);
#13006 = DIRECTION('',(0.,1.,0.));
#13007 = ORIENTED_EDGE('',*,*,#12986,.T.);
#13008 = ORIENTED_EDGE('',*,*,#13009,.F.);
#13009 = EDGE_CURVE('',#13010,#12979,#13012,.T.);
#13010 = VERTEX_POINT('',#13011);
#13011 = CARTESIAN_POINT('',(61.60079339438,-70.38493897729,1.E-02));
#13012 = LINE('',#13013,#13014);
#13013 = CARTESIAN_POINT('',(61.60079339438,-70.38493897729,1.E-02));
#13014 = VECTOR('',#13015,1.);
#13015 = DIRECTION('',(0.,1.,0.));
#13016 = ORIENTED_EDGE('',*,*,#13017,.F.);
#13017 = EDGE_CURVE('',#13001,#13010,#13018,.T.);
#13018 = LINE('',#13019,#13020);
#13019 = CARTESIAN_POINT('',(61.60079339438,-70.38493897729,0.));
#13020 = VECTOR('',#13021,1.);
#13021 = DIRECTION('',(0.,0.,1.));
#13022 = PLANE('',#13023);
#13023 = AXIS2_PLACEMENT_3D('',#13024,#13025,#13026);
#13024 = CARTESIAN_POINT('',(61.60079339438,-70.38493897729,0.));
#13025 = DIRECTION('',(1.,0.,0.));
#13026 = DIRECTION('',(-0.,1.,0.));
#13027 = ADVANCED_FACE('',(#13028),#13053,.T.);
#13028 = FACE_BOUND('',#13029,.T.);
#13029 = EDGE_LOOP('',(#13030,#13038,#13039,#13047));
#13030 = ORIENTED_EDGE('',*,*,#13031,.T.);
#13031 = EDGE_CURVE('',#13032,#13001,#13034,.T.);
#13032 = VERTEX_POINT('',#13033);
#13033 = CARTESIAN_POINT('',(61.60089499438,-70.38493897729,0.));
#13034 = LINE('',#13035,#13036);
#13035 = CARTESIAN_POINT('',(61.60089499438,-70.38493897729,0.));
#13036 = VECTOR('',#13037,1.);
#13037 = DIRECTION('',(-1.,0.,0.));
#13038 = ORIENTED_EDGE('',*,*,#13017,.T.);
#13039 = ORIENTED_EDGE('',*,*,#13040,.F.);
#13040 = EDGE_CURVE('',#13041,#13010,#13043,.T.);
#13041 = VERTEX_POINT('',#13042);
#13042 = CARTESIAN_POINT('',(61.60089499438,-70.38493897729,1.E-02));
#13043 = LINE('',#13044,#13045);
#13044 = CARTESIAN_POINT('',(61.60089499438,-70.38493897729,1.E-02));
#13045 = VECTOR('',#13046,1.);
#13046 = DIRECTION('',(-1.,0.,0.));
#13047 = ORIENTED_EDGE('',*,*,#13048,.F.);
#13048 = EDGE_CURVE('',#13032,#13041,#13049,.T.);
#13049 = LINE('',#13050,#13051);
#13050 = CARTESIAN_POINT('',(61.60089499438,-70.38493897729,0.));
#13051 = VECTOR('',#13052,1.);
#13052 = DIRECTION('',(0.,0.,1.));
#13053 = PLANE('',#13054);
#13054 = AXIS2_PLACEMENT_3D('',#13055,#13056,#13057);
#13055 = CARTESIAN_POINT('',(61.60089499438,-70.38493897729,0.));
#13056 = DIRECTION('',(0.,1.,0.));
#13057 = DIRECTION('',(-1.,0.,0.));
#13058 = ADVANCED_FACE('',(#13059),#13084,.T.);
#13059 = FACE_BOUND('',#13060,.T.);
#13060 = EDGE_LOOP('',(#13061,#13069,#13070,#13078));
#13061 = ORIENTED_EDGE('',*,*,#13062,.T.);
#13062 = EDGE_CURVE('',#13063,#13032,#13065,.T.);
#13063 = VERTEX_POINT('',#13064);
#13064 = CARTESIAN_POINT('',(61.60089499438,-70.41862217129,0.));
#13065 = LINE('',#13066,#13067);
#13066 = CARTESIAN_POINT('',(61.60089499438,-70.41862217129,0.));
#13067 = VECTOR('',#13068,1.);
#13068 = DIRECTION('',(0.,1.,0.));
#13069 = ORIENTED_EDGE('',*,*,#13048,.T.);
#13070 = ORIENTED_EDGE('',*,*,#13071,.F.);
#13071 = EDGE_CURVE('',#13072,#13041,#13074,.T.);
#13072 = VERTEX_POINT('',#13073);
#13073 = CARTESIAN_POINT('',(61.60089499438,-70.41862217129,1.E-02));
#13074 = LINE('',#13075,#13076);
#13075 = CARTESIAN_POINT('',(61.60089499438,-70.41862217129,1.E-02));
#13076 = VECTOR('',#13077,1.);
#13077 = DIRECTION('',(0.,1.,0.));
#13078 = ORIENTED_EDGE('',*,*,#13079,.F.);
#13079 = EDGE_CURVE('',#13063,#13072,#13080,.T.);
#13080 = LINE('',#13081,#13082);
#13081 = CARTESIAN_POINT('',(61.60089499438,-70.41862217129,0.));
#13082 = VECTOR('',#13083,1.);
#13083 = DIRECTION('',(0.,0.,1.));
#13084 = PLANE('',#13085);
#13085 = AXIS2_PLACEMENT_3D('',#13086,#13087,#13088);
#13086 = CARTESIAN_POINT('',(61.60089499438,-70.41862217129,0.));
#13087 = DIRECTION('',(1.,0.,0.));
#13088 = DIRECTION('',(-0.,1.,0.));
#13089 = ADVANCED_FACE('',(#13090),#13115,.T.);
#13090 = FACE_BOUND('',#13091,.T.);
#13091 = EDGE_LOOP('',(#13092,#13100,#13101,#13109));
#13092 = ORIENTED_EDGE('',*,*,#13093,.T.);
#13093 = EDGE_CURVE('',#13094,#13063,#13096,.T.);
#13094 = VERTEX_POINT('',#13095);
#13095 = CARTESIAN_POINT('',(61.60084419438,-70.41862217129,0.));
#13096 = LINE('',#13097,#13098);
#13097 = CARTESIAN_POINT('',(61.60084419438,-70.41862217129,0.));
#13098 = VECTOR('',#13099,1.);
#13099 = DIRECTION('',(1.,0.,0.));
#13100 = ORIENTED_EDGE('',*,*,#13079,.T.);
#13101 = ORIENTED_EDGE('',*,*,#13102,.F.);
#13102 = EDGE_CURVE('',#13103,#13072,#13105,.T.);
#13103 = VERTEX_POINT('',#13104);
#13104 = CARTESIAN_POINT('',(61.60084419438,-70.41862217129,1.E-02));
#13105 = LINE('',#13106,#13107);
#13106 = CARTESIAN_POINT('',(61.60084419438,-70.41862217129,1.E-02));
#13107 = VECTOR('',#13108,1.);
#13108 = DIRECTION('',(1.,0.,0.));
#13109 = ORIENTED_EDGE('',*,*,#13110,.F.);
#13110 = EDGE_CURVE('',#13094,#13103,#13111,.T.);
#13111 = LINE('',#13112,#13113);
#13112 = CARTESIAN_POINT('',(61.60084419438,-70.41862217129,0.));
#13113 = VECTOR('',#13114,1.);
#13114 = DIRECTION('',(0.,0.,1.));
#13115 = PLANE('',#13116);
#13116 = AXIS2_PLACEMENT_3D('',#13117,#13118,#13119);
#13117 = CARTESIAN_POINT('',(61.60084419438,-70.41862217129,0.));
#13118 = DIRECTION('',(0.,-1.,0.));
#13119 = DIRECTION('',(1.,0.,0.));
#13120 = ADVANCED_FACE('',(#13121),#13146,.T.);
#13121 = FACE_BOUND('',#13122,.T.);
#13122 = EDGE_LOOP('',(#13123,#13131,#13132,#13140));
#13123 = ORIENTED_EDGE('',*,*,#13124,.T.);
#13124 = EDGE_CURVE('',#13125,#13094,#13127,.T.);
#13125 = VERTEX_POINT('',#13126);
#13126 = CARTESIAN_POINT('',(61.60084419438,-70.42019316129,0.));
#13127 = LINE('',#13128,#13129);
#13128 = CARTESIAN_POINT('',(61.60084419438,-70.42019316129,0.));
#13129 = VECTOR('',#13130,1.);
#13130 = DIRECTION('',(0.,1.,0.));
#13131 = ORIENTED_EDGE('',*,*,#13110,.T.);
#13132 = ORIENTED_EDGE('',*,*,#13133,.F.);
#13133 = EDGE_CURVE('',#13134,#13103,#13136,.T.);
#13134 = VERTEX_POINT('',#13135);
#13135 = CARTESIAN_POINT('',(61.60084419438,-70.42019316129,1.E-02));
#13136 = LINE('',#13137,#13138);
#13137 = CARTESIAN_POINT('',(61.60084419438,-70.42019316129,1.E-02));
#13138 = VECTOR('',#13139,1.);
#13139 = DIRECTION('',(0.,1.,0.));
#13140 = ORIENTED_EDGE('',*,*,#13141,.F.);
#13141 = EDGE_CURVE('',#13125,#13134,#13142,.T.);
#13142 = LINE('',#13143,#13144);
#13143 = CARTESIAN_POINT('',(61.60084419438,-70.42019316129,0.));
#13144 = VECTOR('',#13145,1.);
#13145 = DIRECTION('',(0.,0.,1.));
#13146 = PLANE('',#13147);
#13147 = AXIS2_PLACEMENT_3D('',#13148,#13149,#13150);
#13148 = CARTESIAN_POINT('',(61.60084419438,-70.42019316129,0.));
#13149 = DIRECTION('',(1.,0.,0.));
#13150 = DIRECTION('',(-0.,1.,0.));
#13151 = ADVANCED_FACE('',(#13152),#13177,.T.);
#13152 = FACE_BOUND('',#13153,.T.);
#13153 = EDGE_LOOP('',(#13154,#13162,#13163,#13171));
#13154 = ORIENTED_EDGE('',*,*,#13155,.T.);
#13155 = EDGE_CURVE('',#13156,#13125,#13158,.T.);
#13156 = VERTEX_POINT('',#13157);
#13157 = CARTESIAN_POINT('',(61.60019141438,-70.42491019529,0.));
#13158 = LINE('',#13159,#13160);
#13159 = CARTESIAN_POINT('',(61.60019141438,-70.42491019529,0.));
#13160 = VECTOR('',#13161,1.);
#13161 = DIRECTION('',(0.137081398451,0.990559786282,0.));
#13162 = ORIENTED_EDGE('',*,*,#13141,.T.);
#13163 = ORIENTED_EDGE('',*,*,#13164,.F.);
#13164 = EDGE_CURVE('',#13165,#13134,#13167,.T.);
#13165 = VERTEX_POINT('',#13166);
#13166 = CARTESIAN_POINT('',(61.60019141438,-70.42491019529,1.E-02));
#13167 = LINE('',#13168,#13169);
#13168 = CARTESIAN_POINT('',(61.60019141438,-70.42491019529,1.E-02));
#13169 = VECTOR('',#13170,1.);
#13170 = DIRECTION('',(0.137081398451,0.990559786282,0.));
#13171 = ORIENTED_EDGE('',*,*,#13172,.F.);
#13172 = EDGE_CURVE('',#13156,#13165,#13173,.T.);
#13173 = LINE('',#13174,#13175);
#13174 = CARTESIAN_POINT('',(61.60019141438,-70.42491019529,0.));
#13175 = VECTOR('',#13176,1.);
#13176 = DIRECTION('',(0.,0.,1.));
#13177 = PLANE('',#13178);
#13178 = AXIS2_PLACEMENT_3D('',#13179,#13180,#13181);
#13179 = CARTESIAN_POINT('',(61.60019141438,-70.42491019529,0.));
#13180 = DIRECTION('',(0.990559786282,-0.137081398451,0.));
#13181 = DIRECTION('',(0.137081398451,0.990559786282,0.));
#13182 = ADVANCED_FACE('',(#13183),#13208,.T.);
#13183 = FACE_BOUND('',#13184,.T.);
#13184 = EDGE_LOOP('',(#13185,#13193,#13194,#13202));
#13185 = ORIENTED_EDGE('',*,*,#13186,.T.);
#13186 = EDGE_CURVE('',#13187,#13156,#13189,.T.);
#13187 = VERTEX_POINT('',#13188);
#13188 = CARTESIAN_POINT('',(61.59836261438,-70.43064424529,0.));
#13189 = LINE('',#13190,#13191);
#13190 = CARTESIAN_POINT('',(61.59836261438,-70.43064424529,0.));
#13191 = VECTOR('',#13192,1.);
#13192 = DIRECTION('',(0.303856811675,0.952717711601,0.));
#13193 = ORIENTED_EDGE('',*,*,#13172,.T.);
#13194 = ORIENTED_EDGE('',*,*,#13195,.F.);
#13195 = EDGE_CURVE('',#13196,#13165,#13198,.T.);
#13196 = VERTEX_POINT('',#13197);
#13197 = CARTESIAN_POINT('',(61.59836261438,-70.43064424529,1.E-02));
#13198 = LINE('',#13199,#13200);
#13199 = CARTESIAN_POINT('',(61.59836261438,-70.43064424529,1.E-02));
#13200 = VECTOR('',#13201,1.);
#13201 = DIRECTION('',(0.303856811675,0.952717711601,0.));
#13202 = ORIENTED_EDGE('',*,*,#13203,.F.);
#13203 = EDGE_CURVE('',#13187,#13196,#13204,.T.);
#13204 = LINE('',#13205,#13206);
#13205 = CARTESIAN_POINT('',(61.59836261438,-70.43064424529,0.));
#13206 = VECTOR('',#13207,1.);
#13207 = DIRECTION('',(0.,0.,1.));
#13208 = PLANE('',#13209);
#13209 = AXIS2_PLACEMENT_3D('',#13210,#13211,#13212);
#13210 = CARTESIAN_POINT('',(61.59836261438,-70.43064424529,0.));
#13211 = DIRECTION('',(0.952717711601,-0.303856811675,0.));
#13212 = DIRECTION('',(0.303856811675,0.952717711601,0.));
#13213 = ADVANCED_FACE('',(#13214),#13239,.T.);
#13214 = FACE_BOUND('',#13215,.T.);
#13215 = EDGE_LOOP('',(#13216,#13224,#13225,#13233));
#13216 = ORIENTED_EDGE('',*,*,#13217,.T.);
#13217 = EDGE_CURVE('',#13218,#13187,#13220,.T.);
#13218 = VERTEX_POINT('',#13219);
#13219 = CARTESIAN_POINT('',(61.59553305438,-70.43573471009,0.));
#13220 = LINE('',#13221,#13222);
#13221 = CARTESIAN_POINT('',(61.59553305438,-70.43573471009,0.));
#13222 = VECTOR('',#13223,1.);
#13223 = DIRECTION('',(0.485842877518,0.874046164894,0.));
#13224 = ORIENTED_EDGE('',*,*,#13203,.T.);
#13225 = ORIENTED_EDGE('',*,*,#13226,.F.);
#13226 = EDGE_CURVE('',#13227,#13196,#13229,.T.);
#13227 = VERTEX_POINT('',#13228);
#13228 = CARTESIAN_POINT('',(61.59553305438,-70.43573471009,1.E-02));
#13229 = LINE('',#13230,#13231);
#13230 = CARTESIAN_POINT('',(61.59553305438,-70.43573471009,1.E-02));
#13231 = VECTOR('',#13232,1.);
#13232 = DIRECTION('',(0.485842877518,0.874046164894,0.));
#13233 = ORIENTED_EDGE('',*,*,#13234,.F.);
#13234 = EDGE_CURVE('',#13218,#13227,#13235,.T.);
#13235 = LINE('',#13236,#13237);
#13236 = CARTESIAN_POINT('',(61.59553305438,-70.43573471009,0.));
#13237 = VECTOR('',#13238,1.);
#13238 = DIRECTION('',(0.,0.,1.));
#13239 = PLANE('',#13240);
#13240 = AXIS2_PLACEMENT_3D('',#13241,#13242,#13243);
#13241 = CARTESIAN_POINT('',(61.59553305438,-70.43573471009,0.));
#13242 = DIRECTION('',(0.874046164894,-0.485842877518,0.));
#13243 = DIRECTION('',(0.485842877518,0.874046164894,0.));
#13244 = ADVANCED_FACE('',(#13245),#13270,.T.);
#13245 = FACE_BOUND('',#13246,.T.);
#13246 = EDGE_LOOP('',(#13247,#13255,#13256,#13264));
#13247 = ORIENTED_EDGE('',*,*,#13248,.T.);
#13248 = EDGE_CURVE('',#13249,#13218,#13251,.T.);
#13249 = VERTEX_POINT('',#13250);
#13250 = CARTESIAN_POINT('',(61.59188815438,-70.44009759189,0.));
#13251 = LINE('',#13252,#13253);
#13252 = CARTESIAN_POINT('',(61.59188815438,-70.44009759189,0.));
#13253 = VECTOR('',#13254,1.);
#13254 = DIRECTION('',(0.641135339328,0.767427831568,0.));
#13255 = ORIENTED_EDGE('',*,*,#13234,.T.);
#13256 = ORIENTED_EDGE('',*,*,#13257,.F.);
#13257 = EDGE_CURVE('',#13258,#13227,#13260,.T.);
#13258 = VERTEX_POINT('',#13259);
#13259 = CARTESIAN_POINT('',(61.59188815438,-70.44009759189,1.E-02));
#13260 = LINE('',#13261,#13262);
#13261 = CARTESIAN_POINT('',(61.59188815438,-70.44009759189,1.E-02));
#13262 = VECTOR('',#13263,1.);
#13263 = DIRECTION('',(0.641135339328,0.767427831568,0.));
#13264 = ORIENTED_EDGE('',*,*,#13265,.F.);
#13265 = EDGE_CURVE('',#13249,#13258,#13266,.T.);
#13266 = LINE('',#13267,#13268);
#13267 = CARTESIAN_POINT('',(61.59188815438,-70.44009759189,0.));
#13268 = VECTOR('',#13269,1.);
#13269 = DIRECTION('',(0.,0.,1.));
#13270 = PLANE('',#13271);
#13271 = AXIS2_PLACEMENT_3D('',#13272,#13273,#13274);
#13272 = CARTESIAN_POINT('',(61.59188815438,-70.44009759189,0.));
#13273 = DIRECTION('',(0.767427831568,-0.641135339328,0.));
#13274 = DIRECTION('',(0.641135339328,0.767427831568,0.));
#13275 = ADVANCED_FACE('',(#13276),#13301,.T.);
#13276 = FACE_BOUND('',#13277,.T.);
#13277 = EDGE_LOOP('',(#13278,#13286,#13287,#13295));
#13278 = ORIENTED_EDGE('',*,*,#13279,.T.);
#13279 = EDGE_CURVE('',#13280,#13249,#13282,.T.);
#13280 = VERTEX_POINT('',#13281);
#13281 = CARTESIAN_POINT('',(61.58761079438,-70.44364190789,0.));
#13282 = LINE('',#13283,#13284);
#13283 = CARTESIAN_POINT('',(61.58761079438,-70.44364190789,0.));
#13284 = VECTOR('',#13285,1.);
#13285 = DIRECTION('',(0.77000230576,0.638041103005,0.));
#13286 = ORIENTED_EDGE('',*,*,#13265,.T.);
#13287 = ORIENTED_EDGE('',*,*,#13288,.F.);
#13288 = EDGE_CURVE('',#13289,#13258,#13291,.T.);
#13289 = VERTEX_POINT('',#13290);
#13290 = CARTESIAN_POINT('',(61.58761079438,-70.44364190789,1.E-02));
#13291 = LINE('',#13292,#13293);
#13292 = CARTESIAN_POINT('',(61.58761079438,-70.44364190789,1.E-02));
#13293 = VECTOR('',#13294,1.);
#13294 = DIRECTION('',(0.77000230576,0.638041103005,0.));
#13295 = ORIENTED_EDGE('',*,*,#13296,.F.);
#13296 = EDGE_CURVE('',#13280,#13289,#13297,.T.);
#13297 = LINE('',#13298,#13299);
#13298 = CARTESIAN_POINT('',(61.58761079438,-70.44364190789,0.));
#13299 = VECTOR('',#13300,1.);
#13300 = DIRECTION('',(0.,0.,1.));
#13301 = PLANE('',#13302);
#13302 = AXIS2_PLACEMENT_3D('',#13303,#13304,#13305);
#13303 = CARTESIAN_POINT('',(61.58761079438,-70.44364190789,0.));
#13304 = DIRECTION('',(0.638041103005,-0.77000230576,0.));
#13305 = DIRECTION('',(0.77000230576,0.638041103005,0.));
#13306 = ADVANCED_FACE('',(#13307),#13332,.T.);
#13307 = FACE_BOUND('',#13308,.T.);
#13308 = EDGE_LOOP('',(#13309,#13317,#13318,#13326));
#13309 = ORIENTED_EDGE('',*,*,#13310,.T.);
#13310 = EDGE_CURVE('',#13311,#13280,#13313,.T.);
#13311 = VERTEX_POINT('',#13312);
#13312 = CARTESIAN_POINT('',(61.58287877438,-70.44628221249,0.));
#13313 = LINE('',#13314,#13315);
#13314 = CARTESIAN_POINT('',(61.58287877438,-70.44628221249,0.));
#13315 = VECTOR('',#13316,1.);
#13316 = DIRECTION('',(0.873262316648,0.487250373342,0.));
#13317 = ORIENTED_EDGE('',*,*,#13296,.T.);
#13318 = ORIENTED_EDGE('',*,*,#13319,.F.);
#13319 = EDGE_CURVE('',#13320,#13289,#13322,.T.);
#13320 = VERTEX_POINT('',#13321);
#13321 = CARTESIAN_POINT('',(61.58287877438,-70.44628221249,1.E-02));
#13322 = LINE('',#13323,#13324);
#13323 = CARTESIAN_POINT('',(61.58287877438,-70.44628221249,1.E-02));
#13324 = VECTOR('',#13325,1.);
#13325 = DIRECTION('',(0.873262316648,0.487250373342,0.));
#13326 = ORIENTED_EDGE('',*,*,#13327,.F.);
#13327 = EDGE_CURVE('',#13311,#13320,#13328,.T.);
#13328 = LINE('',#13329,#13330);
#13329 = CARTESIAN_POINT('',(61.58287877438,-70.44628221249,0.));
#13330 = VECTOR('',#13331,1.);
#13331 = DIRECTION('',(0.,0.,1.));
#13332 = PLANE('',#13333);
#13333 = AXIS2_PLACEMENT_3D('',#13334,#13335,#13336);
#13334 = CARTESIAN_POINT('',(61.58287877438,-70.44628221249,0.));
#13335 = DIRECTION('',(0.487250373342,-0.873262316648,0.));
#13336 = DIRECTION('',(0.873262316648,0.487250373342,0.));
#13337 = ADVANCED_FACE('',(#13338),#13363,.T.);
#13338 = FACE_BOUND('',#13339,.T.);
#13339 = EDGE_LOOP('',(#13340,#13348,#13349,#13357));
#13340 = ORIENTED_EDGE('',*,*,#13341,.T.);
#13341 = EDGE_CURVE('',#13342,#13311,#13344,.T.);
#13342 = VERTEX_POINT('',#13343);
#13343 = CARTESIAN_POINT('',(61.57787497438,-70.44793171389,0.));
#13344 = LINE('',#13345,#13346);
#13345 = CARTESIAN_POINT('',(61.57787497438,-70.44793171389,0.));
#13346 = VECTOR('',#13347,1.);
#13347 = DIRECTION('',(0.949727594494,0.313077460473,0.));
#13348 = ORIENTED_EDGE('',*,*,#13327,.T.);
#13349 = ORIENTED_EDGE('',*,*,#13350,.F.);
#13350 = EDGE_CURVE('',#13351,#13320,#13353,.T.);
#13351 = VERTEX_POINT('',#13352);
#13352 = CARTESIAN_POINT('',(61.57787497438,-70.44793171389,1.E-02));
#13353 = LINE('',#13354,#13355);
#13354 = CARTESIAN_POINT('',(61.57787497438,-70.44793171389,1.E-02));
#13355 = VECTOR('',#13356,1.);
#13356 = DIRECTION('',(0.949727594494,0.313077460473,0.));
#13357 = ORIENTED_EDGE('',*,*,#13358,.F.);
#13358 = EDGE_CURVE('',#13342,#13351,#13359,.T.);
#13359 = LINE('',#13360,#13361);
#13360 = CARTESIAN_POINT('',(61.57787497438,-70.44793171389,0.));
#13361 = VECTOR('',#13362,1.);
#13362 = DIRECTION('',(0.,0.,1.));
#13363 = PLANE('',#13364);
#13364 = AXIS2_PLACEMENT_3D('',#13365,#13366,#13367);
#13365 = CARTESIAN_POINT('',(61.57787497438,-70.44793171389,0.));
#13366 = DIRECTION('',(0.313077460473,-0.949727594494,0.));
#13367 = DIRECTION('',(0.949727594494,0.313077460473,0.));
#13368 = ADVANCED_FACE('',(#13369),#13394,.T.);
#13369 = FACE_BOUND('',#13370,.T.);
#13370 = EDGE_LOOP('',(#13371,#13379,#13380,#13388));
#13371 = ORIENTED_EDGE('',*,*,#13372,.T.);
#13372 = EDGE_CURVE('',#13373,#13342,#13375,.T.);
#13373 = VERTEX_POINT('',#13374);
#13374 = CARTESIAN_POINT('',(61.57405989438,-70.44850085169,0.));
#13375 = LINE('',#13376,#13377);
#13376 = CARTESIAN_POINT('',(61.57405989438,-70.44850085169,0.));
#13377 = VECTOR('',#13378,1.);
#13378 = DIRECTION('',(0.989054853975,0.147548283042,0.));
#13379 = ORIENTED_EDGE('',*,*,#13358,.T.);
#13380 = ORIENTED_EDGE('',*,*,#13381,.F.);
#13381 = EDGE_CURVE('',#13382,#13351,#13384,.T.);
#13382 = VERTEX_POINT('',#13383);
#13383 = CARTESIAN_POINT('',(61.57405989438,-70.44850085169,1.E-02));
#13384 = LINE('',#13385,#13386);
#13385 = CARTESIAN_POINT('',(61.57405989438,-70.44850085169,1.E-02));
#13386 = VECTOR('',#13387,1.);
#13387 = DIRECTION('',(0.989054853975,0.147548283042,0.));
#13388 = ORIENTED_EDGE('',*,*,#13389,.F.);
#13389 = EDGE_CURVE('',#13373,#13382,#13390,.T.);
#13390 = LINE('',#13391,#13392);
#13391 = CARTESIAN_POINT('',(61.57405989438,-70.44850085169,0.));
#13392 = VECTOR('',#13393,1.);
#13393 = DIRECTION('',(0.,0.,1.));
#13394 = PLANE('',#13395);
#13395 = AXIS2_PLACEMENT_3D('',#13396,#13397,#13398);
#13396 = CARTESIAN_POINT('',(61.57405989438,-70.44850085169,0.));
#13397 = DIRECTION('',(0.147548283042,-0.989054853975,0.));
#13398 = DIRECTION('',(0.989054853975,0.147548283042,0.));
#13399 = ADVANCED_FACE('',(#13400),#13425,.T.);
#13400 = FACE_BOUND('',#13401,.T.);
#13401 = EDGE_LOOP('',(#13402,#13410,#13411,#13419));
#13402 = ORIENTED_EDGE('',*,*,#13403,.T.);
#13403 = EDGE_CURVE('',#13404,#13373,#13406,.T.);
#13404 = VERTEX_POINT('',#13405);
#13405 = CARTESIAN_POINT('',(61.51208567238,-70.44850085169,0.));
#13406 = LINE('',#13407,#13408);
#13407 = CARTESIAN_POINT('',(61.51208567238,-70.44850085169,0.));
#13408 = VECTOR('',#13409,1.);
#13409 = DIRECTION('',(1.,0.,0.));
#13410 = ORIENTED_EDGE('',*,*,#13389,.T.);
#13411 = ORIENTED_EDGE('',*,*,#13412,.F.);
#13412 = EDGE_CURVE('',#13413,#13382,#13415,.T.);
#13413 = VERTEX_POINT('',#13414);
#13414 = CARTESIAN_POINT('',(61.51208567238,-70.44850085169,1.E-02));
#13415 = LINE('',#13416,#13417);
#13416 = CARTESIAN_POINT('',(61.51208567238,-70.44850085169,1.E-02));
#13417 = VECTOR('',#13418,1.);
#13418 = DIRECTION('',(1.,0.,0.));
#13419 = ORIENTED_EDGE('',*,*,#13420,.F.);
#13420 = EDGE_CURVE('',#13404,#13413,#13421,.T.);
#13421 = LINE('',#13422,#13423);
#13422 = CARTESIAN_POINT('',(61.51208567238,-70.44850085169,0.));
#13423 = VECTOR('',#13424,1.);
#13424 = DIRECTION('',(0.,0.,1.));
#13425 = PLANE('',#13426);
#13426 = AXIS2_PLACEMENT_3D('',#13427,#13428,#13429);
#13427 = CARTESIAN_POINT('',(61.51208567238,-70.44850085169,0.));
#13428 = DIRECTION('',(0.,-1.,0.));
#13429 = DIRECTION('',(1.,0.,0.));
#13430 = ADVANCED_FACE('',(#13431),#13456,.T.);
#13431 = FACE_BOUND('',#13432,.T.);
#13432 = EDGE_LOOP('',(#13433,#13441,#13442,#13450));
#13433 = ORIENTED_EDGE('',*,*,#13434,.T.);
#13434 = EDGE_CURVE('',#13435,#13404,#13437,.T.);
#13435 = VERTEX_POINT('',#13436);
#13436 = CARTESIAN_POINT('',(61.44810205638,-70.38504235529,0.));
#13437 = LINE('',#13438,#13439);
#13438 = CARTESIAN_POINT('',(61.44810205638,-70.38504235529,0.));
#13439 = VECTOR('',#13440,1.);
#13440 = DIRECTION('',(0.710014356131,-0.704187201025,0.));
#13441 = ORIENTED_EDGE('',*,*,#13420,.T.);
#13442 = ORIENTED_EDGE('',*,*,#13443,.F.);
#13443 = EDGE_CURVE('',#13444,#13413,#13446,.T.);
#13444 = VERTEX_POINT('',#13445);
#13445 = CARTESIAN_POINT('',(61.44810205638,-70.38504235529,1.E-02));
#13446 = LINE('',#13447,#13448);
#13447 = CARTESIAN_POINT('',(61.44810205638,-70.38504235529,1.E-02));
#13448 = VECTOR('',#13449,1.);
#13449 = DIRECTION('',(0.710014356131,-0.704187201025,0.));
#13450 = ORIENTED_EDGE('',*,*,#13451,.F.);
#13451 = EDGE_CURVE('',#13435,#13444,#13452,.T.);
#13452 = LINE('',#13453,#13454);
#13453 = CARTESIAN_POINT('',(61.44810205638,-70.38504235529,0.));
#13454 = VECTOR('',#13455,1.);
#13455 = DIRECTION('',(0.,0.,1.));
#13456 = PLANE('',#13457);
#13457 = AXIS2_PLACEMENT_3D('',#13458,#13459,#13460);
#13458 = CARTESIAN_POINT('',(61.44810205638,-70.38504235529,0.));
#13459 = DIRECTION('',(-0.704187201025,-0.710014356131,0.));
#13460 = DIRECTION('',(0.710014356131,-0.704187201025,0.));
#13461 = ADVANCED_FACE('',(#13462),#13487,.T.);
#13462 = FACE_BOUND('',#13463,.T.);
#13463 = EDGE_LOOP('',(#13464,#13472,#13473,#13481));
#13464 = ORIENTED_EDGE('',*,*,#13465,.T.);
#13465 = EDGE_CURVE('',#13466,#13435,#13468,.T.);
#13466 = VERTEX_POINT('',#13467);
#13467 = CARTESIAN_POINT('',(61.44810205638,-70.35577266529,0.));
#13468 = LINE('',#13469,#13470);
#13469 = CARTESIAN_POINT('',(61.44810205638,-70.35577266529,0.));
#13470 = VECTOR('',#13471,1.);
#13471 = DIRECTION('',(0.,-1.,0.));
#13472 = ORIENTED_EDGE('',*,*,#13451,.T.);
#13473 = ORIENTED_EDGE('',*,*,#13474,.F.);
#13474 = EDGE_CURVE('',#13475,#13444,#13477,.T.);
#13475 = VERTEX_POINT('',#13476);
#13476 = CARTESIAN_POINT('',(61.44810205638,-70.35577266529,1.E-02));
#13477 = LINE('',#13478,#13479);
#13478 = CARTESIAN_POINT('',(61.44810205638,-70.35577266529,1.E-02));
#13479 = VECTOR('',#13480,1.);
#13480 = DIRECTION('',(0.,-1.,0.));
#13481 = ORIENTED_EDGE('',*,*,#13482,.F.);
#13482 = EDGE_CURVE('',#13466,#13475,#13483,.T.);
#13483 = LINE('',#13484,#13485);
#13484 = CARTESIAN_POINT('',(61.44810205638,-70.35577266529,0.));
#13485 = VECTOR('',#13486,1.);
#13486 = DIRECTION('',(0.,0.,1.));
#13487 = PLANE('',#13488);
#13488 = AXIS2_PLACEMENT_3D('',#13489,#13490,#13491);
#13489 = CARTESIAN_POINT('',(61.44810205638,-70.35577266529,0.));
#13490 = DIRECTION('',(-1.,0.,0.));
#13491 = DIRECTION('',(0.,-1.,0.));
#13492 = ADVANCED_FACE('',(#13493),#13518,.T.);
#13493 = FACE_BOUND('',#13494,.T.);
#13494 = EDGE_LOOP('',(#13495,#13503,#13504,#13512));
#13495 = ORIENTED_EDGE('',*,*,#13496,.T.);
#13496 = EDGE_CURVE('',#13497,#13466,#13499,.T.);
#13497 = VERTEX_POINT('',#13498);
#13498 = CARTESIAN_POINT('',(61.46767174038,-70.35577266529,0.));
#13499 = LINE('',#13500,#13501);
#13500 = CARTESIAN_POINT('',(61.46767174038,-70.35577266529,0.));
#13501 = VECTOR('',#13502,1.);
#13502 = DIRECTION('',(-1.,0.,0.));
#13503 = ORIENTED_EDGE('',*,*,#13482,.T.);
#13504 = ORIENTED_EDGE('',*,*,#13505,.F.);
#13505 = EDGE_CURVE('',#13506,#13475,#13508,.T.);
#13506 = VERTEX_POINT('',#13507);
#13507 = CARTESIAN_POINT('',(61.46767174038,-70.35577266529,1.E-02));
#13508 = LINE('',#13509,#13510);
#13509 = CARTESIAN_POINT('',(61.46767174038,-70.35577266529,1.E-02));
#13510 = VECTOR('',#13511,1.);
#13511 = DIRECTION('',(-1.,0.,0.));
#13512 = ORIENTED_EDGE('',*,*,#13513,.F.);
#13513 = EDGE_CURVE('',#13497,#13506,#13514,.T.);
#13514 = LINE('',#13515,#13516);
#13515 = CARTESIAN_POINT('',(61.46767174038,-70.35577266529,0.));
#13516 = VECTOR('',#13517,1.);
#13517 = DIRECTION('',(0.,0.,1.));
#13518 = PLANE('',#13519);
#13519 = AXIS2_PLACEMENT_3D('',#13520,#13521,#13522);
#13520 = CARTESIAN_POINT('',(61.46767174038,-70.35577266529,0.));
#13521 = DIRECTION('',(0.,1.,0.));
#13522 = DIRECTION('',(-1.,0.,0.));
#13523 = ADVANCED_FACE('',(#13524),#13549,.T.);
#13524 = FACE_BOUND('',#13525,.T.);
#13525 = EDGE_LOOP('',(#13526,#13534,#13535,#13543));
#13526 = ORIENTED_EDGE('',*,*,#13527,.T.);
#13527 = EDGE_CURVE('',#13528,#13497,#13530,.T.);
#13528 = VERTEX_POINT('',#13529);
#13529 = CARTESIAN_POINT('',(61.46767174038,-70.33089488929,0.));
#13530 = LINE('',#13531,#13532);
#13531 = CARTESIAN_POINT('',(61.46767174038,-70.33089488929,0.));
#13532 = VECTOR('',#13533,1.);
#13533 = DIRECTION('',(0.,-1.,0.));
#13534 = ORIENTED_EDGE('',*,*,#13513,.T.);
#13535 = ORIENTED_EDGE('',*,*,#13536,.F.);
#13536 = EDGE_CURVE('',#13537,#13506,#13539,.T.);
#13537 = VERTEX_POINT('',#13538);
#13538 = CARTESIAN_POINT('',(61.46767174038,-70.33089488929,1.E-02));
#13539 = LINE('',#13540,#13541);
#13540 = CARTESIAN_POINT('',(61.46767174038,-70.33089488929,1.E-02));
#13541 = VECTOR('',#13542,1.);
#13542 = DIRECTION('',(0.,-1.,0.));
#13543 = ORIENTED_EDGE('',*,*,#13544,.F.);
#13544 = EDGE_CURVE('',#13528,#13537,#13545,.T.);
#13545 = LINE('',#13546,#13547);
#13546 = CARTESIAN_POINT('',(61.46767174038,-70.33089488929,0.));
#13547 = VECTOR('',#13548,1.);
#13548 = DIRECTION('',(0.,0.,1.));
#13549 = PLANE('',#13550);
#13550 = AXIS2_PLACEMENT_3D('',#13551,#13552,#13553);
#13551 = CARTESIAN_POINT('',(61.46767174038,-70.33089488929,0.));
#13552 = DIRECTION('',(-1.,0.,0.));
#13553 = DIRECTION('',(0.,-1.,0.));
#13554 = ADVANCED_FACE('',(#13555),#13580,.T.);
#13555 = FACE_BOUND('',#13556,.T.);
#13556 = EDGE_LOOP('',(#13557,#13565,#13566,#13574));
#13557 = ORIENTED_EDGE('',*,*,#13558,.T.);
#13558 = EDGE_CURVE('',#13559,#13528,#13561,.T.);
#13559 = VERTEX_POINT('',#13560);
#13560 = CARTESIAN_POINT('',(61.42787933838,-70.33089488929,0.));
#13561 = LINE('',#13562,#13563);
#13562 = CARTESIAN_POINT('',(61.42787933838,-70.33089488929,0.));
#13563 = VECTOR('',#13564,1.);
#13564 = DIRECTION('',(1.,0.,0.));
#13565 = ORIENTED_EDGE('',*,*,#13544,.T.);
#13566 = ORIENTED_EDGE('',*,*,#13567,.F.);
#13567 = EDGE_CURVE('',#13568,#13537,#13570,.T.);
#13568 = VERTEX_POINT('',#13569);
#13569 = CARTESIAN_POINT('',(61.42787933838,-70.33089488929,1.E-02));
#13570 = LINE('',#13571,#13572);
#13571 = CARTESIAN_POINT('',(61.42787933838,-70.33089488929,1.E-02));
#13572 = VECTOR('',#13573,1.);
#13573 = DIRECTION('',(1.,0.,0.));
#13574 = ORIENTED_EDGE('',*,*,#13575,.F.);
#13575 = EDGE_CURVE('',#13559,#13568,#13576,.T.);
#13576 = LINE('',#13577,#13578);
#13577 = CARTESIAN_POINT('',(61.42787933838,-70.33089488929,0.));
#13578 = VECTOR('',#13579,1.);
#13579 = DIRECTION('',(0.,0.,1.));
#13580 = PLANE('',#13581);
#13581 = AXIS2_PLACEMENT_3D('',#13582,#13583,#13584);
#13582 = CARTESIAN_POINT('',(61.42787933838,-70.33089488929,0.));
#13583 = DIRECTION('',(0.,-1.,0.));
#13584 = DIRECTION('',(1.,0.,0.));
#13585 = ADVANCED_FACE('',(#13586),#13611,.T.);
#13586 = FACE_BOUND('',#13587,.T.);
#13587 = EDGE_LOOP('',(#13588,#13596,#13597,#13605));
#13588 = ORIENTED_EDGE('',*,*,#13589,.T.);
#13589 = EDGE_CURVE('',#13590,#13559,#13592,.T.);
#13590 = VERTEX_POINT('',#13591);
#13591 = CARTESIAN_POINT('',(61.42787933838,-70.41972173729,0.));
#13592 = LINE('',#13593,#13594);
#13593 = CARTESIAN_POINT('',(61.42787933838,-70.41972173729,0.));
#13594 = VECTOR('',#13595,1.);
#13595 = DIRECTION('',(0.,1.,0.));
#13596 = ORIENTED_EDGE('',*,*,#13575,.T.);
#13597 = ORIENTED_EDGE('',*,*,#13598,.F.);
#13598 = EDGE_CURVE('',#13599,#13568,#13601,.T.);
#13599 = VERTEX_POINT('',#13600);
#13600 = CARTESIAN_POINT('',(61.42787933838,-70.41972173729,1.E-02));
#13601 = LINE('',#13602,#13603);
#13602 = CARTESIAN_POINT('',(61.42787933838,-70.41972173729,1.E-02));
#13603 = VECTOR('',#13604,1.);
#13604 = DIRECTION('',(0.,1.,0.));
#13605 = ORIENTED_EDGE('',*,*,#13606,.F.);
#13606 = EDGE_CURVE('',#13590,#13599,#13607,.T.);
#13607 = LINE('',#13608,#13609);
#13608 = CARTESIAN_POINT('',(61.42787933838,-70.41972173729,0.));
#13609 = VECTOR('',#13610,1.);
#13610 = DIRECTION('',(0.,0.,1.));
#13611 = PLANE('',#13612);
#13612 = AXIS2_PLACEMENT_3D('',#13613,#13614,#13615);
#13613 = CARTESIAN_POINT('',(61.42787933838,-70.41972173729,0.));
#13614 = DIRECTION('',(1.,0.,0.));
#13615 = DIRECTION('',(-0.,1.,0.));
#13616 = ADVANCED_FACE('',(#13617),#13642,.T.);
#13617 = FACE_BOUND('',#13618,.T.);
#13618 = EDGE_LOOP('',(#13619,#13627,#13628,#13636));
#13619 = ORIENTED_EDGE('',*,*,#13620,.T.);
#13620 = EDGE_CURVE('',#13621,#13590,#13623,.T.);
#13621 = VERTEX_POINT('',#13622);
#13622 = CARTESIAN_POINT('',(61.44329129638,-70.41972173729,0.));
#13623 = LINE('',#13624,#13625);
#13624 = CARTESIAN_POINT('',(61.44329129638,-70.41972173729,0.));
#13625 = VECTOR('',#13626,1.);
#13626 = DIRECTION('',(-1.,0.,0.));
#13627 = ORIENTED_EDGE('',*,*,#13606,.T.);
#13628 = ORIENTED_EDGE('',*,*,#13629,.F.);
#13629 = EDGE_CURVE('',#13630,#13599,#13632,.T.);
#13630 = VERTEX_POINT('',#13631);
#13631 = CARTESIAN_POINT('',(61.44329129638,-70.41972173729,1.E-02));
#13632 = LINE('',#13633,#13634);
#13633 = CARTESIAN_POINT('',(61.44329129638,-70.41972173729,1.E-02));
#13634 = VECTOR('',#13635,1.);
#13635 = DIRECTION('',(-1.,0.,0.));
#13636 = ORIENTED_EDGE('',*,*,#13637,.F.);
#13637 = EDGE_CURVE('',#13621,#13630,#13638,.T.);
#13638 = LINE('',#13639,#13640);
#13639 = CARTESIAN_POINT('',(61.44329129638,-70.41972173729,0.));
#13640 = VECTOR('',#13641,1.);
#13641 = DIRECTION('',(0.,0.,1.));
#13642 = PLANE('',#13643);
#13643 = AXIS2_PLACEMENT_3D('',#13644,#13645,#13646);
#13644 = CARTESIAN_POINT('',(61.44329129638,-70.41972173729,0.));
#13645 = DIRECTION('',(0.,1.,0.));
#13646 = DIRECTION('',(-1.,0.,0.));
#13647 = ADVANCED_FACE('',(#13648),#13673,.T.);
#13648 = FACE_BOUND('',#13649,.T.);
#13649 = EDGE_LOOP('',(#13650,#13658,#13659,#13667));
#13650 = ORIENTED_EDGE('',*,*,#13651,.T.);
#13651 = EDGE_CURVE('',#13652,#13621,#13654,.T.);
#13652 = VERTEX_POINT('',#13653);
#13653 = CARTESIAN_POINT('',(61.44329129638,-70.44899005569,0.));
#13654 = LINE('',#13655,#13656);
#13655 = CARTESIAN_POINT('',(61.44329129638,-70.44899005569,0.));
#13656 = VECTOR('',#13657,1.);
#13657 = DIRECTION('',(0.,1.,0.));
#13658 = ORIENTED_EDGE('',*,*,#13637,.T.);
#13659 = ORIENTED_EDGE('',*,*,#13660,.F.);
#13660 = EDGE_CURVE('',#13661,#13630,#13663,.T.);
#13661 = VERTEX_POINT('',#13662);
#13662 = CARTESIAN_POINT('',(61.44329129638,-70.44899005569,1.E-02));
#13663 = LINE('',#13664,#13665);
#13664 = CARTESIAN_POINT('',(61.44329129638,-70.44899005569,1.E-02));
#13665 = VECTOR('',#13666,1.);
#13666 = DIRECTION('',(0.,1.,0.));
#13667 = ORIENTED_EDGE('',*,*,#13668,.F.);
#13668 = EDGE_CURVE('',#13652,#13661,#13669,.T.);
#13669 = LINE('',#13670,#13671);
#13670 = CARTESIAN_POINT('',(61.44329129638,-70.44899005569,0.));
#13671 = VECTOR('',#13672,1.);
#13672 = DIRECTION('',(0.,0.,1.));
#13673 = PLANE('',#13674);
#13674 = AXIS2_PLACEMENT_3D('',#13675,#13676,#13677);
#13675 = CARTESIAN_POINT('',(61.44329129638,-70.44899005569,0.));
#13676 = DIRECTION('',(1.,0.,0.));
#13677 = DIRECTION('',(-0.,1.,0.));
#13678 = ADVANCED_FACE('',(#13679),#13704,.T.);
#13679 = FACE_BOUND('',#13680,.T.);
#13680 = EDGE_LOOP('',(#13681,#13689,#13690,#13698));
#13681 = ORIENTED_EDGE('',*,*,#13682,.T.);
#13682 = EDGE_CURVE('',#13683,#13652,#13685,.T.);
#13683 = VERTEX_POINT('',#13684);
#13684 = CARTESIAN_POINT('',(61.39886060038,-70.44899005569,0.));
#13685 = LINE('',#13686,#13687);
#13686 = CARTESIAN_POINT('',(61.39886060038,-70.44899005569,0.));
#13687 = VECTOR('',#13688,1.);
#13688 = DIRECTION('',(1.,0.,0.));
#13689 = ORIENTED_EDGE('',*,*,#13668,.T.);
#13690 = ORIENTED_EDGE('',*,*,#13691,.F.);
#13691 = EDGE_CURVE('',#13692,#13661,#13694,.T.);
#13692 = VERTEX_POINT('',#13693);
#13693 = CARTESIAN_POINT('',(61.39886060038,-70.44899005569,1.E-02));
#13694 = LINE('',#13695,#13696);
#13695 = CARTESIAN_POINT('',(61.39886060038,-70.44899005569,1.E-02));
#13696 = VECTOR('',#13697,1.);
#13697 = DIRECTION('',(1.,0.,0.));
#13698 = ORIENTED_EDGE('',*,*,#13699,.F.);
#13699 = EDGE_CURVE('',#13683,#13692,#13700,.T.);
#13700 = LINE('',#13701,#13702);
#13701 = CARTESIAN_POINT('',(61.39886060038,-70.44899005569,0.));
#13702 = VECTOR('',#13703,1.);
#13703 = DIRECTION('',(0.,0.,1.));
#13704 = PLANE('',#13705);
#13705 = AXIS2_PLACEMENT_3D('',#13706,#13707,#13708);
#13706 = CARTESIAN_POINT('',(61.39886060038,-70.44899005569,0.));
#13707 = DIRECTION('',(0.,-1.,0.));
#13708 = DIRECTION('',(1.,0.,0.));
#13709 = ADVANCED_FACE('',(#13710),#13735,.T.);
#13710 = FACE_BOUND('',#13711,.T.);
#13711 = EDGE_LOOP('',(#13712,#13720,#13721,#13729));
#13712 = ORIENTED_EDGE('',*,*,#13713,.T.);
#13713 = EDGE_CURVE('',#13714,#13683,#13716,.T.);
#13714 = VERTEX_POINT('',#13715);
#13715 = CARTESIAN_POINT('',(61.39886060038,-70.38497326729,0.));
#13716 = LINE('',#13717,#13718);
#13717 = CARTESIAN_POINT('',(61.39886060038,-70.38497326729,0.));
#13718 = VECTOR('',#13719,1.);
#13719 = DIRECTION('',(0.,-1.,0.));
#13720 = ORIENTED_EDGE('',*,*,#13699,.T.);
#13721 = ORIENTED_EDGE('',*,*,#13722,.F.);
#13722 = EDGE_CURVE('',#13723,#13692,#13725,.T.);
#13723 = VERTEX_POINT('',#13724);
#13724 = CARTESIAN_POINT('',(61.39886060038,-70.38497326729,1.E-02));
#13725 = LINE('',#13726,#13727);
#13726 = CARTESIAN_POINT('',(61.39886060038,-70.38497326729,1.E-02));
#13727 = VECTOR('',#13728,1.);
#13728 = DIRECTION('',(0.,-1.,0.));
#13729 = ORIENTED_EDGE('',*,*,#13730,.F.);
#13730 = EDGE_CURVE('',#13714,#13723,#13731,.T.);
#13731 = LINE('',#13732,#13733);
#13732 = CARTESIAN_POINT('',(61.39886060038,-70.38497326729,0.));
#13733 = VECTOR('',#13734,1.);
#13734 = DIRECTION('',(0.,0.,1.));
#13735 = PLANE('',#13736);
#13736 = AXIS2_PLACEMENT_3D('',#13737,#13738,#13739);
#13737 = CARTESIAN_POINT('',(61.39886060038,-70.38497326729,0.));
#13738 = DIRECTION('',(-1.,0.,0.));
#13739 = DIRECTION('',(0.,-1.,0.));
#13740 = ADVANCED_FACE('',(#13741),#13766,.T.);
#13741 = FACE_BOUND('',#13742,.T.);
#13742 = EDGE_LOOP('',(#13743,#13751,#13752,#13760));
#13743 = ORIENTED_EDGE('',*,*,#13744,.T.);
#13744 = EDGE_CURVE('',#13745,#13714,#13747,.T.);
#13745 = VERTEX_POINT('',#13746);
#13746 = CARTESIAN_POINT('',(61.36432574438,-70.38497326729,0.));
#13747 = LINE('',#13748,#13749);
#13748 = CARTESIAN_POINT('',(61.36432574438,-70.38497326729,0.));
#13749 = VECTOR('',#13750,1.);
#13750 = DIRECTION('',(1.,0.,0.));
#13751 = ORIENTED_EDGE('',*,*,#13730,.T.);
#13752 = ORIENTED_EDGE('',*,*,#13753,.F.);
#13753 = EDGE_CURVE('',#13754,#13723,#13756,.T.);
#13754 = VERTEX_POINT('',#13755);
#13755 = CARTESIAN_POINT('',(61.36432574438,-70.38497326729,1.E-02));
#13756 = LINE('',#13757,#13758);
#13757 = CARTESIAN_POINT('',(61.36432574438,-70.38497326729,1.E-02));
#13758 = VECTOR('',#13759,1.);
#13759 = DIRECTION('',(1.,0.,0.));
#13760 = ORIENTED_EDGE('',*,*,#13761,.F.);
#13761 = EDGE_CURVE('',#13745,#13754,#13762,.T.);
#13762 = LINE('',#13763,#13764);
#13763 = CARTESIAN_POINT('',(61.36432574438,-70.38497326729,0.));
#13764 = VECTOR('',#13765,1.);
#13765 = DIRECTION('',(0.,0.,1.));
#13766 = PLANE('',#13767);
#13767 = AXIS2_PLACEMENT_3D('',#13768,#13769,#13770);
#13768 = CARTESIAN_POINT('',(61.36432574438,-70.38497326729,0.));
#13769 = DIRECTION('',(0.,-1.,0.));
#13770 = DIRECTION('',(1.,0.,0.));
#13771 = ADVANCED_FACE('',(#13772),#13797,.T.);
#13772 = FACE_BOUND('',#13773,.T.);
#13773 = EDGE_LOOP('',(#13774,#13782,#13783,#13791));
#13774 = ORIENTED_EDGE('',*,*,#13775,.T.);
#13775 = EDGE_CURVE('',#13776,#13745,#13778,.T.);
#13776 = VERTEX_POINT('',#13777);
#13777 = CARTESIAN_POINT('',(61.36432574438,-70.44899005569,0.));
#13778 = LINE('',#13779,#13780);
#13779 = CARTESIAN_POINT('',(61.36432574438,-70.44899005569,0.));
#13780 = VECTOR('',#13781,1.);
#13781 = DIRECTION('',(0.,1.,0.));
#13782 = ORIENTED_EDGE('',*,*,#13761,.T.);
#13783 = ORIENTED_EDGE('',*,*,#13784,.F.);
#13784 = EDGE_CURVE('',#13785,#13754,#13787,.T.);
#13785 = VERTEX_POINT('',#13786);
#13786 = CARTESIAN_POINT('',(61.36432574438,-70.44899005569,1.E-02));
#13787 = LINE('',#13788,#13789);
#13788 = CARTESIAN_POINT('',(61.36432574438,-70.44899005569,1.E-02));
#13789 = VECTOR('',#13790,1.);
#13790 = DIRECTION('',(0.,1.,0.));
#13791 = ORIENTED_EDGE('',*,*,#13792,.F.);
#13792 = EDGE_CURVE('',#13776,#13785,#13793,.T.);
#13793 = LINE('',#13794,#13795);
#13794 = CARTESIAN_POINT('',(61.36432574438,-70.44899005569,0.));
#13795 = VECTOR('',#13796,1.);
#13796 = DIRECTION('',(0.,0.,1.));
#13797 = PLANE('',#13798);
#13798 = AXIS2_PLACEMENT_3D('',#13799,#13800,#13801);
#13799 = CARTESIAN_POINT('',(61.36432574438,-70.44899005569,0.));
#13800 = DIRECTION('',(1.,0.,0.));
#13801 = DIRECTION('',(-0.,1.,0.));
#13802 = ADVANCED_FACE('',(#13803),#13828,.T.);
#13803 = FACE_BOUND('',#13804,.T.);
#13804 = EDGE_LOOP('',(#13805,#13813,#13814,#13822));
#13805 = ORIENTED_EDGE('',*,*,#13806,.T.);
#13806 = EDGE_CURVE('',#13807,#13776,#13809,.T.);
#13807 = VERTEX_POINT('',#13808);
#13808 = CARTESIAN_POINT('',(61.31964551878,-70.44899005569,0.));
#13809 = LINE('',#13810,#13811);
#13810 = CARTESIAN_POINT('',(61.31964551878,-70.44899005569,0.));
#13811 = VECTOR('',#13812,1.);
#13812 = DIRECTION('',(1.,0.,0.));
#13813 = ORIENTED_EDGE('',*,*,#13792,.T.);
#13814 = ORIENTED_EDGE('',*,*,#13815,.F.);
#13815 = EDGE_CURVE('',#13816,#13785,#13818,.T.);
#13816 = VERTEX_POINT('',#13817);
#13817 = CARTESIAN_POINT('',(61.31964551878,-70.44899005569,1.E-02));
#13818 = LINE('',#13819,#13820);
#13819 = CARTESIAN_POINT('',(61.31964551878,-70.44899005569,1.E-02));
#13820 = VECTOR('',#13821,1.);
#13821 = DIRECTION('',(1.,0.,0.));
#13822 = ORIENTED_EDGE('',*,*,#13823,.F.);
#13823 = EDGE_CURVE('',#13807,#13816,#13824,.T.);
#13824 = LINE('',#13825,#13826);
#13825 = CARTESIAN_POINT('',(61.31964551878,-70.44899005569,0.));
#13826 = VECTOR('',#13827,1.);
#13827 = DIRECTION('',(0.,0.,1.));
#13828 = PLANE('',#13829);
#13829 = AXIS2_PLACEMENT_3D('',#13830,#13831,#13832);
#13830 = CARTESIAN_POINT('',(61.31964551878,-70.44899005569,0.));
#13831 = DIRECTION('',(0.,-1.,0.));
#13832 = DIRECTION('',(1.,0.,0.));
#13833 = ADVANCED_FACE('',(#13834),#13859,.T.);
#13834 = FACE_BOUND('',#13835,.T.);
#13835 = EDGE_LOOP('',(#13836,#13844,#13845,#13853));
#13836 = ORIENTED_EDGE('',*,*,#13837,.T.);
#13837 = EDGE_CURVE('',#13838,#13807,#13840,.T.);
#13838 = VERTEX_POINT('',#13839);
#13839 = CARTESIAN_POINT('',(61.31964551878,-70.41972173729,0.));
#13840 = LINE('',#13841,#13842);
#13841 = CARTESIAN_POINT('',(61.31964551878,-70.41972173729,0.));
#13842 = VECTOR('',#13843,1.);
#13843 = DIRECTION('',(0.,-1.,0.));
#13844 = ORIENTED_EDGE('',*,*,#13823,.T.);
#13845 = ORIENTED_EDGE('',*,*,#13846,.F.);
#13846 = EDGE_CURVE('',#13847,#13816,#13849,.T.);
#13847 = VERTEX_POINT('',#13848);
#13848 = CARTESIAN_POINT('',(61.31964551878,-70.41972173729,1.E-02));
#13849 = LINE('',#13850,#13851);
#13850 = CARTESIAN_POINT('',(61.31964551878,-70.41972173729,1.E-02));
#13851 = VECTOR('',#13852,1.);
#13852 = DIRECTION('',(0.,-1.,0.));
#13853 = ORIENTED_EDGE('',*,*,#13854,.F.);
#13854 = EDGE_CURVE('',#13838,#13847,#13855,.T.);
#13855 = LINE('',#13856,#13857);
#13856 = CARTESIAN_POINT('',(61.31964551878,-70.41972173729,0.));
#13857 = VECTOR('',#13858,1.);
#13858 = DIRECTION('',(0.,0.,1.));
#13859 = PLANE('',#13860);
#13860 = AXIS2_PLACEMENT_3D('',#13861,#13862,#13863);
#13861 = CARTESIAN_POINT('',(61.31964551878,-70.41972173729,0.));
#13862 = DIRECTION('',(-1.,0.,0.));
#13863 = DIRECTION('',(0.,-1.,0.));
#13864 = ADVANCED_FACE('',(#13865),#13890,.T.);
#13865 = FACE_BOUND('',#13866,.T.);
#13866 = EDGE_LOOP('',(#13867,#13875,#13876,#13884));
#13867 = ORIENTED_EDGE('',*,*,#13868,.T.);
#13868 = EDGE_CURVE('',#13869,#13838,#13871,.T.);
#13869 = VERTEX_POINT('',#13870);
#13870 = CARTESIAN_POINT('',(61.33481635458,-70.41972173729,0.));
#13871 = LINE('',#13872,#13873);
#13872 = CARTESIAN_POINT('',(61.33481635458,-70.41972173729,0.));
#13873 = VECTOR('',#13874,1.);
#13874 = DIRECTION('',(-1.,0.,0.));
#13875 = ORIENTED_EDGE('',*,*,#13854,.T.);
#13876 = ORIENTED_EDGE('',*,*,#13877,.F.);
#13877 = EDGE_CURVE('',#13878,#13847,#13880,.T.);
#13878 = VERTEX_POINT('',#13879);
#13879 = CARTESIAN_POINT('',(61.33481635458,-70.41972173729,1.E-02));
#13880 = LINE('',#13881,#13882);
#13881 = CARTESIAN_POINT('',(61.33481635458,-70.41972173729,1.E-02));
#13882 = VECTOR('',#13883,1.);
#13883 = DIRECTION('',(-1.,0.,0.));
#13884 = ORIENTED_EDGE('',*,*,#13885,.F.);
#13885 = EDGE_CURVE('',#13869,#13878,#13886,.T.);
#13886 = LINE('',#13887,#13888);
#13887 = CARTESIAN_POINT('',(61.33481635458,-70.41972173729,0.));
#13888 = VECTOR('',#13889,1.);
#13889 = DIRECTION('',(0.,0.,1.));
#13890 = PLANE('',#13891);
#13891 = AXIS2_PLACEMENT_3D('',#13892,#13893,#13894);
#13892 = CARTESIAN_POINT('',(61.33481635458,-70.41972173729,0.));
#13893 = DIRECTION('',(0.,1.,0.));
#13894 = DIRECTION('',(-1.,0.,0.));
#13895 = ADVANCED_FACE('',(#13896),#13921,.T.);
#13896 = FACE_BOUND('',#13897,.T.);
#13897 = EDGE_LOOP('',(#13898,#13906,#13907,#13915));
#13898 = ORIENTED_EDGE('',*,*,#13899,.T.);
#13899 = EDGE_CURVE('',#13900,#13869,#13902,.T.);
#13900 = VERTEX_POINT('',#13901);
#13901 = CARTESIAN_POINT('',(61.33481635458,-70.33089488929,0.));
#13902 = LINE('',#13903,#13904);
#13903 = CARTESIAN_POINT('',(61.33481635458,-70.33089488929,0.));
#13904 = VECTOR('',#13905,1.);
#13905 = DIRECTION('',(0.,-1.,0.));
#13906 = ORIENTED_EDGE('',*,*,#13885,.T.);
#13907 = ORIENTED_EDGE('',*,*,#13908,.F.);
#13908 = EDGE_CURVE('',#13909,#13878,#13911,.T.);
#13909 = VERTEX_POINT('',#13910);
#13910 = CARTESIAN_POINT('',(61.33481635458,-70.33089488929,1.E-02));
#13911 = LINE('',#13912,#13913);
#13912 = CARTESIAN_POINT('',(61.33481635458,-70.33089488929,1.E-02));
#13913 = VECTOR('',#13914,1.);
#13914 = DIRECTION('',(0.,-1.,0.));
#13915 = ORIENTED_EDGE('',*,*,#13916,.F.);
#13916 = EDGE_CURVE('',#13900,#13909,#13917,.T.);
#13917 = LINE('',#13918,#13919);
#13918 = CARTESIAN_POINT('',(61.33481635458,-70.33089488929,0.));
#13919 = VECTOR('',#13920,1.);
#13920 = DIRECTION('',(0.,0.,1.));
#13921 = PLANE('',#13922);
#13922 = AXIS2_PLACEMENT_3D('',#13923,#13924,#13925);
#13923 = CARTESIAN_POINT('',(61.33481635458,-70.33089488929,0.));
#13924 = DIRECTION('',(-1.,0.,0.));
#13925 = DIRECTION('',(0.,-1.,0.));
#13926 = ADVANCED_FACE('',(#13927),#13952,.T.);
#13927 = FACE_BOUND('',#13928,.T.);
#13928 = EDGE_LOOP('',(#13929,#13937,#13938,#13946));
#13929 = ORIENTED_EDGE('',*,*,#13930,.T.);
#13930 = EDGE_CURVE('',#13931,#13900,#13933,.T.);
#13931 = VERTEX_POINT('',#13932);
#13932 = CARTESIAN_POINT('',(61.31964551878,-70.33089488929,0.));
#13933 = LINE('',#13934,#13935);
#13934 = CARTESIAN_POINT('',(61.31964551878,-70.33089488929,0.));
#13935 = VECTOR('',#13936,1.);
#13936 = DIRECTION('',(1.,0.,0.));
#13937 = ORIENTED_EDGE('',*,*,#13916,.T.);
#13938 = ORIENTED_EDGE('',*,*,#13939,.F.);
#13939 = EDGE_CURVE('',#13940,#13909,#13942,.T.);
#13940 = VERTEX_POINT('',#13941);
#13941 = CARTESIAN_POINT('',(61.31964551878,-70.33089488929,1.E-02));
#13942 = LINE('',#13943,#13944);
#13943 = CARTESIAN_POINT('',(61.31964551878,-70.33089488929,1.E-02));
#13944 = VECTOR('',#13945,1.);
#13945 = DIRECTION('',(1.,0.,0.));
#13946 = ORIENTED_EDGE('',*,*,#13947,.F.);
#13947 = EDGE_CURVE('',#13931,#13940,#13948,.T.);
#13948 = LINE('',#13949,#13950);
#13949 = CARTESIAN_POINT('',(61.31964551878,-70.33089488929,0.));
#13950 = VECTOR('',#13951,1.);
#13951 = DIRECTION('',(0.,0.,1.));
#13952 = PLANE('',#13953);
#13953 = AXIS2_PLACEMENT_3D('',#13954,#13955,#13956);
#13954 = CARTESIAN_POINT('',(61.31964551878,-70.33089488929,0.));
#13955 = DIRECTION('',(0.,-1.,0.));
#13956 = DIRECTION('',(1.,0.,0.));
#13957 = ADVANCED_FACE('',(#13958),#13983,.T.);
#13958 = FACE_BOUND('',#13959,.T.);
#13959 = EDGE_LOOP('',(#13960,#13968,#13969,#13977));
#13960 = ORIENTED_EDGE('',*,*,#13961,.T.);
#13961 = EDGE_CURVE('',#13962,#13931,#13964,.T.);
#13962 = VERTEX_POINT('',#13963);
#13963 = CARTESIAN_POINT('',(61.31964551878,-70.30186649929,0.));
#13964 = LINE('',#13965,#13966);
#13965 = CARTESIAN_POINT('',(61.31964551878,-70.30186649929,0.));
#13966 = VECTOR('',#13967,1.);
#13967 = DIRECTION('',(0.,-1.,0.));
#13968 = ORIENTED_EDGE('',*,*,#13947,.T.);
#13969 = ORIENTED_EDGE('',*,*,#13970,.F.);
#13970 = EDGE_CURVE('',#13971,#13940,#13973,.T.);
#13971 = VERTEX_POINT('',#13972);
#13972 = CARTESIAN_POINT('',(61.31964551878,-70.30186649929,1.E-02));
#13973 = LINE('',#13974,#13975);
#13974 = CARTESIAN_POINT('',(61.31964551878,-70.30186649929,1.E-02));
#13975 = VECTOR('',#13976,1.);
#13976 = DIRECTION('',(0.,-1.,0.));
#13977 = ORIENTED_EDGE('',*,*,#13978,.F.);
#13978 = EDGE_CURVE('',#13962,#13971,#13979,.T.);
#13979 = LINE('',#13980,#13981);
#13980 = CARTESIAN_POINT('',(61.31964551878,-70.30186649929,0.));
#13981 = VECTOR('',#13982,1.);
#13982 = DIRECTION('',(0.,0.,1.));
#13983 = PLANE('',#13984);
#13984 = AXIS2_PLACEMENT_3D('',#13985,#13986,#13987);
#13985 = CARTESIAN_POINT('',(61.31964551878,-70.30186649929,0.));
#13986 = DIRECTION('',(-1.,0.,0.));
#13987 = DIRECTION('',(0.,-1.,0.));
#13988 = ADVANCED_FACE('',(#13989),#14014,.T.);
#13989 = FACE_BOUND('',#13990,.T.);
#13990 = EDGE_LOOP('',(#13991,#13999,#14000,#14008));
#13991 = ORIENTED_EDGE('',*,*,#13992,.T.);
#13992 = EDGE_CURVE('',#13993,#13962,#13995,.T.);
#13993 = VERTEX_POINT('',#13994);
#13994 = CARTESIAN_POINT('',(61.36432574438,-70.30186649929,0.));
#13995 = LINE('',#13996,#13997);
#13996 = CARTESIAN_POINT('',(61.36432574438,-70.30186649929,0.));
#13997 = VECTOR('',#13998,1.);
#13998 = DIRECTION('',(-1.,0.,0.));
#13999 = ORIENTED_EDGE('',*,*,#13978,.T.);
#14000 = ORIENTED_EDGE('',*,*,#14001,.F.);
#14001 = EDGE_CURVE('',#14002,#13971,#14004,.T.);
#14002 = VERTEX_POINT('',#14003);
#14003 = CARTESIAN_POINT('',(61.36432574438,-70.30186649929,1.E-02));
#14004 = LINE('',#14005,#14006);
#14005 = CARTESIAN_POINT('',(61.36432574438,-70.30186649929,1.E-02));
#14006 = VECTOR('',#14007,1.);
#14007 = DIRECTION('',(-1.,0.,0.));
#14008 = ORIENTED_EDGE('',*,*,#14009,.F.);
#14009 = EDGE_CURVE('',#13993,#14002,#14010,.T.);
#14010 = LINE('',#14011,#14012);
#14011 = CARTESIAN_POINT('',(61.36432574438,-70.30186649929,0.));
#14012 = VECTOR('',#14013,1.);
#14013 = DIRECTION('',(0.,0.,1.));
#14014 = PLANE('',#14015);
#14015 = AXIS2_PLACEMENT_3D('',#14016,#14017,#14018);
#14016 = CARTESIAN_POINT('',(61.36432574438,-70.30186649929,0.));
#14017 = DIRECTION('',(0.,1.,0.));
#14018 = DIRECTION('',(-1.,0.,0.));
#14019 = ADVANCED_FACE('',(#14020),#14045,.T.);
#14020 = FACE_BOUND('',#14021,.T.);
#14021 = EDGE_LOOP('',(#14022,#14030,#14031,#14039));
#14022 = ORIENTED_EDGE('',*,*,#14023,.T.);
#14023 = EDGE_CURVE('',#14024,#13993,#14026,.T.);
#14024 = VERTEX_POINT('',#14025);
#14025 = CARTESIAN_POINT('',(61.36432574438,-70.35594487729,0.));
#14026 = LINE('',#14027,#14028);
#14027 = CARTESIAN_POINT('',(61.36432574438,-70.35594487729,0.));
#14028 = VECTOR('',#14029,1.);
#14029 = DIRECTION('',(0.,1.,0.));
#14030 = ORIENTED_EDGE('',*,*,#14009,.T.);
#14031 = ORIENTED_EDGE('',*,*,#14032,.F.);
#14032 = EDGE_CURVE('',#14033,#14002,#14035,.T.);
#14033 = VERTEX_POINT('',#14034);
#14034 = CARTESIAN_POINT('',(61.36432574438,-70.35594487729,1.E-02));
#14035 = LINE('',#14036,#14037);
#14036 = CARTESIAN_POINT('',(61.36432574438,-70.35594487729,1.E-02));
#14037 = VECTOR('',#14038,1.);
#14038 = DIRECTION('',(0.,1.,0.));
#14039 = ORIENTED_EDGE('',*,*,#14040,.F.);
#14040 = EDGE_CURVE('',#14024,#14033,#14041,.T.);
#14041 = LINE('',#14042,#14043);
#14042 = CARTESIAN_POINT('',(61.36432574438,-70.35594487729,0.));
#14043 = VECTOR('',#14044,1.);
#14044 = DIRECTION('',(0.,0.,1.));
#14045 = PLANE('',#14046);
#14046 = AXIS2_PLACEMENT_3D('',#14047,#14048,#14049);
#14047 = CARTESIAN_POINT('',(61.36432574438,-70.35594487729,0.));
#14048 = DIRECTION('',(1.,0.,0.));
#14049 = DIRECTION('',(-0.,1.,0.));
#14050 = ADVANCED_FACE('',(#14051),#14076,.T.);
#14051 = FACE_BOUND('',#14052,.T.);
#14052 = EDGE_LOOP('',(#14053,#14061,#14062,#14070));
#14053 = ORIENTED_EDGE('',*,*,#14054,.T.);
#14054 = EDGE_CURVE('',#14055,#14024,#14057,.T.);
#14055 = VERTEX_POINT('',#14056);
#14056 = CARTESIAN_POINT('',(61.39886060038,-70.35594487729,0.));
#14057 = LINE('',#14058,#14059);
#14058 = CARTESIAN_POINT('',(61.39886060038,-70.35594487729,0.));
#14059 = VECTOR('',#14060,1.);
#14060 = DIRECTION('',(-1.,0.,0.));
#14061 = ORIENTED_EDGE('',*,*,#14040,.T.);
#14062 = ORIENTED_EDGE('',*,*,#14063,.F.);
#14063 = EDGE_CURVE('',#14064,#14033,#14066,.T.);
#14064 = VERTEX_POINT('',#14065);
#14065 = CARTESIAN_POINT('',(61.39886060038,-70.35594487729,1.E-02));
#14066 = LINE('',#14067,#14068);
#14067 = CARTESIAN_POINT('',(61.39886060038,-70.35594487729,1.E-02));
#14068 = VECTOR('',#14069,1.);
#14069 = DIRECTION('',(-1.,0.,0.));
#14070 = ORIENTED_EDGE('',*,*,#14071,.F.);
#14071 = EDGE_CURVE('',#14055,#14064,#14072,.T.);
#14072 = LINE('',#14073,#14074);
#14073 = CARTESIAN_POINT('',(61.39886060038,-70.35594487729,0.));
#14074 = VECTOR('',#14075,1.);
#14075 = DIRECTION('',(0.,0.,1.));
#14076 = PLANE('',#14077);
#14077 = AXIS2_PLACEMENT_3D('',#14078,#14079,#14080);
#14078 = CARTESIAN_POINT('',(61.39886060038,-70.35594487729,0.));
#14079 = DIRECTION('',(0.,1.,0.));
#14080 = DIRECTION('',(-1.,0.,0.));
#14081 = ADVANCED_FACE('',(#14082),#14107,.T.);
#14082 = FACE_BOUND('',#14083,.T.);
#14083 = EDGE_LOOP('',(#14084,#14092,#14093,#14101));
#14084 = ORIENTED_EDGE('',*,*,#14085,.T.);
#14085 = EDGE_CURVE('',#14086,#14055,#14088,.T.);
#14086 = VERTEX_POINT('',#14087);
#14087 = CARTESIAN_POINT('',(61.39886060038,-70.30186649929,0.));
#14088 = LINE('',#14089,#14090);
#14089 = CARTESIAN_POINT('',(61.39886060038,-70.30186649929,0.));
#14090 = VECTOR('',#14091,1.);
#14091 = DIRECTION('',(0.,-1.,0.));
#14092 = ORIENTED_EDGE('',*,*,#14071,.T.);
#14093 = ORIENTED_EDGE('',*,*,#14094,.F.);
#14094 = EDGE_CURVE('',#14095,#14064,#14097,.T.);
#14095 = VERTEX_POINT('',#14096);
#14096 = CARTESIAN_POINT('',(61.39886060038,-70.30186649929,1.E-02));
#14097 = LINE('',#14098,#14099);
#14098 = CARTESIAN_POINT('',(61.39886060038,-70.30186649929,1.E-02));
#14099 = VECTOR('',#14100,1.);
#14100 = DIRECTION('',(0.,-1.,0.));
#14101 = ORIENTED_EDGE('',*,*,#14102,.F.);
#14102 = EDGE_CURVE('',#14086,#14095,#14103,.T.);
#14103 = LINE('',#14104,#14105);
#14104 = CARTESIAN_POINT('',(61.39886060038,-70.30186649929,0.));
#14105 = VECTOR('',#14106,1.);
#14106 = DIRECTION('',(0.,0.,1.));
#14107 = PLANE('',#14108);
#14108 = AXIS2_PLACEMENT_3D('',#14109,#14110,#14111);
#14109 = CARTESIAN_POINT('',(61.39886060038,-70.30186649929,0.));
#14110 = DIRECTION('',(-1.,0.,0.));
#14111 = DIRECTION('',(0.,-1.,0.));
#14112 = ADVANCED_FACE('',(#14113),#14138,.T.);
#14113 = FACE_BOUND('',#14114,.T.);
#14114 = EDGE_LOOP('',(#14115,#14123,#14124,#14132));
#14115 = ORIENTED_EDGE('',*,*,#14116,.T.);
#14116 = EDGE_CURVE('',#14117,#14086,#14119,.T.);
#14117 = VERTEX_POINT('',#14118);
#14118 = CARTESIAN_POINT('',(61.46858410838,-70.30186649929,0.));
#14119 = LINE('',#14120,#14121);
#14120 = CARTESIAN_POINT('',(61.46858410838,-70.30186649929,0.));
#14121 = VECTOR('',#14122,1.);
#14122 = DIRECTION('',(-1.,0.,0.));
#14123 = ORIENTED_EDGE('',*,*,#14102,.T.);
#14124 = ORIENTED_EDGE('',*,*,#14125,.F.);
#14125 = EDGE_CURVE('',#14126,#14095,#14128,.T.);
#14126 = VERTEX_POINT('',#14127);
#14127 = CARTESIAN_POINT('',(61.46858410838,-70.30186649929,1.E-02));
#14128 = LINE('',#14129,#14130);
#14129 = CARTESIAN_POINT('',(61.46858410838,-70.30186649929,1.E-02));
#14130 = VECTOR('',#14131,1.);
#14131 = DIRECTION('',(-1.,0.,0.));
#14132 = ORIENTED_EDGE('',*,*,#14133,.F.);
#14133 = EDGE_CURVE('',#14117,#14126,#14134,.T.);
#14134 = LINE('',#14135,#14136);
#14135 = CARTESIAN_POINT('',(61.46858410838,-70.30186649929,0.));
#14136 = VECTOR('',#14137,1.);
#14137 = DIRECTION('',(0.,0.,1.));
#14138 = PLANE('',#14139);
#14139 = AXIS2_PLACEMENT_3D('',#14140,#14141,#14142);
#14140 = CARTESIAN_POINT('',(61.46858410838,-70.30186649929,0.));
#14141 = DIRECTION('',(0.,1.,0.));
#14142 = DIRECTION('',(-1.,0.,0.));
#14143 = ADVANCED_FACE('',(#14144),#14169,.T.);
#14144 = FACE_BOUND('',#14145,.T.);
#14145 = EDGE_LOOP('',(#14146,#14154,#14155,#14163));
#14146 = ORIENTED_EDGE('',*,*,#14147,.T.);
#14147 = EDGE_CURVE('',#14148,#14117,#14150,.T.);
#14148 = VERTEX_POINT('',#14149);
#14149 = CARTESIAN_POINT('',(61.46988077838,-70.30194650929,0.));
#14150 = LINE('',#14151,#14152);
#14151 = CARTESIAN_POINT('',(61.46988077838,-70.30194650929,0.));
#14152 = VECTOR('',#14153,1.);
#14153 = DIRECTION('',(-0.998101714085,6.158707932385E-02,0.));
#14154 = ORIENTED_EDGE('',*,*,#14133,.T.);
#14155 = ORIENTED_EDGE('',*,*,#14156,.F.);
#14156 = EDGE_CURVE('',#14157,#14126,#14159,.T.);
#14157 = VERTEX_POINT('',#14158);
#14158 = CARTESIAN_POINT('',(61.46988077838,-70.30194650929,1.E-02));
#14159 = LINE('',#14160,#14161);
#14160 = CARTESIAN_POINT('',(61.46988077838,-70.30194650929,1.E-02));
#14161 = VECTOR('',#14162,1.);
#14162 = DIRECTION('',(-0.998101714085,6.158707932385E-02,0.));
#14163 = ORIENTED_EDGE('',*,*,#14164,.F.);
#14164 = EDGE_CURVE('',#14148,#14157,#14165,.T.);
#14165 = LINE('',#14166,#14167);
#14166 = CARTESIAN_POINT('',(61.46988077838,-70.30194650929,0.));
#14167 = VECTOR('',#14168,1.);
#14168 = DIRECTION('',(0.,0.,1.));
#14169 = PLANE('',#14170);
#14170 = AXIS2_PLACEMENT_3D('',#14171,#14172,#14173);
#14171 = CARTESIAN_POINT('',(61.46988077838,-70.30194650929,0.));
#14172 = DIRECTION('',(6.158707932385E-02,0.998101714085,0.));
#14173 = DIRECTION('',(-0.998101714085,6.158707932385E-02,0.));
#14174 = ADVANCED_FACE('',(#14175),#14200,.T.);
#14175 = FACE_BOUND('',#14176,.T.);
#14176 = EDGE_LOOP('',(#14177,#14185,#14186,#14194));
#14177 = ORIENTED_EDGE('',*,*,#14178,.T.);
#14178 = EDGE_CURVE('',#14179,#14148,#14181,.T.);
#14179 = VERTEX_POINT('',#14180);
#14180 = CARTESIAN_POINT('',(61.47183734038,-70.30219746129,0.));
#14181 = LINE('',#14182,#14183);
#14182 = CARTESIAN_POINT('',(61.47183734038,-70.30219746129,0.));
#14183 = VECTOR('',#14184,1.);
#14184 = DIRECTION('',(-0.991874583588,0.12721953636,0.));
#14185 = ORIENTED_EDGE('',*,*,#14164,.T.);
#14186 = ORIENTED_EDGE('',*,*,#14187,.F.);
#14187 = EDGE_CURVE('',#14188,#14157,#14190,.T.);
#14188 = VERTEX_POINT('',#14189);
#14189 = CARTESIAN_POINT('',(61.47183734038,-70.30219746129,1.E-02));
#14190 = LINE('',#14191,#14192);
#14191 = CARTESIAN_POINT('',(61.47183734038,-70.30219746129,1.E-02));
#14192 = VECTOR('',#14193,1.);
#14193 = DIRECTION('',(-0.991874583588,0.12721953636,0.));
#14194 = ORIENTED_EDGE('',*,*,#14195,.F.);
#14195 = EDGE_CURVE('',#14179,#14188,#14196,.T.);
#14196 = LINE('',#14197,#14198);
#14197 = CARTESIAN_POINT('',(61.47183734038,-70.30219746129,0.));
#14198 = VECTOR('',#14199,1.);
#14199 = DIRECTION('',(0.,0.,1.));
#14200 = PLANE('',#14201);
#14201 = AXIS2_PLACEMENT_3D('',#14202,#14203,#14204);
#14202 = CARTESIAN_POINT('',(61.47183734038,-70.30219746129,0.));
#14203 = DIRECTION('',(0.12721953636,0.991874583588,0.));
#14204 = DIRECTION('',(-0.991874583588,0.12721953636,0.));
#14205 = ADVANCED_FACE('',(#14206),#14231,.T.);
#14206 = FACE_BOUND('',#14207,.T.);
#14207 = EDGE_LOOP('',(#14208,#14216,#14217,#14225));
#14208 = ORIENTED_EDGE('',*,*,#14209,.T.);
#14209 = EDGE_CURVE('',#14210,#14179,#14212,.T.);
#14210 = VERTEX_POINT('',#14211);
#14211 = CARTESIAN_POINT('',(61.47397627438,-70.30263129329,0.));
#14212 = LINE('',#14213,#14214);
#14213 = CARTESIAN_POINT('',(61.47397627438,-70.30263129329,0.));
#14214 = VECTOR('',#14215,1.);
#14215 = DIRECTION('',(-0.980044391892,0.198778746151,0.));
#14216 = ORIENTED_EDGE('',*,*,#14195,.T.);
#14217 = ORIENTED_EDGE('',*,*,#14218,.F.);
#14218 = EDGE_CURVE('',#14219,#14188,#14221,.T.);
#14219 = VERTEX_POINT('',#14220);
#14220 = CARTESIAN_POINT('',(61.47397627438,-70.30263129329,1.E-02));
#14221 = LINE('',#14222,#14223);
#14222 = CARTESIAN_POINT('',(61.47397627438,-70.30263129329,1.E-02));
#14223 = VECTOR('',#14224,1.);
#14224 = DIRECTION('',(-0.980044391892,0.198778746151,0.));
#14225 = ORIENTED_EDGE('',*,*,#14226,.F.);
#14226 = EDGE_CURVE('',#14210,#14219,#14227,.T.);
#14227 = LINE('',#14228,#14229);
#14228 = CARTESIAN_POINT('',(61.47397627438,-70.30263129329,0.));
#14229 = VECTOR('',#14230,1.);
#14230 = DIRECTION('',(0.,0.,1.));
#14231 = PLANE('',#14232);
#14232 = AXIS2_PLACEMENT_3D('',#14233,#14234,#14235);
#14233 = CARTESIAN_POINT('',(61.47397627438,-70.30263129329,0.));
#14234 = DIRECTION('',(0.198778746151,0.980044391892,0.));
#14235 = DIRECTION('',(-0.980044391892,0.198778746151,0.));
#14236 = ADVANCED_FACE('',(#14237),#14262,.T.);
#14237 = FACE_BOUND('',#14238,.T.);
#14238 = EDGE_LOOP('',(#14239,#14247,#14248,#14256));
#14239 = ORIENTED_EDGE('',*,*,#14240,.T.);
#14240 = EDGE_CURVE('',#14241,#14210,#14243,.T.);
#14241 = VERTEX_POINT('',#14242);
#14242 = CARTESIAN_POINT('',(61.47624855838,-70.30326095929,0.));
#14243 = LINE('',#14244,#14245);
#14244 = CARTESIAN_POINT('',(61.47624855838,-70.30326095929,0.));
#14245 = VECTOR('',#14246,1.);
#14246 = DIRECTION('',(-0.963684399252,0.267043776634,0.));
#14247 = ORIENTED_EDGE('',*,*,#14226,.T.);
#14248 = ORIENTED_EDGE('',*,*,#14249,.F.);
#14249 = EDGE_CURVE('',#14250,#14219,#14252,.T.);
#14250 = VERTEX_POINT('',#14251);
#14251 = CARTESIAN_POINT('',(61.47624855838,-70.30326095929,1.E-02));
#14252 = LINE('',#14253,#14254);
#14253 = CARTESIAN_POINT('',(61.47624855838,-70.30326095929,1.E-02));
#14254 = VECTOR('',#14255,1.);
#14255 = DIRECTION('',(-0.963684399252,0.267043776634,0.));
#14256 = ORIENTED_EDGE('',*,*,#14257,.F.);
#14257 = EDGE_CURVE('',#14241,#14250,#14258,.T.);
#14258 = LINE('',#14259,#14260);
#14259 = CARTESIAN_POINT('',(61.47624855838,-70.30326095929,0.));
#14260 = VECTOR('',#14261,1.);
#14261 = DIRECTION('',(0.,0.,1.));
#14262 = PLANE('',#14263);
#14263 = AXIS2_PLACEMENT_3D('',#14264,#14265,#14266);
#14264 = CARTESIAN_POINT('',(61.47624855838,-70.30326095929,0.));
#14265 = DIRECTION('',(0.267043776634,0.963684399252,0.));
#14266 = DIRECTION('',(-0.963684399252,0.267043776634,0.));
#14267 = ADVANCED_FACE('',(#14268),#14293,.T.);
#14268 = FACE_BOUND('',#14269,.T.);
#14269 = EDGE_LOOP('',(#14270,#14278,#14279,#14287));
#14270 = ORIENTED_EDGE('',*,*,#14271,.T.);
#14271 = EDGE_CURVE('',#14272,#14241,#14274,.T.);
#14272 = VERTEX_POINT('',#14273);
#14273 = CARTESIAN_POINT('',(61.47860771038,-70.30410017529,0.));
#14274 = LINE('',#14275,#14276);
#14275 = CARTESIAN_POINT('',(61.47860771038,-70.30410017529,0.));
#14276 = VECTOR('',#14277,1.);
#14277 = DIRECTION('',(-0.94216344845,0.335153750396,0.));
#14278 = ORIENTED_EDGE('',*,*,#14257,.T.);
#14279 = ORIENTED_EDGE('',*,*,#14280,.F.);
#14280 = EDGE_CURVE('',#14281,#14250,#14283,.T.);
#14281 = VERTEX_POINT('',#14282);
#14282 = CARTESIAN_POINT('',(61.47860771038,-70.30410017529,1.E-02));
#14283 = LINE('',#14284,#14285);
#14284 = CARTESIAN_POINT('',(61.47860771038,-70.30410017529,1.E-02));
#14285 = VECTOR('',#14286,1.);
#14286 = DIRECTION('',(-0.94216344845,0.335153750396,0.));
#14287 = ORIENTED_EDGE('',*,*,#14288,.F.);
#14288 = EDGE_CURVE('',#14272,#14281,#14289,.T.);
#14289 = LINE('',#14290,#14291);
#14290 = CARTESIAN_POINT('',(61.47860771038,-70.30410017529,0.));
#14291 = VECTOR('',#14292,1.);
#14292 = DIRECTION('',(0.,0.,1.));
#14293 = PLANE('',#14294);
#14294 = AXIS2_PLACEMENT_3D('',#14295,#14296,#14297);
#14295 = CARTESIAN_POINT('',(61.47860771038,-70.30410017529,0.));
#14296 = DIRECTION('',(0.335153750396,0.94216344845,0.));
#14297 = DIRECTION('',(-0.94216344845,0.335153750396,0.));
#14298 = ADVANCED_FACE('',(#14299),#14324,.T.);
#14299 = FACE_BOUND('',#14300,.T.);
#14300 = EDGE_LOOP('',(#14301,#14309,#14310,#14318));
#14301 = ORIENTED_EDGE('',*,*,#14302,.T.);
#14302 = EDGE_CURVE('',#14303,#14272,#14305,.T.);
#14303 = VERTEX_POINT('',#14304);
#14304 = CARTESIAN_POINT('',(61.48100801038,-70.30516011729,0.));
#14305 = LINE('',#14306,#14307);
#14306 = CARTESIAN_POINT('',(61.48100801038,-70.30516011729,0.));
#14307 = VECTOR('',#14308,1.);
#14308 = DIRECTION('',(-0.914778958225,0.403954771712,0.));
#14309 = ORIENTED_EDGE('',*,*,#14288,.T.);
#14310 = ORIENTED_EDGE('',*,*,#14311,.F.);
#14311 = EDGE_CURVE('',#14312,#14281,#14314,.T.);
#14312 = VERTEX_POINT('',#14313);
#14313 = CARTESIAN_POINT('',(61.48100801038,-70.30516011729,1.E-02));
#14314 = LINE('',#14315,#14316);
#14315 = CARTESIAN_POINT('',(61.48100801038,-70.30516011729,1.E-02));
#14316 = VECTOR('',#14317,1.);
#14317 = DIRECTION('',(-0.914778958225,0.403954771712,0.));
#14318 = ORIENTED_EDGE('',*,*,#14319,.F.);
#14319 = EDGE_CURVE('',#14303,#14312,#14320,.T.);
#14320 = LINE('',#14321,#14322);
#14321 = CARTESIAN_POINT('',(61.48100801038,-70.30516011729,0.));
#14322 = VECTOR('',#14323,1.);
#14323 = DIRECTION('',(0.,0.,1.));
#14324 = PLANE('',#14325);
#14325 = AXIS2_PLACEMENT_3D('',#14326,#14327,#14328);
#14326 = CARTESIAN_POINT('',(61.48100801038,-70.30516011729,0.));
#14327 = DIRECTION('',(0.403954771712,0.914778958225,0.));
#14328 = DIRECTION('',(-0.914778958225,0.403954771712,0.));
#14329 = ADVANCED_FACE('',(#14330),#14355,.T.);
#14330 = FACE_BOUND('',#14331,.T.);
#14331 = EDGE_LOOP('',(#14332,#14340,#14341,#14349));
#14332 = ORIENTED_EDGE('',*,*,#14333,.T.);
#14333 = EDGE_CURVE('',#14334,#14303,#14336,.T.);
#14334 = VERTEX_POINT('',#14335);
#14335 = CARTESIAN_POINT('',(61.48340348438,-70.30645399329,0.));
#14336 = LINE('',#14337,#14338);
#14337 = CARTESIAN_POINT('',(61.48340348438,-70.30645399329,0.));
#14338 = VECTOR('',#14339,1.);
#14339 = DIRECTION('',(-0.879856246717,0.475239923737,0.));
#14340 = ORIENTED_EDGE('',*,*,#14319,.T.);
#14341 = ORIENTED_EDGE('',*,*,#14342,.F.);
#14342 = EDGE_CURVE('',#14343,#14312,#14345,.T.);
#14343 = VERTEX_POINT('',#14344);
#14344 = CARTESIAN_POINT('',(61.48340348438,-70.30645399329,1.E-02));
#14345 = LINE('',#14346,#14347);
#14346 = CARTESIAN_POINT('',(61.48340348438,-70.30645399329,1.E-02));
#14347 = VECTOR('',#14348,1.);
#14348 = DIRECTION('',(-0.879856246717,0.475239923737,0.));
#14349 = ORIENTED_EDGE('',*,*,#14350,.F.);
#14350 = EDGE_CURVE('',#14334,#14343,#14351,.T.);
#14351 = LINE('',#14352,#14353);
#14352 = CARTESIAN_POINT('',(61.48340348438,-70.30645399329,0.));
#14353 = VECTOR('',#14354,1.);
#14354 = DIRECTION('',(0.,0.,1.));
#14355 = PLANE('',#14356);
#14356 = AXIS2_PLACEMENT_3D('',#14357,#14358,#14359);
#14357 = CARTESIAN_POINT('',(61.48340348438,-70.30645399329,0.));
#14358 = DIRECTION('',(0.475239923737,0.879856246717,0.));
#14359 = DIRECTION('',(-0.879856246717,0.475239923737,0.));
#14360 = ADVANCED_FACE('',(#14361),#14386,.T.);
#14361 = FACE_BOUND('',#14362,.T.);
#14362 = EDGE_LOOP('',(#14363,#14371,#14372,#14380));
#14363 = ORIENTED_EDGE('',*,*,#14364,.T.);
#14364 = EDGE_CURVE('',#14365,#14334,#14367,.T.);
#14365 = VERTEX_POINT('',#14366);
#14366 = CARTESIAN_POINT('',(61.48574460238,-70.30799450329,0.));
#14367 = LINE('',#14368,#14369);
#14368 = CARTESIAN_POINT('',(61.48574460238,-70.30799450329,0.));
#14369 = VECTOR('',#14370,1.);
#14370 = DIRECTION('',(-0.835367797812,0.549691406499,0.));
#14371 = ORIENTED_EDGE('',*,*,#14350,.T.);
#14372 = ORIENTED_EDGE('',*,*,#14373,.F.);
#14373 = EDGE_CURVE('',#14374,#14343,#14376,.T.);
#14374 = VERTEX_POINT('',#14375);
#14375 = CARTESIAN_POINT('',(61.48574460238,-70.30799450329,1.E-02));
#14376 = LINE('',#14377,#14378);
#14377 = CARTESIAN_POINT('',(61.48574460238,-70.30799450329,1.E-02));
#14378 = VECTOR('',#14379,1.);
#14379 = DIRECTION('',(-0.835367797812,0.549691406499,0.));
#14380 = ORIENTED_EDGE('',*,*,#14381,.F.);
#14381 = EDGE_CURVE('',#14365,#14374,#14382,.T.);
#14382 = LINE('',#14383,#14384);
#14383 = CARTESIAN_POINT('',(61.48574460238,-70.30799450329,0.));
#14384 = VECTOR('',#14385,1.);
#14385 = DIRECTION('',(0.,0.,1.));
#14386 = PLANE('',#14387);
#14387 = AXIS2_PLACEMENT_3D('',#14388,#14389,#14390);
#14388 = CARTESIAN_POINT('',(61.48574460238,-70.30799450329,0.));
#14389 = DIRECTION('',(0.549691406499,0.835367797812,0.));
#14390 = DIRECTION('',(-0.835367797812,0.549691406499,0.));
#14391 = ADVANCED_FACE('',(#14392),#14417,.T.);
#14392 = FACE_BOUND('',#14393,.T.);
#14393 = EDGE_LOOP('',(#14394,#14402,#14403,#14411));
#14394 = ORIENTED_EDGE('',*,*,#14395,.T.);
#14395 = EDGE_CURVE('',#14396,#14365,#14398,.T.);
#14396 = VERTEX_POINT('',#14397);
#14397 = CARTESIAN_POINT('',(61.48798539038,-70.30979434729,0.));
#14398 = LINE('',#14399,#14400);
#14399 = CARTESIAN_POINT('',(61.48798539038,-70.30979434729,0.));
#14400 = VECTOR('',#14401,1.);
#14401 = DIRECTION('',(-0.779642994659,0.626224241689,0.));
#14402 = ORIENTED_EDGE('',*,*,#14381,.T.);
#14403 = ORIENTED_EDGE('',*,*,#14404,.F.);
#14404 = EDGE_CURVE('',#14405,#14374,#14407,.T.);
#14405 = VERTEX_POINT('',#14406);
#14406 = CARTESIAN_POINT('',(61.48798539038,-70.30979434729,1.E-02));
#14407 = LINE('',#14408,#14409);
#14408 = CARTESIAN_POINT('',(61.48798539038,-70.30979434729,1.E-02));
#14409 = VECTOR('',#14410,1.);
#14410 = DIRECTION('',(-0.779642994659,0.626224241689,0.));
#14411 = ORIENTED_EDGE('',*,*,#14412,.F.);
#14412 = EDGE_CURVE('',#14396,#14405,#14413,.T.);
#14413 = LINE('',#14414,#14415);
#14414 = CARTESIAN_POINT('',(61.48798539038,-70.30979434729,0.));
#14415 = VECTOR('',#14416,1.);
#14416 = DIRECTION('',(0.,0.,1.));
#14417 = PLANE('',#14418);
#14418 = AXIS2_PLACEMENT_3D('',#14419,#14420,#14421);
#14419 = CARTESIAN_POINT('',(61.48798539038,-70.30979434729,0.));
#14420 = DIRECTION('',(0.626224241689,0.779642994659,0.));
#14421 = DIRECTION('',(-0.779642994659,0.626224241689,0.));
#14422 = ADVANCED_FACE('',(#14423),#14448,.T.);
#14423 = FACE_BOUND('',#14424,.T.);
#14424 = EDGE_LOOP('',(#14425,#14433,#14434,#14442));
#14425 = ORIENTED_EDGE('',*,*,#14426,.T.);
#14426 = EDGE_CURVE('',#14427,#14396,#14429,.T.);
#14427 = VERTEX_POINT('',#14428);
#14428 = CARTESIAN_POINT('',(61.49007987438,-70.31186698729,0.));
#14429 = LINE('',#14430,#14431);
#14430 = CARTESIAN_POINT('',(61.49007987438,-70.31186698729,0.));
#14431 = VECTOR('',#14432,1.);
#14432 = DIRECTION('',(-0.710803658267,0.703390474342,0.));
#14433 = ORIENTED_EDGE('',*,*,#14412,.T.);
#14434 = ORIENTED_EDGE('',*,*,#14435,.F.);
#14435 = EDGE_CURVE('',#14436,#14405,#14438,.T.);
#14436 = VERTEX_POINT('',#14437);
#14437 = CARTESIAN_POINT('',(61.49007987438,-70.31186698729,1.E-02));
#14438 = LINE('',#14439,#14440);
#14439 = CARTESIAN_POINT('',(61.49007987438,-70.31186698729,1.E-02));
#14440 = VECTOR('',#14441,1.);
#14441 = DIRECTION('',(-0.710803658267,0.703390474342,0.));
#14442 = ORIENTED_EDGE('',*,*,#14443,.F.);
#14443 = EDGE_CURVE('',#14427,#14436,#14444,.T.);
#14444 = LINE('',#14445,#14446);
#14445 = CARTESIAN_POINT('',(61.49007987438,-70.31186698729,0.));
#14446 = VECTOR('',#14447,1.);
#14447 = DIRECTION('',(0.,0.,1.));
#14448 = PLANE('',#14449);
#14449 = AXIS2_PLACEMENT_3D('',#14450,#14451,#14452);
#14450 = CARTESIAN_POINT('',(61.49007987438,-70.31186698729,0.));
#14451 = DIRECTION('',(0.703390474342,0.710803658267,0.));
#14452 = DIRECTION('',(-0.710803658267,0.703390474342,0.));
#14453 = ADVANCED_FACE('',(#14454),#14479,.T.);
#14454 = FACE_BOUND('',#14455,.T.);
#14455 = EDGE_LOOP('',(#14456,#14464,#14465,#14473));
#14456 = ORIENTED_EDGE('',*,*,#14457,.T.);
#14457 = EDGE_CURVE('',#14458,#14427,#14460,.T.);
#14458 = VERTEX_POINT('',#14459);
#14459 = CARTESIAN_POINT('',(61.49198030238,-70.31422461529,0.));
#14460 = LINE('',#14461,#14462);
#14461 = CARTESIAN_POINT('',(61.49198030238,-70.31422461529,0.));
#14462 = VECTOR('',#14463,1.);
#14463 = DIRECTION('',(-0.627575370874,0.778555812946,0.));
#14464 = ORIENTED_EDGE('',*,*,#14443,.T.);
#14465 = ORIENTED_EDGE('',*,*,#14466,.F.);
#14466 = EDGE_CURVE('',#14467,#14436,#14469,.T.);
#14467 = VERTEX_POINT('',#14468);
#14468 = CARTESIAN_POINT('',(61.49198030238,-70.31422461529,1.E-02));
#14469 = LINE('',#14470,#14471);
#14470 = CARTESIAN_POINT('',(61.49198030238,-70.31422461529,1.E-02));
#14471 = VECTOR('',#14472,1.);
#14472 = DIRECTION('',(-0.627575370874,0.778555812946,0.));
#14473 = ORIENTED_EDGE('',*,*,#14474,.F.);
#14474 = EDGE_CURVE('',#14458,#14467,#14475,.T.);
#14475 = LINE('',#14476,#14477);
#14476 = CARTESIAN_POINT('',(61.49198030238,-70.31422461529,0.));
#14477 = VECTOR('',#14478,1.);
#14478 = DIRECTION('',(0.,0.,1.));
#14479 = PLANE('',#14480);
#14480 = AXIS2_PLACEMENT_3D('',#14481,#14482,#14483);
#14481 = CARTESIAN_POINT('',(61.49198030238,-70.31422461529,0.));
#14482 = DIRECTION('',(0.778555812946,0.627575370874,0.));
#14483 = DIRECTION('',(-0.627575370874,0.778555812946,0.));
#14484 = ADVANCED_FACE('',(#14485),#14510,.T.);
#14485 = FACE_BOUND('',#14486,.T.);
#14486 = EDGE_LOOP('',(#14487,#14495,#14496,#14504));
#14487 = ORIENTED_EDGE('',*,*,#14488,.T.);
#14488 = EDGE_CURVE('',#14489,#14458,#14491,.T.);
#14489 = VERTEX_POINT('',#14490);
#14490 = CARTESIAN_POINT('',(61.49364070038,-70.31688170929,0.));
#14491 = LINE('',#14492,#14493);
#14492 = CARTESIAN_POINT('',(61.49364070038,-70.31688170929,0.));
#14493 = VECTOR('',#14494,1.);
#14494 = DIRECTION('',(-0.529933356327,0.848039290276,0.));
#14495 = ORIENTED_EDGE('',*,*,#14474,.T.);
#14496 = ORIENTED_EDGE('',*,*,#14497,.F.);
#14497 = EDGE_CURVE('',#14498,#14467,#14500,.T.);
#14498 = VERTEX_POINT('',#14499);
#14499 = CARTESIAN_POINT('',(61.49364070038,-70.31688170929,1.E-02));
#14500 = LINE('',#14501,#14502);
#14501 = CARTESIAN_POINT('',(61.49364070038,-70.31688170929,1.E-02));
#14502 = VECTOR('',#14503,1.);
#14503 = DIRECTION('',(-0.529933356327,0.848039290276,0.));
#14504 = ORIENTED_EDGE('',*,*,#14505,.F.);
#14505 = EDGE_CURVE('',#14489,#14498,#14506,.T.);
#14506 = LINE('',#14507,#14508);
#14507 = CARTESIAN_POINT('',(61.49364070038,-70.31688170929,0.));
#14508 = VECTOR('',#14509,1.);
#14509 = DIRECTION('',(0.,0.,1.));
#14510 = PLANE('',#14511);
#14511 = AXIS2_PLACEMENT_3D('',#14512,#14513,#14514);
#14512 = CARTESIAN_POINT('',(61.49364070038,-70.31688170929,0.));
#14513 = DIRECTION('',(0.848039290276,0.529933356327,0.));
#14514 = DIRECTION('',(-0.529933356327,0.848039290276,0.));
#14515 = ADVANCED_FACE('',(#14516),#14541,.T.);
#14516 = FACE_BOUND('',#14517,.T.);
#14517 = EDGE_LOOP('',(#14518,#14526,#14527,#14535));
#14518 = ORIENTED_EDGE('',*,*,#14519,.T.);
#14519 = EDGE_CURVE('',#14520,#14489,#14522,.T.);
#14520 = VERTEX_POINT('',#14521);
#14521 = CARTESIAN_POINT('',(61.49501331638,-70.31984715929,0.));
#14522 = LINE('',#14523,#14524);
#14523 = CARTESIAN_POINT('',(61.49501331638,-70.31984715929,0.));
#14524 = VECTOR('',#14525,1.);
#14525 = DIRECTION('',(-0.420053629499,0.907499282834,0.));
#14526 = ORIENTED_EDGE('',*,*,#14505,.T.);
#14527 = ORIENTED_EDGE('',*,*,#14528,.F.);
#14528 = EDGE_CURVE('',#14529,#14498,#14531,.T.);
#14529 = VERTEX_POINT('',#14530);
#14530 = CARTESIAN_POINT('',(61.49501331638,-70.31984715929,1.E-02));
#14531 = LINE('',#14532,#14533);
#14532 = CARTESIAN_POINT('',(61.49501331638,-70.31984715929,1.E-02));
#14533 = VECTOR('',#14534,1.);
#14534 = DIRECTION('',(-0.420053629499,0.907499282834,0.));
#14535 = ORIENTED_EDGE('',*,*,#14536,.F.);
#14536 = EDGE_CURVE('',#14520,#14529,#14537,.T.);
#14537 = LINE('',#14538,#14539);
#14538 = CARTESIAN_POINT('',(61.49501331638,-70.31984715929,0.));
#14539 = VECTOR('',#14540,1.);
#14540 = DIRECTION('',(0.,0.,1.));
#14541 = PLANE('',#14542);
#14542 = AXIS2_PLACEMENT_3D('',#14543,#14544,#14545);
#14543 = CARTESIAN_POINT('',(61.49501331638,-70.31984715929,0.));
#14544 = DIRECTION('',(0.907499282834,0.420053629499,0.));
#14545 = DIRECTION('',(-0.420053629499,0.907499282834,0.));
#14546 = ADVANCED_FACE('',(#14547),#14572,.T.);
#14547 = FACE_BOUND('',#14548,.T.);
#14548 = EDGE_LOOP('',(#14549,#14557,#14558,#14566));
#14549 = ORIENTED_EDGE('',*,*,#14550,.T.);
#14550 = EDGE_CURVE('',#14551,#14520,#14553,.T.);
#14551 = VERTEX_POINT('',#14552);
#14552 = CARTESIAN_POINT('',(61.49605243038,-70.32313798329,0.));
#14553 = LINE('',#14554,#14555);
#14554 = CARTESIAN_POINT('',(61.49605243038,-70.32313798329,0.));
#14555 = VECTOR('',#14556,1.);
#14556 = DIRECTION('',(-0.301106710164,0.953590451449,0.));
#14557 = ORIENTED_EDGE('',*,*,#14536,.T.);
#14558 = ORIENTED_EDGE('',*,*,#14559,.F.);
#14559 = EDGE_CURVE('',#14560,#14529,#14562,.T.);
#14560 = VERTEX_POINT('',#14561);
#14561 = CARTESIAN_POINT('',(61.49605243038,-70.32313798329,1.E-02));
#14562 = LINE('',#14563,#14564);
#14563 = CARTESIAN_POINT('',(61.49605243038,-70.32313798329,1.E-02));
#14564 = VECTOR('',#14565,1.);
#14565 = DIRECTION('',(-0.301106710164,0.953590451449,0.));
#14566 = ORIENTED_EDGE('',*,*,#14567,.F.);
#14567 = EDGE_CURVE('',#14551,#14560,#14568,.T.);
#14568 = LINE('',#14569,#14570);
#14569 = CARTESIAN_POINT('',(61.49605243038,-70.32313798329,0.));
#14570 = VECTOR('',#14571,1.);
#14571 = DIRECTION('',(0.,0.,1.));
#14572 = PLANE('',#14573);
#14573 = AXIS2_PLACEMENT_3D('',#14574,#14575,#14576);
#14574 = CARTESIAN_POINT('',(61.49605243038,-70.32313798329,0.));
#14575 = DIRECTION('',(0.953590451449,0.301106710164,0.));
#14576 = DIRECTION('',(-0.301106710164,0.953590451449,0.));
#14577 = ADVANCED_FACE('',(#14578),#14603,.T.);
#14578 = FACE_BOUND('',#14579,.T.);
#14579 = EDGE_LOOP('',(#14580,#14588,#14589,#14597));
#14580 = ORIENTED_EDGE('',*,*,#14581,.T.);
#14581 = EDGE_CURVE('',#14582,#14551,#14584,.T.);
#14582 = VERTEX_POINT('',#14583);
#14583 = CARTESIAN_POINT('',(61.49670952838,-70.32676484929,0.));
#14584 = LINE('',#14585,#14586);
#14585 = CARTESIAN_POINT('',(61.49670952838,-70.32676484929,0.));
#14586 = VECTOR('',#14587,1.);
#14587 = DIRECTION('',(-0.178272922006,0.983981079737,0.));
#14588 = ORIENTED_EDGE('',*,*,#14567,.T.);
#14589 = ORIENTED_EDGE('',*,*,#14590,.F.);
#14590 = EDGE_CURVE('',#14591,#14560,#14593,.T.);
#14591 = VERTEX_POINT('',#14592);
#14592 = CARTESIAN_POINT('',(61.49670952838,-70.32676484929,1.E-02));
#14593 = LINE('',#14594,#14595);
#14594 = CARTESIAN_POINT('',(61.49670952838,-70.32676484929,1.E-02));
#14595 = VECTOR('',#14596,1.);
#14596 = DIRECTION('',(-0.178272922006,0.983981079737,0.));
#14597 = ORIENTED_EDGE('',*,*,#14598,.F.);
#14598 = EDGE_CURVE('',#14582,#14591,#14599,.T.);
#14599 = LINE('',#14600,#14601);
#14600 = CARTESIAN_POINT('',(61.49670952838,-70.32676484929,0.));
#14601 = VECTOR('',#14602,1.);
#14602 = DIRECTION('',(0.,0.,1.));
#14603 = PLANE('',#14604);
#14604 = AXIS2_PLACEMENT_3D('',#14605,#14606,#14607);
#14605 = CARTESIAN_POINT('',(61.49670952838,-70.32676484929,0.));
#14606 = DIRECTION('',(0.983981079737,0.178272922006,0.));
#14607 = DIRECTION('',(-0.178272922006,0.983981079737,0.));
#14608 = ADVANCED_FACE('',(#14609),#14634,.T.);
#14609 = FACE_BOUND('',#14610,.T.);
#14610 = EDGE_LOOP('',(#14611,#14619,#14620,#14628));
#14611 = ORIENTED_EDGE('',*,*,#14612,.T.);
#14612 = EDGE_CURVE('',#14613,#14582,#14615,.T.);
#14613 = VERTEX_POINT('',#14614);
#14614 = CARTESIAN_POINT('',(61.49693990638,-70.32974579329,0.));
#14615 = LINE('',#14616,#14617);
#14616 = CARTESIAN_POINT('',(61.49693990638,-70.32974579329,0.));
#14617 = VECTOR('',#14618,1.);
#14618 = DIRECTION('',(-7.705380291799E-02,0.997026936174,0.));
#14619 = ORIENTED_EDGE('',*,*,#14598,.T.);
#14620 = ORIENTED_EDGE('',*,*,#14621,.F.);
#14621 = EDGE_CURVE('',#14622,#14591,#14624,.T.);
#14622 = VERTEX_POINT('',#14623);
#14623 = CARTESIAN_POINT('',(61.49693990638,-70.32974579329,1.E-02));
#14624 = LINE('',#14625,#14626);
#14625 = CARTESIAN_POINT('',(61.49693990638,-70.32974579329,1.E-02));
#14626 = VECTOR('',#14627,1.);
#14627 = DIRECTION('',(-7.705380291799E-02,0.997026936174,0.));
#14628 = ORIENTED_EDGE('',*,*,#14629,.F.);
#14629 = EDGE_CURVE('',#14613,#14622,#14630,.T.);
#14630 = LINE('',#14631,#14632);
#14631 = CARTESIAN_POINT('',(61.49693990638,-70.32974579329,0.));
#14632 = VECTOR('',#14633,1.);
#14633 = DIRECTION('',(0.,0.,1.));
#14634 = PLANE('',#14635);
#14635 = AXIS2_PLACEMENT_3D('',#14636,#14637,#14638);
#14636 = CARTESIAN_POINT('',(61.49693990638,-70.32974579329,0.));
#14637 = DIRECTION('',(0.997026936174,7.705380291799E-02,0.));
#14638 = DIRECTION('',(-7.705380291799E-02,0.997026936174,0.));
#14639 = ADVANCED_FACE('',(#14640),#14665,.T.);
#14640 = FACE_BOUND('',#14641,.T.);
#14641 = EDGE_LOOP('',(#14642,#14650,#14651,#14659));
#14642 = ORIENTED_EDGE('',*,*,#14643,.T.);
#14643 = EDGE_CURVE('',#14644,#14613,#14646,.T.);
#14644 = VERTEX_POINT('',#14645);
#14645 = CARTESIAN_POINT('',(61.49693990638,-70.35950163929,0.));
#14646 = LINE('',#14647,#14648);
#14647 = CARTESIAN_POINT('',(61.49693990638,-70.35950163929,0.));
#14648 = VECTOR('',#14649,1.);
#14649 = DIRECTION('',(0.,1.,0.));
#14650 = ORIENTED_EDGE('',*,*,#14629,.T.);
#14651 = ORIENTED_EDGE('',*,*,#14652,.F.);
#14652 = EDGE_CURVE('',#14653,#14622,#14655,.T.);
#14653 = VERTEX_POINT('',#14654);
#14654 = CARTESIAN_POINT('',(61.49693990638,-70.35950163929,1.E-02));
#14655 = LINE('',#14656,#14657);
#14656 = CARTESIAN_POINT('',(61.49693990638,-70.35950163929,1.E-02));
#14657 = VECTOR('',#14658,1.);
#14658 = DIRECTION('',(0.,1.,0.));
#14659 = ORIENTED_EDGE('',*,*,#14660,.F.);
#14660 = EDGE_CURVE('',#14644,#14653,#14661,.T.);
#14661 = LINE('',#14662,#14663);
#14662 = CARTESIAN_POINT('',(61.49693990638,-70.35950163929,0.));
#14663 = VECTOR('',#14664,1.);
#14664 = DIRECTION('',(0.,0.,1.));
#14665 = PLANE('',#14666);
#14666 = AXIS2_PLACEMENT_3D('',#14667,#14668,#14669);
#14667 = CARTESIAN_POINT('',(61.49693990638,-70.35950163929,0.));
#14668 = DIRECTION('',(1.,0.,0.));
#14669 = DIRECTION('',(-0.,1.,0.));
#14670 = ADVANCED_FACE('',(#14671),#14696,.T.);
#14671 = FACE_BOUND('',#14672,.T.);
#14672 = EDGE_LOOP('',(#14673,#14681,#14682,#14690));
#14673 = ORIENTED_EDGE('',*,*,#14674,.T.);
#14674 = EDGE_CURVE('',#14675,#14644,#14677,.T.);
#14675 = VERTEX_POINT('',#14676);
#14676 = CARTESIAN_POINT('',(61.49690688638,-70.36001268729,0.));
#14677 = LINE('',#14678,#14679);
#14678 = CARTESIAN_POINT('',(61.49690688638,-70.36001268729,0.));
#14679 = VECTOR('',#14680,1.);
#14680 = DIRECTION('',(6.447787662026E-02,0.997919136717,0.));
#14681 = ORIENTED_EDGE('',*,*,#14660,.T.);
#14682 = ORIENTED_EDGE('',*,*,#14683,.F.);
#14683 = EDGE_CURVE('',#14684,#14653,#14686,.T.);
#14684 = VERTEX_POINT('',#14685);
#14685 = CARTESIAN_POINT('',(61.49690688638,-70.36001268729,1.E-02));
#14686 = LINE('',#14687,#14688);
#14687 = CARTESIAN_POINT('',(61.49690688638,-70.36001268729,1.E-02));
#14688 = VECTOR('',#14689,1.);
#14689 = DIRECTION('',(6.447787662026E-02,0.997919136717,0.));
#14690 = ORIENTED_EDGE('',*,*,#14691,.F.);
#14691 = EDGE_CURVE('',#14675,#14684,#14692,.T.);
#14692 = LINE('',#14693,#14694);
#14693 = CARTESIAN_POINT('',(61.49690688638,-70.36001268729,0.));
#14694 = VECTOR('',#14695,1.);
#14695 = DIRECTION('',(0.,0.,1.));
#14696 = PLANE('',#14697);
#14697 = AXIS2_PLACEMENT_3D('',#14698,#14699,#14700);
#14698 = CARTESIAN_POINT('',(61.49690688638,-70.36001268729,0.));
#14699 = DIRECTION('',(0.997919136717,-6.447787662026E-02,0.));
#14700 = DIRECTION('',(6.447787662026E-02,0.997919136717,0.));
#14701 = ADVANCED_FACE('',(#14702),#14727,.T.);
#14702 = FACE_BOUND('',#14703,.T.);
#14703 = EDGE_LOOP('',(#14704,#14712,#14713,#14721));
#14704 = ORIENTED_EDGE('',*,*,#14705,.T.);
#14705 = EDGE_CURVE('',#14706,#14675,#14708,.T.);
#14706 = VERTEX_POINT('',#14707);
#14707 = CARTESIAN_POINT('',(61.49671511638,-70.36143381729,0.));
#14708 = LINE('',#14709,#14710);
#14709 = CARTESIAN_POINT('',(61.49671511638,-70.36143381729,0.));
#14710 = VECTOR('',#14711,1.);
#14711 = DIRECTION('',(0.133729840558,0.99101782514,0.));
#14712 = ORIENTED_EDGE('',*,*,#14691,.T.);
#14713 = ORIENTED_EDGE('',*,*,#14714,.F.);
#14714 = EDGE_CURVE('',#14715,#14684,#14717,.T.);
#14715 = VERTEX_POINT('',#14716);
#14716 = CARTESIAN_POINT('',(61.49671511638,-70.36143381729,1.E-02));
#14717 = LINE('',#14718,#14719);
#14718 = CARTESIAN_POINT('',(61.49671511638,-70.36143381729,1.E-02));
#14719 = VECTOR('',#14720,1.);
#14720 = DIRECTION('',(0.133729840558,0.99101782514,0.));
#14721 = ORIENTED_EDGE('',*,*,#14722,.F.);
#14722 = EDGE_CURVE('',#14706,#14715,#14723,.T.);
#14723 = LINE('',#14724,#14725);
#14724 = CARTESIAN_POINT('',(61.49671511638,-70.36143381729,0.));
#14725 = VECTOR('',#14726,1.);
#14726 = DIRECTION('',(0.,0.,1.));
#14727 = PLANE('',#14728);
#14728 = AXIS2_PLACEMENT_3D('',#14729,#14730,#14731);
#14729 = CARTESIAN_POINT('',(61.49671511638,-70.36143381729,0.));
#14730 = DIRECTION('',(0.99101782514,-0.133729840558,0.));
#14731 = DIRECTION('',(0.133729840558,0.99101782514,0.));
#14732 = ADVANCED_FACE('',(#14733),#14758,.T.);
#14733 = FACE_BOUND('',#14734,.T.);
#14734 = EDGE_LOOP('',(#14735,#14743,#14744,#14752));
#14735 = ORIENTED_EDGE('',*,*,#14736,.T.);
#14736 = EDGE_CURVE('',#14737,#14706,#14739,.T.);
#14737 = VERTEX_POINT('',#14738);
#14738 = CARTESIAN_POINT('',(61.49622159438,-70.36358875329,0.));
#14739 = LINE('',#14740,#14741);
#14740 = CARTESIAN_POINT('',(61.49622159438,-70.36358875329,0.));
#14741 = VECTOR('',#14742,1.);
#14742 = DIRECTION('',(0.223239702312,0.974763579188,0.));
#14743 = ORIENTED_EDGE('',*,*,#14722,.T.);
#14744 = ORIENTED_EDGE('',*,*,#14745,.F.);
#14745 = EDGE_CURVE('',#14746,#14715,#14748,.T.);
#14746 = VERTEX_POINT('',#14747);
#14747 = CARTESIAN_POINT('',(61.49622159438,-70.36358875329,1.E-02));
#14748 = LINE('',#14749,#14750);
#14749 = CARTESIAN_POINT('',(61.49622159438,-70.36358875329,1.E-02));
#14750 = VECTOR('',#14751,1.);
#14751 = DIRECTION('',(0.223239702312,0.974763579188,0.));
#14752 = ORIENTED_EDGE('',*,*,#14753,.F.);
#14753 = EDGE_CURVE('',#14737,#14746,#14754,.T.);
#14754 = LINE('',#14755,#14756);
#14755 = CARTESIAN_POINT('',(61.49622159438,-70.36358875329,0.));
#14756 = VECTOR('',#14757,1.);
#14757 = DIRECTION('',(0.,0.,1.));
#14758 = PLANE('',#14759);
#14759 = AXIS2_PLACEMENT_3D('',#14760,#14761,#14762);
#14760 = CARTESIAN_POINT('',(61.49622159438,-70.36358875329,0.));
#14761 = DIRECTION('',(0.974763579188,-0.223239702312,0.));
#14762 = DIRECTION('',(0.223239702312,0.974763579188,0.));
#14763 = ADVANCED_FACE('',(#14764),#14789,.T.);
#14764 = FACE_BOUND('',#14765,.T.);
#14765 = EDGE_LOOP('',(#14766,#14774,#14775,#14783));
#14766 = ORIENTED_EDGE('',*,*,#14767,.T.);
#14767 = EDGE_CURVE('',#14768,#14737,#14770,.T.);
#14768 = VERTEX_POINT('',#14769);
#14769 = CARTESIAN_POINT('',(61.49528738238,-70.36630629929,0.));
#14770 = LINE('',#14771,#14772);
#14771 = CARTESIAN_POINT('',(61.49528738238,-70.36630629929,0.));
#14772 = VECTOR('',#14773,1.);
#14773 = DIRECTION('',(0.325097060399,0.945680655042,0.));
#14774 = ORIENTED_EDGE('',*,*,#14753,.T.);
#14775 = ORIENTED_EDGE('',*,*,#14776,.F.);
#14776 = EDGE_CURVE('',#14777,#14746,#14779,.T.);
#14777 = VERTEX_POINT('',#14778);
#14778 = CARTESIAN_POINT('',(61.49528738238,-70.36630629929,1.E-02));
#14779 = LINE('',#14780,#14781);
#14780 = CARTESIAN_POINT('',(61.49528738238,-70.36630629929,1.E-02));
#14781 = VECTOR('',#14782,1.);
#14782 = DIRECTION('',(0.325097060399,0.945680655042,0.));
#14783 = ORIENTED_EDGE('',*,*,#14784,.F.);
#14784 = EDGE_CURVE('',#14768,#14777,#14785,.T.);
#14785 = LINE('',#14786,#14787);
#14786 = CARTESIAN_POINT('',(61.49528738238,-70.36630629929,0.));
#14787 = VECTOR('',#14788,1.);
#14788 = DIRECTION('',(0.,0.,1.));
#14789 = PLANE('',#14790);
#14790 = AXIS2_PLACEMENT_3D('',#14791,#14792,#14793);
#14791 = CARTESIAN_POINT('',(61.49528738238,-70.36630629929,0.));
#14792 = DIRECTION('',(0.945680655042,-0.325097060399,0.));
#14793 = DIRECTION('',(0.325097060399,0.945680655042,0.));
#14794 = ADVANCED_FACE('',(#14795),#14820,.T.);
#14795 = FACE_BOUND('',#14796,.T.);
#14796 = EDGE_LOOP('',(#14797,#14805,#14806,#14814));
#14797 = ORIENTED_EDGE('',*,*,#14798,.T.);
#14798 = EDGE_CURVE('',#14799,#14768,#14801,.T.);
#14799 = VERTEX_POINT('',#14800);
#14800 = CARTESIAN_POINT('',(61.49376871638,-70.36941119529,0.));
#14801 = LINE('',#14802,#14803);
#14802 = CARTESIAN_POINT('',(61.49376871638,-70.36941119529,0.));
#14803 = VECTOR('',#14804,1.);
#14804 = DIRECTION('',(0.439377512587,0.898302511091,0.));
#14805 = ORIENTED_EDGE('',*,*,#14784,.T.);
#14806 = ORIENTED_EDGE('',*,*,#14807,.F.);
#14807 = EDGE_CURVE('',#14808,#14777,#14810,.T.);
#14808 = VERTEX_POINT('',#14809);
#14809 = CARTESIAN_POINT('',(61.49376871638,-70.36941119529,1.E-02));
#14810 = LINE('',#14811,#14812);
#14811 = CARTESIAN_POINT('',(61.49376871638,-70.36941119529,1.E-02));
#14812 = VECTOR('',#14813,1.);
#14813 = DIRECTION('',(0.439377512587,0.898302511091,0.));
#14814 = ORIENTED_EDGE('',*,*,#14815,.F.);
#14815 = EDGE_CURVE('',#14799,#14808,#14816,.T.);
#14816 = LINE('',#14817,#14818);
#14817 = CARTESIAN_POINT('',(61.49376871638,-70.36941119529,0.));
#14818 = VECTOR('',#14819,1.);
#14819 = DIRECTION('',(0.,0.,1.));
#14820 = PLANE('',#14821);
#14821 = AXIS2_PLACEMENT_3D('',#14822,#14823,#14824);
#14822 = CARTESIAN_POINT('',(61.49376871638,-70.36941119529,0.));
#14823 = DIRECTION('',(0.898302511091,-0.439377512587,0.));
#14824 = DIRECTION('',(0.439377512587,0.898302511091,0.));
#14825 = ADVANCED_FACE('',(#14826),#14851,.T.);
#14826 = FACE_BOUND('',#14827,.T.);
#14827 = EDGE_LOOP('',(#14828,#14836,#14837,#14845));
#14828 = ORIENTED_EDGE('',*,*,#14829,.T.);
#14829 = EDGE_CURVE('',#14830,#14799,#14832,.T.);
#14830 = VERTEX_POINT('',#14831);
#14831 = CARTESIAN_POINT('',(61.49152538838,-70.37273224529,0.));
#14832 = LINE('',#14833,#14834);
#14833 = CARTESIAN_POINT('',(61.49152538838,-70.37273224529,0.));
#14834 = VECTOR('',#14835,1.);
#14835 = DIRECTION('',(0.559750389474,0.828661270655,0.));
#14836 = ORIENTED_EDGE('',*,*,#14815,.T.);
#14837 = ORIENTED_EDGE('',*,*,#14838,.F.);
#14838 = EDGE_CURVE('',#14839,#14808,#14841,.T.);
#14839 = VERTEX_POINT('',#14840);
#14840 = CARTESIAN_POINT('',(61.49152538838,-70.37273224529,1.E-02));
#14841 = LINE('',#14842,#14843);
#14842 = CARTESIAN_POINT('',(61.49152538838,-70.37273224529,1.E-02));
#14843 = VECTOR('',#14844,1.);
#14844 = DIRECTION('',(0.559750389474,0.828661270655,0.));
#14845 = ORIENTED_EDGE('',*,*,#14846,.F.);
#14846 = EDGE_CURVE('',#14830,#14839,#14847,.T.);
#14847 = LINE('',#14848,#14849);
#14848 = CARTESIAN_POINT('',(61.49152538838,-70.37273224529,0.));
#14849 = VECTOR('',#14850,1.);
#14850 = DIRECTION('',(0.,0.,1.));
#14851 = PLANE('',#14852);
#14852 = AXIS2_PLACEMENT_3D('',#14853,#14854,#14855);
#14853 = CARTESIAN_POINT('',(61.49152538838,-70.37273224529,0.));
#14854 = DIRECTION('',(0.828661270655,-0.559750389474,0.));
#14855 = DIRECTION('',(0.559750389474,0.828661270655,0.));
#14856 = ADVANCED_FACE('',(#14857),#14882,.T.);
#14857 = FACE_BOUND('',#14858,.T.);
#14858 = EDGE_LOOP('',(#14859,#14867,#14868,#14876));
#14859 = ORIENTED_EDGE('',*,*,#14860,.T.);
#14860 = EDGE_CURVE('',#14861,#14830,#14863,.T.);
#14861 = VERTEX_POINT('',#14862);
#14862 = CARTESIAN_POINT('',(61.48841388838,-70.37609596729,0.));
#14863 = LINE('',#14864,#14865);
#14864 = CARTESIAN_POINT('',(61.48841388838,-70.37609596729,0.));
#14865 = VECTOR('',#14866,1.);
#14866 = DIRECTION('',(0.679048702948,0.734093222298,0.));
#14867 = ORIENTED_EDGE('',*,*,#14846,.T.);
#14868 = ORIENTED_EDGE('',*,*,#14869,.F.);
#14869 = EDGE_CURVE('',#14870,#14839,#14872,.T.);
#14870 = VERTEX_POINT('',#14871);
#14871 = CARTESIAN_POINT('',(61.48841388838,-70.37609596729,1.E-02));
#14872 = LINE('',#14873,#14874);
#14873 = CARTESIAN_POINT('',(61.48841388838,-70.37609596729,1.E-02));
#14874 = VECTOR('',#14875,1.);
#14875 = DIRECTION('',(0.679048702948,0.734093222298,0.));
#14876 = ORIENTED_EDGE('',*,*,#14877,.F.);
#14877 = EDGE_CURVE('',#14861,#14870,#14878,.T.);
#14878 = LINE('',#14879,#14880);
#14879 = CARTESIAN_POINT('',(61.48841388838,-70.37609596729,0.));
#14880 = VECTOR('',#14881,1.);
#14881 = DIRECTION('',(0.,0.,1.));
#14882 = PLANE('',#14883);
#14883 = AXIS2_PLACEMENT_3D('',#14884,#14885,#14886);
#14884 = CARTESIAN_POINT('',(61.48841388838,-70.37609596729,0.));
#14885 = DIRECTION('',(0.734093222298,-0.679048702948,0.));
#14886 = DIRECTION('',(0.679048702948,0.734093222298,0.));
#14887 = ADVANCED_FACE('',(#14888),#14913,.T.);
#14888 = FACE_BOUND('',#14889,.T.);
#14889 = EDGE_LOOP('',(#14890,#14898,#14899,#14907));
#14890 = ORIENTED_EDGE('',*,*,#14891,.T.);
#14891 = EDGE_CURVE('',#14892,#14861,#14894,.T.);
#14892 = VERTEX_POINT('',#14893);
#14893 = CARTESIAN_POINT('',(61.48538087438,-70.37860548729,0.));
#14894 = LINE('',#14895,#14896);
#14895 = CARTESIAN_POINT('',(61.48538087438,-70.37860548729,0.));
#14896 = VECTOR('',#14897,1.);
#14897 = DIRECTION('',(0.770464257703,0.637483197897,0.));
#14898 = ORIENTED_EDGE('',*,*,#14877,.T.);
#14899 = ORIENTED_EDGE('',*,*,#14900,.F.);
#14900 = EDGE_CURVE('',#14901,#14870,#14903,.T.);
#14901 = VERTEX_POINT('',#14902);
#14902 = CARTESIAN_POINT('',(61.48538087438,-70.37860548729,1.E-02));
#14903 = LINE('',#14904,#14905);
#14904 = CARTESIAN_POINT('',(61.48538087438,-70.37860548729,1.E-02));
#14905 = VECTOR('',#14906,1.);
#14906 = DIRECTION('',(0.770464257703,0.637483197897,0.));
#14907 = ORIENTED_EDGE('',*,*,#14908,.F.);
#14908 = EDGE_CURVE('',#14892,#14901,#14909,.T.);
#14909 = LINE('',#14910,#14911);
#14910 = CARTESIAN_POINT('',(61.48538087438,-70.37860548729,0.));
#14911 = VECTOR('',#14912,1.);
#14912 = DIRECTION('',(0.,0.,1.));
#14913 = PLANE('',#14914);
#14914 = AXIS2_PLACEMENT_3D('',#14915,#14916,#14917);
#14915 = CARTESIAN_POINT('',(61.48538087438,-70.37860548729,0.));
#14916 = DIRECTION('',(0.637483197897,-0.770464257703,0.));
#14917 = DIRECTION('',(0.770464257703,0.637483197897,0.));
#14918 = ADVANCED_FACE('',(#14919),#14944,.T.);
#14919 = FACE_BOUND('',#14920,.T.);
#14920 = EDGE_LOOP('',(#14921,#14929,#14930,#14938));
#14921 = ORIENTED_EDGE('',*,*,#14922,.T.);
#14922 = EDGE_CURVE('',#14923,#14892,#14925,.T.);
#14923 = VERTEX_POINT('',#14924);
#14924 = CARTESIAN_POINT('',(61.48429502438,-70.37932862529,0.));
#14925 = LINE('',#14926,#14927);
#14926 = CARTESIAN_POINT('',(61.48429502438,-70.37932862529,0.));
#14927 = VECTOR('',#14928,1.);
#14928 = DIRECTION('',(0.832319773334,0.554295764837,0.));
#14929 = ORIENTED_EDGE('',*,*,#14908,.T.);
#14930 = ORIENTED_EDGE('',*,*,#14931,.F.);
#14931 = EDGE_CURVE('',#14932,#14901,#14934,.T.);
#14932 = VERTEX_POINT('',#14933);
#14933 = CARTESIAN_POINT('',(61.48429502438,-70.37932862529,1.E-02));
#14934 = LINE('',#14935,#14936);
#14935 = CARTESIAN_POINT('',(61.48429502438,-70.37932862529,1.E-02));
#14936 = VECTOR('',#14937,1.);
#14937 = DIRECTION('',(0.832319773334,0.554295764837,0.));
#14938 = ORIENTED_EDGE('',*,*,#14939,.F.);
#14939 = EDGE_CURVE('',#14923,#14932,#14940,.T.);
#14940 = LINE('',#14941,#14942);
#14941 = CARTESIAN_POINT('',(61.48429502438,-70.37932862529,0.));
#14942 = VECTOR('',#14943,1.);
#14943 = DIRECTION('',(0.,0.,1.));
#14944 = PLANE('',#14945);
#14945 = AXIS2_PLACEMENT_3D('',#14946,#14947,#14948);
#14946 = CARTESIAN_POINT('',(61.48429502438,-70.37932862529,0.));
#14947 = DIRECTION('',(0.554295764837,-0.832319773334,0.));
#14948 = DIRECTION('',(0.832319773334,0.554295764837,0.));
#14949 = ADVANCED_FACE('',(#14950),#14975,.T.);
#14950 = FACE_BOUND('',#14951,.T.);
#14951 = EDGE_LOOP('',(#14952,#14960,#14961,#14969));
#14952 = ORIENTED_EDGE('',*,*,#14953,.T.);
#14953 = EDGE_CURVE('',#14954,#14923,#14956,.T.);
#14954 = VERTEX_POINT('',#14955);
#14955 = CARTESIAN_POINT('',(61.52485069638,-70.41972173729,0.));
#14956 = LINE('',#14957,#14958);
#14957 = CARTESIAN_POINT('',(61.52485069638,-70.41972173729,0.));
#14958 = VECTOR('',#14959,1.);
#14959 = DIRECTION('',(-0.70852535258,0.705685358181,0.));
#14960 = ORIENTED_EDGE('',*,*,#14939,.T.);
#14961 = ORIENTED_EDGE('',*,*,#14962,.F.);
#14962 = EDGE_CURVE('',#14963,#14932,#14965,.T.);
#14963 = VERTEX_POINT('',#14964);
#14964 = CARTESIAN_POINT('',(61.52485069638,-70.41972173729,1.E-02));
#14965 = LINE('',#14966,#14967);
#14966 = CARTESIAN_POINT('',(61.52485069638,-70.41972173729,1.E-02));
#14967 = VECTOR('',#14968,1.);
#14968 = DIRECTION('',(-0.70852535258,0.705685358181,0.));
#14969 = ORIENTED_EDGE('',*,*,#14970,.F.);
#14970 = EDGE_CURVE('',#14954,#14963,#14971,.T.);
#14971 = LINE('',#14972,#14973);
#14972 = CARTESIAN_POINT('',(61.52485069638,-70.41972173729,0.));
#14973 = VECTOR('',#14974,1.);
#14974 = DIRECTION('',(0.,0.,1.));
#14975 = PLANE('',#14976);
#14976 = AXIS2_PLACEMENT_3D('',#14977,#14978,#14979);
#14977 = CARTESIAN_POINT('',(61.52485069638,-70.41972173729,0.));
#14978 = DIRECTION('',(0.705685358181,0.70852535258,0.));
#14979 = DIRECTION('',(-0.70852535258,0.705685358181,0.));
#14980 = ADVANCED_FACE('',(#14981),#15006,.T.);
#14981 = FACE_BOUND('',#14982,.T.);
#14982 = EDGE_LOOP('',(#14983,#14991,#14992,#15000));
#14983 = ORIENTED_EDGE('',*,*,#14984,.T.);
#14984 = EDGE_CURVE('',#14985,#14954,#14987,.T.);
#14985 = VERTEX_POINT('',#14986);
#14986 = CARTESIAN_POINT('',(61.57114651438,-70.41972173729,0.));
#14987 = LINE('',#14988,#14989);
#14988 = CARTESIAN_POINT('',(61.57114651438,-70.41972173729,0.));
#14989 = VECTOR('',#14990,1.);
#14990 = DIRECTION('',(-1.,0.,0.));
#14991 = ORIENTED_EDGE('',*,*,#14970,.T.);
#14992 = ORIENTED_EDGE('',*,*,#14993,.F.);
#14993 = EDGE_CURVE('',#14994,#14963,#14996,.T.);
#14994 = VERTEX_POINT('',#14995);
#14995 = CARTESIAN_POINT('',(61.57114651438,-70.41972173729,1.E-02));
#14996 = LINE('',#14997,#14998);
#14997 = CARTESIAN_POINT('',(61.57114651438,-70.41972173729,1.E-02));
#14998 = VECTOR('',#14999,1.);
#14999 = DIRECTION('',(-1.,0.,0.));
#15000 = ORIENTED_EDGE('',*,*,#15001,.F.);
#15001 = EDGE_CURVE('',#14985,#14994,#15002,.T.);
#15002 = LINE('',#15003,#15004);
#15003 = CARTESIAN_POINT('',(61.57114651438,-70.41972173729,0.));
#15004 = VECTOR('',#15005,1.);
#15005 = DIRECTION('',(0.,0.,1.));
#15006 = PLANE('',#15007);
#15007 = AXIS2_PLACEMENT_3D('',#15008,#15009,#15010);
#15008 = CARTESIAN_POINT('',(61.57114651438,-70.41972173729,0.));
#15009 = DIRECTION('',(0.,1.,0.));
#15010 = DIRECTION('',(-1.,0.,0.));
#15011 = ADVANCED_FACE('',(#15012),#15037,.T.);
#15012 = FACE_BOUND('',#15013,.T.);
#15013 = EDGE_LOOP('',(#15014,#15022,#15023,#15031));
#15014 = ORIENTED_EDGE('',*,*,#15015,.T.);
#15015 = EDGE_CURVE('',#15016,#14985,#15018,.T.);
#15016 = VERTEX_POINT('',#15017);
#15017 = CARTESIAN_POINT('',(61.57114651438,-70.38452698929,0.));
#15018 = LINE('',#15019,#15020);
#15019 = CARTESIAN_POINT('',(61.57114651438,-70.38452698929,0.));
#15020 = VECTOR('',#15021,1.);
#15021 = DIRECTION('',(0.,-1.,0.));
#15022 = ORIENTED_EDGE('',*,*,#15001,.T.);
#15023 = ORIENTED_EDGE('',*,*,#15024,.F.);
#15024 = EDGE_CURVE('',#15025,#14994,#15027,.T.);
#15025 = VERTEX_POINT('',#15026);
#15026 = CARTESIAN_POINT('',(61.57114651438,-70.38452698929,1.E-02));
#15027 = LINE('',#15028,#15029);
#15028 = CARTESIAN_POINT('',(61.57114651438,-70.38452698929,1.E-02));
#15029 = VECTOR('',#15030,1.);
#15030 = DIRECTION('',(0.,-1.,0.));
#15031 = ORIENTED_EDGE('',*,*,#15032,.F.);
#15032 = EDGE_CURVE('',#15016,#15025,#15033,.T.);
#15033 = LINE('',#15034,#15035);
#15034 = CARTESIAN_POINT('',(61.57114651438,-70.38452698929,0.));
#15035 = VECTOR('',#15036,1.);
#15036 = DIRECTION('',(0.,0.,1.));
#15037 = PLANE('',#15038);
#15038 = AXIS2_PLACEMENT_3D('',#15039,#15040,#15041);
#15039 = CARTESIAN_POINT('',(61.57114651438,-70.38452698929,0.));
#15040 = DIRECTION('',(-1.,0.,0.));
#15041 = DIRECTION('',(0.,-1.,0.));
#15042 = ADVANCED_FACE('',(#15043),#15068,.T.);
#15043 = FACE_BOUND('',#15044,.T.);
#15044 = EDGE_LOOP('',(#15045,#15053,#15054,#15062));
#15045 = ORIENTED_EDGE('',*,*,#15046,.T.);
#15046 = EDGE_CURVE('',#15047,#15016,#15049,.T.);
#15047 = VERTEX_POINT('',#15048);
#15048 = CARTESIAN_POINT('',(61.54165178038,-70.38452698929,0.));
#15049 = LINE('',#15050,#15051);
#15050 = CARTESIAN_POINT('',(61.54165178038,-70.38452698929,0.));
#15051 = VECTOR('',#15052,1.);
#15052 = DIRECTION('',(1.,0.,0.));
#15053 = ORIENTED_EDGE('',*,*,#15032,.T.);
#15054 = ORIENTED_EDGE('',*,*,#15055,.F.);
#15055 = EDGE_CURVE('',#15056,#15025,#15058,.T.);
#15056 = VERTEX_POINT('',#15057);
#15057 = CARTESIAN_POINT('',(61.54165178038,-70.38452698929,1.E-02));
#15058 = LINE('',#15059,#15060);
#15059 = CARTESIAN_POINT('',(61.54165178038,-70.38452698929,1.E-02));
#15060 = VECTOR('',#15061,1.);
#15061 = DIRECTION('',(1.,0.,0.));
#15062 = ORIENTED_EDGE('',*,*,#15063,.F.);
#15063 = EDGE_CURVE('',#15047,#15056,#15064,.T.);
#15064 = LINE('',#15065,#15066);
#15065 = CARTESIAN_POINT('',(61.54165178038,-70.38452698929,0.));
#15066 = VECTOR('',#15067,1.);
#15067 = DIRECTION('',(0.,0.,1.));
#15068 = PLANE('',#15069);
#15069 = AXIS2_PLACEMENT_3D('',#15070,#15071,#15072);
#15070 = CARTESIAN_POINT('',(61.54165178038,-70.38452698929,0.));
#15071 = DIRECTION('',(0.,-1.,0.));
#15072 = DIRECTION('',(1.,0.,0.));
#15073 = ADVANCED_FACE('',(#15074),#15099,.T.);
#15074 = FACE_BOUND('',#15075,.T.);
#15075 = EDGE_LOOP('',(#15076,#15084,#15085,#15093));
#15076 = ORIENTED_EDGE('',*,*,#15077,.T.);
#15077 = EDGE_CURVE('',#15078,#15047,#15080,.T.);
#15078 = VERTEX_POINT('',#15079);
#15079 = CARTESIAN_POINT('',(61.53788394438,-70.38393288329,0.));
#15080 = LINE('',#15081,#15082);
#15081 = CARTESIAN_POINT('',(61.53788394438,-70.38393288329,0.));
#15082 = VECTOR('',#15083,1.);
#15083 = DIRECTION('',(0.987795878353,-0.155753981355,0.));
#15084 = ORIENTED_EDGE('',*,*,#15063,.T.);
#15085 = ORIENTED_EDGE('',*,*,#15086,.F.);
#15086 = EDGE_CURVE('',#15087,#15056,#15089,.T.);
#15087 = VERTEX_POINT('',#15088);
#15088 = CARTESIAN_POINT('',(61.53788394438,-70.38393288329,1.E-02));
#15089 = LINE('',#15090,#15091);
#15090 = CARTESIAN_POINT('',(61.53788394438,-70.38393288329,1.E-02));
#15091 = VECTOR('',#15092,1.);
#15092 = DIRECTION('',(0.987795878353,-0.155753981355,0.));
#15093 = ORIENTED_EDGE('',*,*,#15094,.F.);
#15094 = EDGE_CURVE('',#15078,#15087,#15095,.T.);
#15095 = LINE('',#15096,#15097);
#15096 = CARTESIAN_POINT('',(61.53788394438,-70.38393288329,0.));
#15097 = VECTOR('',#15098,1.);
#15098 = DIRECTION('',(0.,0.,1.));
#15099 = PLANE('',#15100);
#15100 = AXIS2_PLACEMENT_3D('',#15101,#15102,#15103);
#15101 = CARTESIAN_POINT('',(61.53788394438,-70.38393288329,0.));
#15102 = DIRECTION('',(-0.155753981355,-0.987795878353,0.));
#15103 = DIRECTION('',(0.987795878353,-0.155753981355,0.));
#15104 = ADVANCED_FACE('',(#15105),#15130,.T.);
#15105 = FACE_BOUND('',#15106,.T.);
#15106 = EDGE_LOOP('',(#15107,#15115,#15116,#15124));
#15107 = ORIENTED_EDGE('',*,*,#15108,.T.);
#15108 = EDGE_CURVE('',#15109,#15078,#15111,.T.);
#15109 = VERTEX_POINT('',#15110);
#15110 = CARTESIAN_POINT('',(61.53313236638,-70.38226410329,0.));
#15111 = LINE('',#15112,#15113);
#15112 = CARTESIAN_POINT('',(61.53313236638,-70.38226410329,0.));
#15113 = VECTOR('',#15114,1.);
#15114 = DIRECTION('',(0.943503189074,-0.331363444283,0.));
#15115 = ORIENTED_EDGE('',*,*,#15094,.T.);
#15116 = ORIENTED_EDGE('',*,*,#15117,.F.);
#15117 = EDGE_CURVE('',#15118,#15087,#15120,.T.);
#15118 = VERTEX_POINT('',#15119);
#15119 = CARTESIAN_POINT('',(61.53313236638,-70.38226410329,1.E-02));
#15120 = LINE('',#15121,#15122);
#15121 = CARTESIAN_POINT('',(61.53313236638,-70.38226410329,1.E-02));
#15122 = VECTOR('',#15123,1.);
#15123 = DIRECTION('',(0.943503189074,-0.331363444283,0.));
#15124 = ORIENTED_EDGE('',*,*,#15125,.F.);
#15125 = EDGE_CURVE('',#15109,#15118,#15126,.T.);
#15126 = LINE('',#15127,#15128);
#15127 = CARTESIAN_POINT('',(61.53313236638,-70.38226410329,0.));
#15128 = VECTOR('',#15129,1.);
#15129 = DIRECTION('',(0.,0.,1.));
#15130 = PLANE('',#15131);
#15131 = AXIS2_PLACEMENT_3D('',#15132,#15133,#15134);
#15132 = CARTESIAN_POINT('',(61.53313236638,-70.38226410329,0.));
#15133 = DIRECTION('',(-0.331363444283,-0.943503189074,0.));
#15134 = DIRECTION('',(0.943503189074,-0.331363444283,0.));
#15135 = ADVANCED_FACE('',(#15136),#15161,.T.);
#15136 = FACE_BOUND('',#15137,.T.);
#15137 = EDGE_LOOP('',(#15138,#15146,#15147,#15155));
#15138 = ORIENTED_EDGE('',*,*,#15139,.T.);
#15139 = EDGE_CURVE('',#15140,#15109,#15142,.T.);
#15140 = VERTEX_POINT('',#15141);
#15141 = CARTESIAN_POINT('',(61.52877677438,-70.37969133729,0.));
#15142 = LINE('',#15143,#15144);
#15143 = CARTESIAN_POINT('',(61.52877677438,-70.37969133729,0.));
#15144 = VECTOR('',#15145,1.);
#15145 = DIRECTION('',(0.861012481501,-0.508583824654,0.));
#15146 = ORIENTED_EDGE('',*,*,#15125,.T.);
#15147 = ORIENTED_EDGE('',*,*,#15148,.F.);
#15148 = EDGE_CURVE('',#15149,#15118,#15151,.T.);
#15149 = VERTEX_POINT('',#15150);
#15150 = CARTESIAN_POINT('',(61.52877677438,-70.37969133729,1.E-02));
#15151 = LINE('',#15152,#15153);
#15152 = CARTESIAN_POINT('',(61.52877677438,-70.37969133729,1.E-02));
#15153 = VECTOR('',#15154,1.);
#15154 = DIRECTION('',(0.861012481501,-0.508583824654,0.));
#15155 = ORIENTED_EDGE('',*,*,#15156,.F.);
#15156 = EDGE_CURVE('',#15140,#15149,#15157,.T.);
#15157 = LINE('',#15158,#15159);
#15158 = CARTESIAN_POINT('',(61.52877677438,-70.37969133729,0.));
#15159 = VECTOR('',#15160,1.);
#15160 = DIRECTION('',(0.,0.,1.));
#15161 = PLANE('',#15162);
#15162 = AXIS2_PLACEMENT_3D('',#15163,#15164,#15165);
#15163 = CARTESIAN_POINT('',(61.52877677438,-70.37969133729,0.));
#15164 = DIRECTION('',(-0.508583824654,-0.861012481501,0.));
#15165 = DIRECTION('',(0.861012481501,-0.508583824654,0.));
#15166 = ADVANCED_FACE('',(#15167),#15192,.T.);
#15167 = FACE_BOUND('',#15168,.T.);
#15168 = EDGE_LOOP('',(#15169,#15177,#15178,#15186));
#15169 = ORIENTED_EDGE('',*,*,#15170,.T.);
#15170 = EDGE_CURVE('',#15171,#15140,#15173,.T.);
#15171 = VERTEX_POINT('',#15172);
#15172 = CARTESIAN_POINT('',(61.52493731038,-70.37638552729,0.));
#15173 = LINE('',#15174,#15175);
#15174 = CARTESIAN_POINT('',(61.52493731038,-70.37638552729,0.));
#15175 = VECTOR('',#15176,1.);
#15176 = DIRECTION('',(0.757807361304,-0.652478354548,0.));
#15177 = ORIENTED_EDGE('',*,*,#15156,.T.);
#15178 = ORIENTED_EDGE('',*,*,#15179,.F.);
#15179 = EDGE_CURVE('',#15180,#15149,#15182,.T.);
#15180 = VERTEX_POINT('',#15181);
#15181 = CARTESIAN_POINT('',(61.52493731038,-70.37638552729,1.E-02));
#15182 = LINE('',#15183,#15184);
#15183 = CARTESIAN_POINT('',(61.52493731038,-70.37638552729,1.E-02));
#15184 = VECTOR('',#15185,1.);
#15185 = DIRECTION('',(0.757807361304,-0.652478354548,0.));
#15186 = ORIENTED_EDGE('',*,*,#15187,.F.);
#15187 = EDGE_CURVE('',#15171,#15180,#15188,.T.);
#15188 = LINE('',#15189,#15190);
#15189 = CARTESIAN_POINT('',(61.52493731038,-70.37638552729,0.));
#15190 = VECTOR('',#15191,1.);
#15191 = DIRECTION('',(0.,0.,1.));
#15192 = PLANE('',#15193);
#15193 = AXIS2_PLACEMENT_3D('',#15194,#15195,#15196);
#15194 = CARTESIAN_POINT('',(61.52493731038,-70.37638552729,0.));
#15195 = DIRECTION('',(-0.652478354548,-0.757807361304,0.));
#15196 = DIRECTION('',(0.757807361304,-0.652478354548,0.));
#15197 = ADVANCED_FACE('',(#15198),#15223,.T.);
#15198 = FACE_BOUND('',#15199,.T.);
#15199 = EDGE_LOOP('',(#15200,#15208,#15209,#15217));
#15200 = ORIENTED_EDGE('',*,*,#15201,.T.);
#15201 = EDGE_CURVE('',#15202,#15171,#15204,.T.);
#15202 = VERTEX_POINT('',#15203);
#15203 = CARTESIAN_POINT('',(61.52173767238,-70.37251456729,0.));
#15204 = LINE('',#15205,#15206);
#15205 = CARTESIAN_POINT('',(61.52173767238,-70.37251456729,0.));
#15206 = VECTOR('',#15207,1.);
#15207 = DIRECTION('',(0.637104920358,-0.770777088694,0.));
#15208 = ORIENTED_EDGE('',*,*,#15187,.T.);
#15209 = ORIENTED_EDGE('',*,*,#15210,.F.);
#15210 = EDGE_CURVE('',#15211,#15180,#15213,.T.);
#15211 = VERTEX_POINT('',#15212);
#15212 = CARTESIAN_POINT('',(61.52173767238,-70.37251456729,1.E-02));
#15213 = LINE('',#15214,#15215);
#15214 = CARTESIAN_POINT('',(61.52173767238,-70.37251456729,1.E-02));
#15215 = VECTOR('',#15216,1.);
#15216 = DIRECTION('',(0.637104920358,-0.770777088694,0.));
#15217 = ORIENTED_EDGE('',*,*,#15218,.F.);
#15218 = EDGE_CURVE('',#15202,#15211,#15219,.T.);
#15219 = LINE('',#15220,#15221);
#15220 = CARTESIAN_POINT('',(61.52173767238,-70.37251456729,0.));
#15221 = VECTOR('',#15222,1.);
#15222 = DIRECTION('',(0.,0.,1.));
#15223 = PLANE('',#15224);
#15224 = AXIS2_PLACEMENT_3D('',#15225,#15226,#15227);
#15225 = CARTESIAN_POINT('',(61.52173767238,-70.37251456729,0.));
#15226 = DIRECTION('',(-0.770777088694,-0.637104920358,0.));
#15227 = DIRECTION('',(0.637104920358,-0.770777088694,0.));
#15228 = ADVANCED_FACE('',(#15229),#15254,.T.);
#15229 = FACE_BOUND('',#15230,.T.);
#15230 = EDGE_LOOP('',(#15231,#15239,#15240,#15248));
#15231 = ORIENTED_EDGE('',*,*,#15232,.T.);
#15232 = EDGE_CURVE('',#15233,#15202,#15235,.T.);
#15233 = VERTEX_POINT('',#15234);
#15234 = CARTESIAN_POINT('',(61.51930105038,-70.36824939929,0.));
#15235 = LINE('',#15236,#15237);
#15236 = CARTESIAN_POINT('',(61.51930105038,-70.36824939929,0.));
#15237 = VECTOR('',#15238,1.);
#15238 = DIRECTION('',(0.496044268195,-0.868297232514,0.));
#15239 = ORIENTED_EDGE('',*,*,#15218,.T.);
#15240 = ORIENTED_EDGE('',*,*,#15241,.F.);
#15241 = EDGE_CURVE('',#15242,#15211,#15244,.T.);
#15242 = VERTEX_POINT('',#15243);
#15243 = CARTESIAN_POINT('',(61.51930105038,-70.36824939929,1.E-02));
#15244 = LINE('',#15245,#15246);
#15245 = CARTESIAN_POINT('',(61.51930105038,-70.36824939929,1.E-02));
#15246 = VECTOR('',#15247,1.);
#15247 = DIRECTION('',(0.496044268195,-0.868297232514,0.));
#15248 = ORIENTED_EDGE('',*,*,#15249,.F.);
#15249 = EDGE_CURVE('',#15233,#15242,#15250,.T.);
#15250 = LINE('',#15251,#15252);
#15251 = CARTESIAN_POINT('',(61.51930105038,-70.36824939929,0.));
#15252 = VECTOR('',#15253,1.);
#15253 = DIRECTION('',(0.,0.,1.));
#15254 = PLANE('',#15255);
#15255 = AXIS2_PLACEMENT_3D('',#15256,#15257,#15258);
#15256 = CARTESIAN_POINT('',(61.51930105038,-70.36824939929,0.));
#15257 = DIRECTION('',(-0.868297232514,-0.496044268195,0.));
#15258 = DIRECTION('',(0.496044268195,-0.868297232514,0.));
#15259 = ADVANCED_FACE('',(#15260),#15285,.T.);
#15260 = FACE_BOUND('',#15261,.T.);
#15261 = EDGE_LOOP('',(#15262,#15270,#15271,#15279));
#15262 = ORIENTED_EDGE('',*,*,#15263,.T.);
#15263 = EDGE_CURVE('',#15264,#15233,#15266,.T.);
#15264 = VERTEX_POINT('',#15265);
#15265 = CARTESIAN_POINT('',(61.51774961838,-70.36375994929,0.));
#15266 = LINE('',#15267,#15268);
#15267 = CARTESIAN_POINT('',(61.51774961838,-70.36375994929,0.));
#15268 = VECTOR('',#15269,1.);
#15269 = DIRECTION('',(0.326620139937,-0.945155693094,0.));
#15270 = ORIENTED_EDGE('',*,*,#15249,.T.);
#15271 = ORIENTED_EDGE('',*,*,#15272,.F.);
#15272 = EDGE_CURVE('',#15273,#15242,#15275,.T.);
#15273 = VERTEX_POINT('',#15274);
#15274 = CARTESIAN_POINT('',(61.51774961838,-70.36375994929,1.E-02));
#15275 = LINE('',#15276,#15277);
#15276 = CARTESIAN_POINT('',(61.51774961838,-70.36375994929,1.E-02));
#15277 = VECTOR('',#15278,1.);
#15278 = DIRECTION('',(0.326620139937,-0.945155693094,0.));
#15279 = ORIENTED_EDGE('',*,*,#15280,.F.);
#15280 = EDGE_CURVE('',#15264,#15273,#15281,.T.);
#15281 = LINE('',#15282,#15283);
#15282 = CARTESIAN_POINT('',(61.51774961838,-70.36375994929,0.));
#15283 = VECTOR('',#15284,1.);
#15284 = DIRECTION('',(0.,0.,1.));
#15285 = PLANE('',#15286);
#15286 = AXIS2_PLACEMENT_3D('',#15287,#15288,#15289);
#15287 = CARTESIAN_POINT('',(61.51774961838,-70.36375994929,0.));
#15288 = DIRECTION('',(-0.945155693094,-0.326620139937,0.));
#15289 = DIRECTION('',(0.326620139937,-0.945155693094,0.));
#15290 = ADVANCED_FACE('',(#15291),#15316,.T.);
#15291 = FACE_BOUND('',#15292,.T.);
#15292 = EDGE_LOOP('',(#15293,#15301,#15302,#15310));
#15293 = ORIENTED_EDGE('',*,*,#15294,.T.);
#15294 = EDGE_CURVE('',#15295,#15264,#15297,.T.);
#15295 = VERTEX_POINT('',#15296);
#15296 = CARTESIAN_POINT('',(61.51720529638,-70.36035304729,0.));
#15297 = LINE('',#15298,#15299);
#15298 = CARTESIAN_POINT('',(61.51720529638,-70.36035304729,0.));
#15299 = VECTOR('',#15300,1.);
#15300 = DIRECTION('',(0.157769404999,-0.987475981908,0.));
#15301 = ORIENTED_EDGE('',*,*,#15280,.T.);
#15302 = ORIENTED_EDGE('',*,*,#15303,.F.);
#15303 = EDGE_CURVE('',#15304,#15273,#15306,.T.);
#15304 = VERTEX_POINT('',#15305);
#15305 = CARTESIAN_POINT('',(61.51720529638,-70.36035304729,1.E-02));
#15306 = LINE('',#15307,#15308);
#15307 = CARTESIAN_POINT('',(61.51720529638,-70.36035304729,1.E-02));
#15308 = VECTOR('',#15309,1.);
#15309 = DIRECTION('',(0.157769404999,-0.987475981908,0.));
#15310 = ORIENTED_EDGE('',*,*,#15311,.F.);
#15311 = EDGE_CURVE('',#15295,#15304,#15312,.T.);
#15312 = LINE('',#15313,#15314);
#15313 = CARTESIAN_POINT('',(61.51720529638,-70.36035304729,0.));
#15314 = VECTOR('',#15315,1.);
#15315 = DIRECTION('',(0.,0.,1.));
#15316 = PLANE('',#15317);
#15317 = AXIS2_PLACEMENT_3D('',#15318,#15319,#15320);
#15318 = CARTESIAN_POINT('',(61.51720529638,-70.36035304729,0.));
#15319 = DIRECTION('',(-0.987475981908,-0.157769404999,0.));
#15320 = DIRECTION('',(0.157769404999,-0.987475981908,0.));
#15321 = ADVANCED_FACE('',(#15322),#15347,.T.);
#15322 = FACE_BOUND('',#15323,.T.);
#15323 = EDGE_LOOP('',(#15324,#15332,#15333,#15341));
#15324 = ORIENTED_EDGE('',*,*,#15325,.T.);
#15325 = EDGE_CURVE('',#15326,#15295,#15328,.T.);
#15326 = VERTEX_POINT('',#15327);
#15327 = CARTESIAN_POINT('',(61.51720529638,-70.32520097129,0.));
#15328 = LINE('',#15329,#15330);
#15329 = CARTESIAN_POINT('',(61.51720529638,-70.32520097129,0.));
#15330 = VECTOR('',#15331,1.);
#15331 = DIRECTION('',(0.,-1.,0.));
#15332 = ORIENTED_EDGE('',*,*,#15311,.T.);
#15333 = ORIENTED_EDGE('',*,*,#15334,.F.);
#15334 = EDGE_CURVE('',#15335,#15304,#15337,.T.);
#15335 = VERTEX_POINT('',#15336);
#15336 = CARTESIAN_POINT('',(61.51720529638,-70.32520097129,1.E-02));
#15337 = LINE('',#15338,#15339);
#15338 = CARTESIAN_POINT('',(61.51720529638,-70.32520097129,1.E-02));
#15339 = VECTOR('',#15340,1.);
#15340 = DIRECTION('',(0.,-1.,0.));
#15341 = ORIENTED_EDGE('',*,*,#15342,.F.);
#15342 = EDGE_CURVE('',#15326,#15335,#15343,.T.);
#15343 = LINE('',#15344,#15345);
#15344 = CARTESIAN_POINT('',(61.51720529638,-70.32520097129,0.));
#15345 = VECTOR('',#15346,1.);
#15346 = DIRECTION('',(0.,0.,1.));
#15347 = PLANE('',#15348);
#15348 = AXIS2_PLACEMENT_3D('',#15349,#15350,#15351);
#15349 = CARTESIAN_POINT('',(61.51720529638,-70.32520097129,0.));
#15350 = DIRECTION('',(-1.,0.,0.));
#15351 = DIRECTION('',(0.,-1.,0.));
#15352 = ADVANCED_FACE('',(#15353),#15378,.T.);
#15353 = FACE_BOUND('',#15354,.T.);
#15354 = EDGE_LOOP('',(#15355,#15363,#15364,#15372));
#15355 = ORIENTED_EDGE('',*,*,#15356,.T.);
#15356 = EDGE_CURVE('',#15357,#15326,#15359,.T.);
#15357 = VERTEX_POINT('',#15358);
#15358 = CARTESIAN_POINT('',(61.51793554638,-70.32149968329,0.));
#15359 = LINE('',#15360,#15361);
#15360 = CARTESIAN_POINT('',(61.51793554638,-70.32149968329,0.));
#15361 = VECTOR('',#15362,1.);
#15362 = DIRECTION('',(-0.193564818214,-0.981087489039,0.));
#15363 = ORIENTED_EDGE('',*,*,#15342,.T.);
#15364 = ORIENTED_EDGE('',*,*,#15365,.F.);
#15365 = EDGE_CURVE('',#15366,#15335,#15368,.T.);
#15366 = VERTEX_POINT('',#15367);
#15367 = CARTESIAN_POINT('',(61.51793554638,-70.32149968329,1.E-02));
#15368 = LINE('',#15369,#15370);
#15369 = CARTESIAN_POINT('',(61.51793554638,-70.32149968329,1.E-02));
#15370 = VECTOR('',#15371,1.);
#15371 = DIRECTION('',(-0.193564818214,-0.981087489039,0.));
#15372 = ORIENTED_EDGE('',*,*,#15373,.F.);
#15373 = EDGE_CURVE('',#15357,#15366,#15374,.T.);
#15374 = LINE('',#15375,#15376);
#15375 = CARTESIAN_POINT('',(61.51793554638,-70.32149968329,0.));
#15376 = VECTOR('',#15377,1.);
#15377 = DIRECTION('',(0.,0.,1.));
#15378 = PLANE('',#15379);
#15379 = AXIS2_PLACEMENT_3D('',#15380,#15381,#15382);
#15380 = CARTESIAN_POINT('',(61.51793554638,-70.32149968329,0.));
#15381 = DIRECTION('',(-0.981087489039,0.193564818214,0.));
#15382 = DIRECTION('',(-0.193564818214,-0.981087489039,0.));
#15383 = ADVANCED_FACE('',(#15384),#15409,.T.);
#15384 = FACE_BOUND('',#15385,.T.);
#15385 = EDGE_LOOP('',(#15386,#15394,#15395,#15403));
#15386 = ORIENTED_EDGE('',*,*,#15387,.T.);
#15387 = EDGE_CURVE('',#15388,#15357,#15390,.T.);
#15388 = VERTEX_POINT('',#15389);
#15389 = CARTESIAN_POINT('',(61.51993122438,-70.31689542529,0.));
#15390 = LINE('',#15391,#15392);
#15391 = CARTESIAN_POINT('',(61.51993122438,-70.31689542529,0.));
#15392 = VECTOR('',#15393,1.);
#15393 = DIRECTION('',(-0.397691243851,-0.917519304737,0.));
#15394 = ORIENTED_EDGE('',*,*,#15373,.T.);
#15395 = ORIENTED_EDGE('',*,*,#15396,.F.);
#15396 = EDGE_CURVE('',#15397,#15366,#15399,.T.);
#15397 = VERTEX_POINT('',#15398);
#15398 = CARTESIAN_POINT('',(61.51993122438,-70.31689542529,1.E-02));
#15399 = LINE('',#15400,#15401);
#15400 = CARTESIAN_POINT('',(61.51993122438,-70.31689542529,1.E-02));
#15401 = VECTOR('',#15402,1.);
#15402 = DIRECTION('',(-0.397691243851,-0.917519304737,0.));
#15403 = ORIENTED_EDGE('',*,*,#15404,.F.);
#15404 = EDGE_CURVE('',#15388,#15397,#15405,.T.);
#15405 = LINE('',#15406,#15407);
#15406 = CARTESIAN_POINT('',(61.51993122438,-70.31689542529,0.));
#15407 = VECTOR('',#15408,1.);
#15408 = DIRECTION('',(0.,0.,1.));
#15409 = PLANE('',#15410);
#15410 = AXIS2_PLACEMENT_3D('',#15411,#15412,#15413);
#15411 = CARTESIAN_POINT('',(61.51993122438,-70.31689542529,0.));
#15412 = DIRECTION('',(-0.917519304737,0.397691243851,0.));
#15413 = DIRECTION('',(-0.397691243851,-0.917519304737,0.));
#15414 = ADVANCED_FACE('',(#15415),#15440,.T.);
#15415 = FACE_BOUND('',#15416,.T.);
#15416 = EDGE_LOOP('',(#15417,#15425,#15426,#15434));
#15417 = ORIENTED_EDGE('',*,*,#15418,.T.);
#15418 = EDGE_CURVE('',#15419,#15388,#15421,.T.);
#15419 = VERTEX_POINT('',#15420);
#15420 = CARTESIAN_POINT('',(61.52289235638,-70.31272296729,0.));
#15421 = LINE('',#15422,#15423);
#15422 = CARTESIAN_POINT('',(61.52289235638,-70.31272296729,0.));
#15423 = VECTOR('',#15424,1.);
#15424 = DIRECTION('',(-0.578751266052,-0.815504121414,0.));
#15425 = ORIENTED_EDGE('',*,*,#15404,.T.);
#15426 = ORIENTED_EDGE('',*,*,#15427,.F.);
#15427 = EDGE_CURVE('',#15428,#15397,#15430,.T.);
#15428 = VERTEX_POINT('',#15429);
#15429 = CARTESIAN_POINT('',(61.52289235638,-70.31272296729,1.E-02));
#15430 = LINE('',#15431,#15432);
#15431 = CARTESIAN_POINT('',(61.52289235638,-70.31272296729,1.E-02));
#15432 = VECTOR('',#15433,1.);
#15433 = DIRECTION('',(-0.578751266052,-0.815504121414,0.));
#15434 = ORIENTED_EDGE('',*,*,#15435,.F.);
#15435 = EDGE_CURVE('',#15419,#15428,#15436,.T.);
#15436 = LINE('',#15437,#15438);
#15437 = CARTESIAN_POINT('',(61.52289235638,-70.31272296729,0.));
#15438 = VECTOR('',#15439,1.);
#15439 = DIRECTION('',(0.,0.,1.));
#15440 = PLANE('',#15441);
#15441 = AXIS2_PLACEMENT_3D('',#15442,#15443,#15444);
#15442 = CARTESIAN_POINT('',(61.52289235638,-70.31272296729,0.));
#15443 = DIRECTION('',(-0.815504121414,0.578751266052,0.));
#15444 = DIRECTION('',(-0.578751266052,-0.815504121414,0.));
#15445 = ADVANCED_FACE('',(#15446),#15471,.T.);
#15446 = FACE_BOUND('',#15447,.T.);
#15447 = EDGE_LOOP('',(#15448,#15456,#15457,#15465));
#15448 = ORIENTED_EDGE('',*,*,#15449,.T.);
#15449 = EDGE_CURVE('',#15450,#15419,#15452,.T.);
#15450 = VERTEX_POINT('',#15451);
#15451 = CARTESIAN_POINT('',(61.52652354038,-70.30908314729,0.));
#15452 = LINE('',#15453,#15454);
#15453 = CARTESIAN_POINT('',(61.52652354038,-70.30908314729,0.));
#15454 = VECTOR('',#15455,1.);
#15455 = DIRECTION('',(-0.70626643007,-0.707946134784,0.));
#15456 = ORIENTED_EDGE('',*,*,#15435,.T.);
#15457 = ORIENTED_EDGE('',*,*,#15458,.F.);
#15458 = EDGE_CURVE('',#15459,#15428,#15461,.T.);
#15459 = VERTEX_POINT('',#15460);
#15460 = CARTESIAN_POINT('',(61.52652354038,-70.30908314729,1.E-02));
#15461 = LINE('',#15462,#15463);
#15462 = CARTESIAN_POINT('',(61.52652354038,-70.30908314729,1.E-02));
#15463 = VECTOR('',#15464,1.);
#15464 = DIRECTION('',(-0.70626643007,-0.707946134784,0.));
#15465 = ORIENTED_EDGE('',*,*,#15466,.F.);
#15466 = EDGE_CURVE('',#15450,#15459,#15467,.T.);
#15467 = LINE('',#15468,#15469);
#15468 = CARTESIAN_POINT('',(61.52652354038,-70.30908314729,0.));
#15469 = VECTOR('',#15470,1.);
#15470 = DIRECTION('',(0.,0.,1.));
#15471 = PLANE('',#15472);
#15472 = AXIS2_PLACEMENT_3D('',#15473,#15474,#15475);
#15473 = CARTESIAN_POINT('',(61.52652354038,-70.30908314729,0.));
#15474 = DIRECTION('',(-0.707946134784,0.70626643007,0.));
#15475 = DIRECTION('',(-0.70626643007,-0.707946134784,0.));
#15476 = ADVANCED_FACE('',(#15477),#15502,.T.);
#15477 = FACE_BOUND('',#15478,.T.);
#15478 = EDGE_LOOP('',(#15479,#15487,#15488,#15496));
#15479 = ORIENTED_EDGE('',*,*,#15480,.T.);
#15480 = EDGE_CURVE('',#15481,#15450,#15483,.T.);
#15481 = VERTEX_POINT('',#15482);
#15482 = CARTESIAN_POINT('',(61.53052835838,-70.30607654929,0.));
#15483 = LINE('',#15484,#15485);
#15484 = CARTESIAN_POINT('',(61.53052835838,-70.30607654929,0.));
#15485 = VECTOR('',#15486,1.);
#15486 = DIRECTION('',(-0.799713844123,-0.600381351741,0.));
#15487 = ORIENTED_EDGE('',*,*,#15466,.T.);
#15488 = ORIENTED_EDGE('',*,*,#15489,.F.);
#15489 = EDGE_CURVE('',#15490,#15459,#15492,.T.);
#15490 = VERTEX_POINT('',#15491);
#15491 = CARTESIAN_POINT('',(61.53052835838,-70.30607654929,1.E-02));
#15492 = LINE('',#15493,#15494);
#15493 = CARTESIAN_POINT('',(61.53052835838,-70.30607654929,1.E-02));
#15494 = VECTOR('',#15495,1.);
#15495 = DIRECTION('',(-0.799713844123,-0.600381351741,0.));
#15496 = ORIENTED_EDGE('',*,*,#15497,.F.);
#15497 = EDGE_CURVE('',#15481,#15490,#15498,.T.);
#15498 = LINE('',#15499,#15500);
#15499 = CARTESIAN_POINT('',(61.53052835838,-70.30607654929,0.));
#15500 = VECTOR('',#15501,1.);
#15501 = DIRECTION('',(0.,0.,1.));
#15502 = PLANE('',#15503);
#15503 = AXIS2_PLACEMENT_3D('',#15504,#15505,#15506);
#15504 = CARTESIAN_POINT('',(61.53052835838,-70.30607654929,0.));
#15505 = DIRECTION('',(-0.600381351741,0.799713844123,0.));
#15506 = DIRECTION('',(-0.799713844123,-0.600381351741,0.));
#15507 = ADVANCED_FACE('',(#15508),#15533,.T.);
#15508 = FACE_BOUND('',#15509,.T.);
#15509 = EDGE_LOOP('',(#15510,#15518,#15519,#15527));
#15510 = ORIENTED_EDGE('',*,*,#15511,.T.);
#15511 = EDGE_CURVE('',#15512,#15481,#15514,.T.);
#15512 = VERTEX_POINT('',#15513);
#15513 = CARTESIAN_POINT('',(61.53460836038,-70.30380401129,0.));
#15514 = LINE('',#15515,#15516);
#15515 = CARTESIAN_POINT('',(61.53460836038,-70.30380401129,0.));
#15516 = VECTOR('',#15517,1.);
#15517 = DIRECTION('',(-0.873623137229,-0.486603138191,0.));
#15518 = ORIENTED_EDGE('',*,*,#15497,.T.);
#15519 = ORIENTED_EDGE('',*,*,#15520,.F.);
#15520 = EDGE_CURVE('',#15521,#15490,#15523,.T.);
#15521 = VERTEX_POINT('',#15522);
#15522 = CARTESIAN_POINT('',(61.53460836038,-70.30380401129,1.E-02));
#15523 = LINE('',#15524,#15525);
#15524 = CARTESIAN_POINT('',(61.53460836038,-70.30380401129,1.E-02));
#15525 = VECTOR('',#15526,1.);
#15526 = DIRECTION('',(-0.873623137229,-0.486603138191,0.));
#15527 = ORIENTED_EDGE('',*,*,#15528,.F.);
#15528 = EDGE_CURVE('',#15512,#15521,#15529,.T.);
#15529 = LINE('',#15530,#15531);
#15530 = CARTESIAN_POINT('',(61.53460836038,-70.30380401129,0.));
#15531 = VECTOR('',#15532,1.);
#15532 = DIRECTION('',(0.,0.,1.));
#15533 = PLANE('',#15534);
#15534 = AXIS2_PLACEMENT_3D('',#15535,#15536,#15537);
#15535 = CARTESIAN_POINT('',(61.53460836038,-70.30380401129,0.));
#15536 = DIRECTION('',(-0.486603138191,0.873623137229,0.));
#15537 = DIRECTION('',(-0.873623137229,-0.486603138191,0.));
#15538 = ADVANCED_FACE('',(#15539),#15564,.T.);
#15539 = FACE_BOUND('',#15540,.T.);
#15540 = EDGE_LOOP('',(#15541,#15549,#15550,#15558));
#15541 = ORIENTED_EDGE('',*,*,#15542,.T.);
#15542 = EDGE_CURVE('',#15543,#15512,#15545,.T.);
#15543 = VERTEX_POINT('',#15544);
#15544 = CARTESIAN_POINT('',(61.53846687438,-70.30236662529,0.));
#15545 = LINE('',#15546,#15547);
#15546 = CARTESIAN_POINT('',(61.53846687438,-70.30236662529,0.));
#15547 = VECTOR('',#15548,1.);
#15548 = DIRECTION('',(-0.937090028545,-0.349087780367,0.));
#15549 = ORIENTED_EDGE('',*,*,#15528,.T.);
#15550 = ORIENTED_EDGE('',*,*,#15551,.F.);
#15551 = EDGE_CURVE('',#15552,#15521,#15554,.T.);
#15552 = VERTEX_POINT('',#15553);
#15553 = CARTESIAN_POINT('',(61.53846687438,-70.30236662529,1.E-02));
#15554 = LINE('',#15555,#15556);
#15555 = CARTESIAN_POINT('',(61.53846687438,-70.30236662529,1.E-02));
#15556 = VECTOR('',#15557,1.);
#15557 = DIRECTION('',(-0.937090028545,-0.349087780367,0.));
#15558 = ORIENTED_EDGE('',*,*,#15559,.F.);
#15559 = EDGE_CURVE('',#15543,#15552,#15560,.T.);
#15560 = LINE('',#15561,#15562);
#15561 = CARTESIAN_POINT('',(61.53846687438,-70.30236662529,0.));
#15562 = VECTOR('',#15563,1.);
#15563 = DIRECTION('',(0.,0.,1.));
#15564 = PLANE('',#15565);
#15565 = AXIS2_PLACEMENT_3D('',#15566,#15567,#15568);
#15566 = CARTESIAN_POINT('',(61.53846687438,-70.30236662529,0.));
#15567 = DIRECTION('',(-0.349087780367,0.937090028545,0.));
#15568 = DIRECTION('',(-0.937090028545,-0.349087780367,0.));
#15569 = ADVANCED_FACE('',(#15570),#15586,.T.);
#15570 = FACE_BOUND('',#15571,.T.);
#15571 = EDGE_LOOP('',(#15572,#15578,#15579,#15585));
#15572 = ORIENTED_EDGE('',*,*,#15573,.T.);
#15573 = EDGE_CURVE('',#12591,#15543,#15574,.T.);
#15574 = LINE('',#15575,#15576);
#15575 = CARTESIAN_POINT('',(61.54097233038,-70.30186649929,0.));
#15576 = VECTOR('',#15577,1.);
#15577 = DIRECTION('',(-0.980653259586,-0.195752865788,0.));
#15578 = ORIENTED_EDGE('',*,*,#15559,.T.);
#15579 = ORIENTED_EDGE('',*,*,#15580,.F.);
#15580 = EDGE_CURVE('',#12599,#15552,#15581,.T.);
#15581 = LINE('',#15582,#15583);
#15582 = CARTESIAN_POINT('',(61.54097233038,-70.30186649929,1.E-02));
#15583 = VECTOR('',#15584,1.);
#15584 = DIRECTION('',(-0.980653259586,-0.195752865788,0.));
#15585 = ORIENTED_EDGE('',*,*,#12598,.F.);
#15586 = PLANE('',#15587);
#15587 = AXIS2_PLACEMENT_3D('',#15588,#15589,#15590);
#15588 = CARTESIAN_POINT('',(61.54097233038,-70.30186649929,0.));
#15589 = DIRECTION('',(-0.195752865788,0.980653259586,0.));
#15590 = DIRECTION('',(-0.980653259586,-0.195752865788,0.));
#15591 = ADVANCED_FACE('',(#15592),#15691,.T.);
#15592 = FACE_BOUND('',#15593,.T.);
#15593 = EDGE_LOOP('',(#15594,#15595,#15596,#15597,#15598,#15599,#15600,
    #15601,#15602,#15603,#15604,#15605,#15606,#15607,#15608,#15609,
    #15610,#15611,#15612,#15613,#15614,#15615,#15616,#15617,#15618,
    #15619,#15620,#15621,#15622,#15623,#15624,#15625,#15626,#15627,
    #15628,#15629,#15630,#15631,#15632,#15633,#15634,#15635,#15636,
    #15637,#15638,#15639,#15640,#15641,#15642,#15643,#15644,#15645,
    #15646,#15647,#15648,#15649,#15650,#15651,#15652,#15653,#15654,
    #15655,#15656,#15657,#15658,#15659,#15660,#15661,#15662,#15663,
    #15664,#15665,#15666,#15667,#15668,#15669,#15670,#15671,#15672,
    #15673,#15674,#15675,#15676,#15677,#15678,#15679,#15680,#15681,
    #15682,#15683,#15684,#15685,#15686,#15687,#15688,#15689,#15690));
#15594 = ORIENTED_EDGE('',*,*,#15580,.T.);
#15595 = ORIENTED_EDGE('',*,*,#15551,.T.);
#15596 = ORIENTED_EDGE('',*,*,#15520,.T.);
#15597 = ORIENTED_EDGE('',*,*,#15489,.T.);
#15598 = ORIENTED_EDGE('',*,*,#15458,.T.);
#15599 = ORIENTED_EDGE('',*,*,#15427,.T.);
#15600 = ORIENTED_EDGE('',*,*,#15396,.T.);
#15601 = ORIENTED_EDGE('',*,*,#15365,.T.);
#15602 = ORIENTED_EDGE('',*,*,#15334,.T.);
#15603 = ORIENTED_EDGE('',*,*,#15303,.T.);
#15604 = ORIENTED_EDGE('',*,*,#15272,.T.);
#15605 = ORIENTED_EDGE('',*,*,#15241,.T.);
#15606 = ORIENTED_EDGE('',*,*,#15210,.T.);
#15607 = ORIENTED_EDGE('',*,*,#15179,.T.);
#15608 = ORIENTED_EDGE('',*,*,#15148,.T.);
#15609 = ORIENTED_EDGE('',*,*,#15117,.T.);
#15610 = ORIENTED_EDGE('',*,*,#15086,.T.);
#15611 = ORIENTED_EDGE('',*,*,#15055,.T.);
#15612 = ORIENTED_EDGE('',*,*,#15024,.T.);
#15613 = ORIENTED_EDGE('',*,*,#14993,.T.);
#15614 = ORIENTED_EDGE('',*,*,#14962,.T.);
#15615 = ORIENTED_EDGE('',*,*,#14931,.T.);
#15616 = ORIENTED_EDGE('',*,*,#14900,.T.);
#15617 = ORIENTED_EDGE('',*,*,#14869,.T.);
#15618 = ORIENTED_EDGE('',*,*,#14838,.T.);
#15619 = ORIENTED_EDGE('',*,*,#14807,.T.);
#15620 = ORIENTED_EDGE('',*,*,#14776,.T.);
#15621 = ORIENTED_EDGE('',*,*,#14745,.T.);
#15622 = ORIENTED_EDGE('',*,*,#14714,.T.);
#15623 = ORIENTED_EDGE('',*,*,#14683,.T.);
#15624 = ORIENTED_EDGE('',*,*,#14652,.T.);
#15625 = ORIENTED_EDGE('',*,*,#14621,.T.);
#15626 = ORIENTED_EDGE('',*,*,#14590,.T.);
#15627 = ORIENTED_EDGE('',*,*,#14559,.T.);
#15628 = ORIENTED_EDGE('',*,*,#14528,.T.);
#15629 = ORIENTED_EDGE('',*,*,#14497,.T.);
#15630 = ORIENTED_EDGE('',*,*,#14466,.T.);
#15631 = ORIENTED_EDGE('',*,*,#14435,.T.);
#15632 = ORIENTED_EDGE('',*,*,#14404,.T.);
#15633 = ORIENTED_EDGE('',*,*,#14373,.T.);
#15634 = ORIENTED_EDGE('',*,*,#14342,.T.);
#15635 = ORIENTED_EDGE('',*,*,#14311,.T.);
#15636 = ORIENTED_EDGE('',*,*,#14280,.T.);
#15637 = ORIENTED_EDGE('',*,*,#14249,.T.);
#15638 = ORIENTED_EDGE('',*,*,#14218,.T.);
#15639 = ORIENTED_EDGE('',*,*,#14187,.T.);
#15640 = ORIENTED_EDGE('',*,*,#14156,.T.);
#15641 = ORIENTED_EDGE('',*,*,#14125,.T.);
#15642 = ORIENTED_EDGE('',*,*,#14094,.T.);
#15643 = ORIENTED_EDGE('',*,*,#14063,.T.);
#15644 = ORIENTED_EDGE('',*,*,#14032,.T.);
#15645 = ORIENTED_EDGE('',*,*,#14001,.T.);
#15646 = ORIENTED_EDGE('',*,*,#13970,.T.);
#15647 = ORIENTED_EDGE('',*,*,#13939,.T.);
#15648 = ORIENTED_EDGE('',*,*,#13908,.T.);
#15649 = ORIENTED_EDGE('',*,*,#13877,.T.);
#15650 = ORIENTED_EDGE('',*,*,#13846,.T.);
#15651 = ORIENTED_EDGE('',*,*,#13815,.T.);
#15652 = ORIENTED_EDGE('',*,*,#13784,.T.);
#15653 = ORIENTED_EDGE('',*,*,#13753,.T.);
#15654 = ORIENTED_EDGE('',*,*,#13722,.T.);
#15655 = ORIENTED_EDGE('',*,*,#13691,.T.);
#15656 = ORIENTED_EDGE('',*,*,#13660,.T.);
#15657 = ORIENTED_EDGE('',*,*,#13629,.T.);
#15658 = ORIENTED_EDGE('',*,*,#13598,.T.);
#15659 = ORIENTED_EDGE('',*,*,#13567,.T.);
#15660 = ORIENTED_EDGE('',*,*,#13536,.T.);
#15661 = ORIENTED_EDGE('',*,*,#13505,.T.);
#15662 = ORIENTED_EDGE('',*,*,#13474,.T.);
#15663 = ORIENTED_EDGE('',*,*,#13443,.T.);
#15664 = ORIENTED_EDGE('',*,*,#13412,.T.);
#15665 = ORIENTED_EDGE('',*,*,#13381,.T.);
#15666 = ORIENTED_EDGE('',*,*,#13350,.T.);
#15667 = ORIENTED_EDGE('',*,*,#13319,.T.);
#15668 = ORIENTED_EDGE('',*,*,#13288,.T.);
#15669 = ORIENTED_EDGE('',*,*,#13257,.T.);
#15670 = ORIENTED_EDGE('',*,*,#13226,.T.);
#15671 = ORIENTED_EDGE('',*,*,#13195,.T.);
#15672 = ORIENTED_EDGE('',*,*,#13164,.T.);
#15673 = ORIENTED_EDGE('',*,*,#13133,.T.);
#15674 = ORIENTED_EDGE('',*,*,#13102,.T.);
#15675 = ORIENTED_EDGE('',*,*,#13071,.T.);
#15676 = ORIENTED_EDGE('',*,*,#13040,.T.);
#15677 = ORIENTED_EDGE('',*,*,#13009,.T.);
#15678 = ORIENTED_EDGE('',*,*,#12978,.T.);
#15679 = ORIENTED_EDGE('',*,*,#12947,.T.);
#15680 = ORIENTED_EDGE('',*,*,#12916,.T.);
#15681 = ORIENTED_EDGE('',*,*,#12885,.T.);
#15682 = ORIENTED_EDGE('',*,*,#12854,.T.);
#15683 = ORIENTED_EDGE('',*,*,#12823,.T.);
#15684 = ORIENTED_EDGE('',*,*,#12792,.T.);
#15685 = ORIENTED_EDGE('',*,*,#12761,.T.);
#15686 = ORIENTED_EDGE('',*,*,#12730,.T.);
#15687 = ORIENTED_EDGE('',*,*,#12699,.T.);
#15688 = ORIENTED_EDGE('',*,*,#12668,.T.);
#15689 = ORIENTED_EDGE('',*,*,#12637,.T.);
#15690 = ORIENTED_EDGE('',*,*,#12606,.T.);
#15691 = PLANE('',#15692);
#15692 = AXIS2_PLACEMENT_3D('',#15693,#15694,#15695);
#15693 = CARTESIAN_POINT('',(61.461275193264,-70.37343437092,1.E-02));
#15694 = DIRECTION('',(0.,0.,1.));
#15695 = DIRECTION('',(1.,0.,-0.));
#15696 = ADVANCED_FACE('',(#15697),#15796,.F.);
#15697 = FACE_BOUND('',#15698,.T.);
#15698 = EDGE_LOOP('',(#15699,#15700,#15701,#15702,#15703,#15704,#15705,
    #15706,#15707,#15708,#15709,#15710,#15711,#15712,#15713,#15714,
    #15715,#15716,#15717,#15718,#15719,#15720,#15721,#15722,#15723,
    #15724,#15725,#15726,#15727,#15728,#15729,#15730,#15731,#15732,
    #15733,#15734,#15735,#15736,#15737,#15738,#15739,#15740,#15741,
    #15742,#15743,#15744,#15745,#15746,#15747,#15748,#15749,#15750,
    #15751,#15752,#15753,#15754,#15755,#15756,#15757,#15758,#15759,
    #15760,#15761,#15762,#15763,#15764,#15765,#15766,#15767,#15768,
    #15769,#15770,#15771,#15772,#15773,#15774,#15775,#15776,#15777,
    #15778,#15779,#15780,#15781,#15782,#15783,#15784,#15785,#15786,
    #15787,#15788,#15789,#15790,#15791,#15792,#15793,#15794,#15795));
#15699 = ORIENTED_EDGE('',*,*,#15573,.F.);
#15700 = ORIENTED_EDGE('',*,*,#12588,.F.);
#15701 = ORIENTED_EDGE('',*,*,#12628,.F.);
#15702 = ORIENTED_EDGE('',*,*,#12659,.F.);
#15703 = ORIENTED_EDGE('',*,*,#12690,.F.);
#15704 = ORIENTED_EDGE('',*,*,#12721,.F.);
#15705 = ORIENTED_EDGE('',*,*,#12752,.F.);
#15706 = ORIENTED_EDGE('',*,*,#12783,.F.);
#15707 = ORIENTED_EDGE('',*,*,#12814,.F.);
#15708 = ORIENTED_EDGE('',*,*,#12845,.F.);
#15709 = ORIENTED_EDGE('',*,*,#12876,.F.);
#15710 = ORIENTED_EDGE('',*,*,#12907,.F.);
#15711 = ORIENTED_EDGE('',*,*,#12938,.F.);
#15712 = ORIENTED_EDGE('',*,*,#12969,.F.);
#15713 = ORIENTED_EDGE('',*,*,#13000,.F.);
#15714 = ORIENTED_EDGE('',*,*,#13031,.F.);
#15715 = ORIENTED_EDGE('',*,*,#13062,.F.);
#15716 = ORIENTED_EDGE('',*,*,#13093,.F.);
#15717 = ORIENTED_EDGE('',*,*,#13124,.F.);
#15718 = ORIENTED_EDGE('',*,*,#13155,.F.);
#15719 = ORIENTED_EDGE('',*,*,#13186,.F.);
#15720 = ORIENTED_EDGE('',*,*,#13217,.F.);
#15721 = ORIENTED_EDGE('',*,*,#13248,.F.);
#15722 = ORIENTED_EDGE('',*,*,#13279,.F.);
#15723 = ORIENTED_EDGE('',*,*,#13310,.F.);
#15724 = ORIENTED_EDGE('',*,*,#13341,.F.);
#15725 = ORIENTED_EDGE('',*,*,#13372,.F.);
#15726 = ORIENTED_EDGE('',*,*,#13403,.F.);
#15727 = ORIENTED_EDGE('',*,*,#13434,.F.);
#15728 = ORIENTED_EDGE('',*,*,#13465,.F.);
#15729 = ORIENTED_EDGE('',*,*,#13496,.F.);
#15730 = ORIENTED_EDGE('',*,*,#13527,.F.);
#15731 = ORIENTED_EDGE('',*,*,#13558,.F.);
#15732 = ORIENTED_EDGE('',*,*,#13589,.F.);
#15733 = ORIENTED_EDGE('',*,*,#13620,.F.);
#15734 = ORIENTED_EDGE('',*,*,#13651,.F.);
#15735 = ORIENTED_EDGE('',*,*,#13682,.F.);
#15736 = ORIENTED_EDGE('',*,*,#13713,.F.);
#15737 = ORIENTED_EDGE('',*,*,#13744,.F.);
#15738 = ORIENTED_EDGE('',*,*,#13775,.F.);
#15739 = ORIENTED_EDGE('',*,*,#13806,.F.);
#15740 = ORIENTED_EDGE('',*,*,#13837,.F.);
#15741 = ORIENTED_EDGE('',*,*,#13868,.F.);
#15742 = ORIENTED_EDGE('',*,*,#13899,.F.);
#15743 = ORIENTED_EDGE('',*,*,#13930,.F.);
#15744 = ORIENTED_EDGE('',*,*,#13961,.F.);
#15745 = ORIENTED_EDGE('',*,*,#13992,.F.);
#15746 = ORIENTED_EDGE('',*,*,#14023,.F.);
#15747 = ORIENTED_EDGE('',*,*,#14054,.F.);
#15748 = ORIENTED_EDGE('',*,*,#14085,.F.);
#15749 = ORIENTED_EDGE('',*,*,#14116,.F.);
#15750 = ORIENTED_EDGE('',*,*,#14147,.F.);
#15751 = ORIENTED_EDGE('',*,*,#14178,.F.);
#15752 = ORIENTED_EDGE('',*,*,#14209,.F.);
#15753 = ORIENTED_EDGE('',*,*,#14240,.F.);
#15754 = ORIENTED_EDGE('',*,*,#14271,.F.);
#15755 = ORIENTED_EDGE('',*,*,#14302,.F.);
#15756 = ORIENTED_EDGE('',*,*,#14333,.F.);
#15757 = ORIENTED_EDGE('',*,*,#14364,.F.);
#15758 = ORIENTED_EDGE('',*,*,#14395,.F.);
#15759 = ORIENTED_EDGE('',*,*,#14426,.F.);
#15760 = ORIENTED_EDGE('',*,*,#14457,.F.);
#15761 = ORIENTED_EDGE('',*,*,#14488,.F.);
#15762 = ORIENTED_EDGE('',*,*,#14519,.F.);
#15763 = ORIENTED_EDGE('',*,*,#14550,.F.);
#15764 = ORIENTED_EDGE('',*,*,#14581,.F.);
#15765 = ORIENTED_EDGE('',*,*,#14612,.F.);
#15766 = ORIENTED_EDGE('',*,*,#14643,.F.);
#15767 = ORIENTED_EDGE('',*,*,#14674,.F.);
#15768 = ORIENTED_EDGE('',*,*,#14705,.F.);
#15769 = ORIENTED_EDGE('',*,*,#14736,.F.);
#15770 = ORIENTED_EDGE('',*,*,#14767,.F.);
#15771 = ORIENTED_EDGE('',*,*,#14798,.F.);
#15772 = ORIENTED_EDGE('',*,*,#14829,.F.);
#15773 = ORIENTED_EDGE('',*,*,#14860,.F.);
#15774 = ORIENTED_EDGE('',*,*,#14891,.F.);
#15775 = ORIENTED_EDGE('',*,*,#14922,.F.);
#15776 = ORIENTED_EDGE('',*,*,#14953,.F.);
#15777 = ORIENTED_EDGE('',*,*,#14984,.F.);
#15778 = ORIENTED_EDGE('',*,*,#15015,.F.);
#15779 = ORIENTED_EDGE('',*,*,#15046,.F.);
#15780 = ORIENTED_EDGE('',*,*,#15077,.F.);
#15781 = ORIENTED_EDGE('',*,*,#15108,.F.);
#15782 = ORIENTED_EDGE('',*,*,#15139,.F.);
#15783 = ORIENTED_EDGE('',*,*,#15170,.F.);
#15784 = ORIENTED_EDGE('',*,*,#15201,.F.);
#15785 = ORIENTED_EDGE('',*,*,#15232,.F.);
#15786 = ORIENTED_EDGE('',*,*,#15263,.F.);
#15787 = ORIENTED_EDGE('',*,*,#15294,.F.);
#15788 = ORIENTED_EDGE('',*,*,#15325,.F.);
#15789 = ORIENTED_EDGE('',*,*,#15356,.F.);
#15790 = ORIENTED_EDGE('',*,*,#15387,.F.);
#15791 = ORIENTED_EDGE('',*,*,#15418,.F.);
#15792 = ORIENTED_EDGE('',*,*,#15449,.F.);
#15793 = ORIENTED_EDGE('',*,*,#15480,.F.);
#15794 = ORIENTED_EDGE('',*,*,#15511,.F.);
#15795 = ORIENTED_EDGE('',*,*,#15542,.F.);
#15796 = PLANE('',#15797);
#15797 = AXIS2_PLACEMENT_3D('',#15798,#15799,#15800);
#15798 = CARTESIAN_POINT('',(61.461275193264,-70.37343437092,0.));
#15799 = DIRECTION('',(0.,0.,1.));
#15800 = DIRECTION('',(1.,0.,-0.));
#15801 = ( GEOMETRIC_REPRESENTATION_CONTEXT(3) 
GLOBAL_UNCERTAINTY_ASSIGNED_CONTEXT((#15805)) 
GLOBAL_UNIT_ASSIGNED_CONTEXT((#15802,#15803,#15804)) 
REPRESENTATION_CONTEXT('Context #1',
  '3D Context with UNIT and UNCERTAINTY') );
#15802 = ( LENGTH_UNIT() NAMED_UNIT(*) SI_UNIT(.MILLI.,.METRE.) );
#15803 = ( NAMED_UNIT(*) PLANE_ANGLE_UNIT() SI_UNIT($,.RADIAN.) );
#15804 = ( NAMED_UNIT(*) SI_UNIT($,.STERADIAN.) SOLID_ANGLE_UNIT() );
#15805 = UNCERTAINTY_MEASURE_WITH_UNIT(LENGTH_MEASURE(1.E-07),#15802,
  'distance_accuracy_value','confusion accuracy');
#15806 = SHAPE_DEFINITION_REPRESENTATION(#15807,#12581);
#15807 = PRODUCT_DEFINITION_SHAPE('','',#15808);
#15808 = PRODUCT_DEFINITION('design','',#15809,#15812);
#15809 = PRODUCT_DEFINITION_FORMATION('','',#15810);
#15810 = PRODUCT('Hirose Logo adjastable','Hirose Logo adjastable','',(
    #15811));
#15811 = PRODUCT_CONTEXT('',#2,'mechanical');
#15812 = PRODUCT_DEFINITION_CONTEXT('part definition',#2,'design');
#15813 = CONTEXT_DEPENDENT_SHAPE_REPRESENTATION(#15814,#15816);
#15814 = ( REPRESENTATION_RELATIONSHIP('','',#12581,#9716) 
REPRESENTATION_RELATIONSHIP_WITH_TRANSFORMATION(#15815) 
SHAPE_REPRESENTATION_RELATIONSHIP() );
#15815 = ITEM_DEFINED_TRANSFORMATION('','',#11,#9741);
#15816 = PRODUCT_DEFINITION_SHAPE('Placement','Placement of an item',
  #15817);
#15817 = NEXT_ASSEMBLY_USAGE_OCCURRENCE('13','Hirose Logo adjastable:1',
  '',#9711,#15808,$);
#15818 = PRODUCT_RELATED_PRODUCT_CATEGORY('part',$,(#15810));
#15819 = ADVANCED_BREP_SHAPE_REPRESENTATION('',(#11,#15820),#16148);
#15820 = MANIFOLD_SOLID_BREP('',#15821);
#15821 = CLOSED_SHELL('',(#15822,#15909,#15941,#15973,#15997,#16056,
    #16073,#16090,#16102,#16119,#16136));
#15822 = ADVANCED_FACE('',(#15823,#15893),#15904,.T.);
#15823 = FACE_BOUND('',#15824,.T.);
#15824 = EDGE_LOOP('',(#15825,#15835,#15844,#15852,#15861,#15869,#15878,
    #15886));
#15825 = ORIENTED_EDGE('',*,*,#15826,.T.);
#15826 = EDGE_CURVE('',#15827,#15829,#15831,.T.);
#15827 = VERTEX_POINT('',#15828);
#15828 = CARTESIAN_POINT('',(54.464311330758,22.145721,1.45));
#15829 = VERTEX_POINT('',#15830);
#15830 = CARTESIAN_POINT('',(54.814643931288,22.145721,1.45));
#15831 = LINE('',#15832,#15833);
#15832 = CARTESIAN_POINT('',(50.919956733961,22.145721,1.45));
#15833 = VECTOR('',#15834,1.);
#15834 = DIRECTION('',(1.,0.,1.110223024625E-16));
#15835 = ORIENTED_EDGE('',*,*,#15836,.T.);
#15836 = EDGE_CURVE('',#15829,#15837,#15839,.T.);
#15837 = VERTEX_POINT('',#15838);
#15838 = CARTESIAN_POINT('',(55.663172068712,22.145721,1.45));
#15839 = CIRCLE('',#15840,0.55);
#15840 = AXIS2_PLACEMENT_3D('',#15841,#15842,#15843);
#15841 = CARTESIAN_POINT('',(55.238908,22.145721,1.1));
#15842 = DIRECTION('',(0.,1.,0.));
#15843 = DIRECTION('',(-1.,0.,0.));
#15844 = ORIENTED_EDGE('',*,*,#15845,.T.);
#15845 = EDGE_CURVE('',#15837,#15846,#15848,.T.);
#15846 = VERTEX_POINT('',#15847);
#15847 = CARTESIAN_POINT('',(56.013504669241,22.145721,1.45));
#15848 = LINE('',#15849,#15850);
#15849 = CARTESIAN_POINT('',(50.919956733961,22.145721,1.45));
#15850 = VECTOR('',#15851,1.);
#15851 = DIRECTION('',(1.,0.,1.110223024625E-16));
#15852 = ORIENTED_EDGE('',*,*,#15853,.T.);
#15853 = EDGE_CURVE('',#15846,#15854,#15856,.T.);
#15854 = VERTEX_POINT('',#15855);
#15855 = CARTESIAN_POINT('',(56.013504669241,22.145721,0.75));
#15856 = CIRCLE('',#15857,0.85);
#15857 = AXIS2_PLACEMENT_3D('',#15858,#15859,#15860);
#15858 = CARTESIAN_POINT('',(55.238908,22.145721,1.1));
#15859 = DIRECTION('',(0.,1.,0.));
#15860 = DIRECTION('',(-1.,0.,0.));
#15861 = ORIENTED_EDGE('',*,*,#15862,.T.);
#15862 = EDGE_CURVE('',#15854,#15863,#15865,.T.);
#15863 = VERTEX_POINT('',#15864);
#15864 = CARTESIAN_POINT('',(55.663172068712,22.145721,0.75));
#15865 = LINE('',#15866,#15867);
#15866 = CARTESIAN_POINT('',(50.919956733961,22.145721,0.75));
#15867 = VECTOR('',#15868,1.);
#15868 = DIRECTION('',(-1.,0.,-2.22044604925E-16));
#15869 = ORIENTED_EDGE('',*,*,#15870,.T.);
#15870 = EDGE_CURVE('',#15863,#15871,#15873,.T.);
#15871 = VERTEX_POINT('',#15872);
#15872 = CARTESIAN_POINT('',(54.814643931288,22.145721,0.75));
#15873 = CIRCLE('',#15874,0.55);
#15874 = AXIS2_PLACEMENT_3D('',#15875,#15876,#15877);
#15875 = CARTESIAN_POINT('',(55.238908,22.145721,1.1));
#15876 = DIRECTION('',(0.,1.,0.));
#15877 = DIRECTION('',(-1.,0.,0.));
#15878 = ORIENTED_EDGE('',*,*,#15879,.T.);
#15879 = EDGE_CURVE('',#15871,#15880,#15882,.T.);
#15880 = VERTEX_POINT('',#15881);
#15881 = CARTESIAN_POINT('',(54.464311330758,22.145721,0.75));
#15882 = LINE('',#15883,#15884);
#15883 = CARTESIAN_POINT('',(50.919956733961,22.145721,0.75));
#15884 = VECTOR('',#15885,1.);
#15885 = DIRECTION('',(-1.,0.,-2.22044604925E-16));
#15886 = ORIENTED_EDGE('',*,*,#15887,.T.);
#15887 = EDGE_CURVE('',#15880,#15827,#15888,.T.);
#15888 = CIRCLE('',#15889,0.85);
#15889 = AXIS2_PLACEMENT_3D('',#15890,#15891,#15892);
#15890 = CARTESIAN_POINT('',(55.238908,22.145721,1.1));
#15891 = DIRECTION('',(0.,1.,0.));
#15892 = DIRECTION('',(-1.,0.,0.));
#15893 = FACE_BOUND('',#15894,.T.);
#15894 = EDGE_LOOP('',(#15895));
#15895 = ORIENTED_EDGE('',*,*,#15896,.T.);
#15896 = EDGE_CURVE('',#15897,#15897,#15899,.T.);
#15897 = VERTEX_POINT('',#15898);
#15898 = CARTESIAN_POINT('',(55.23854236587,22.145721,1.1));
#15899 = CIRCLE('',#15900,3.656341303708E-04);
#15900 = AXIS2_PLACEMENT_3D('',#15901,#15902,#15903);
#15901 = CARTESIAN_POINT('',(55.238908,22.145721,1.1));
#15902 = DIRECTION('',(0.,-1.,0.));
#15903 = DIRECTION('',(1.,0.,0.));
#15904 = PLANE('',#15905);
#15905 = AXIS2_PLACEMENT_3D('',#15906,#15907,#15908);
#15906 = CARTESIAN_POINT('',(55.27183330132,22.145721,1.050741332167));
#15907 = DIRECTION('',(0.,1.,0.));
#15908 = DIRECTION('',(0.,-0.,1.));
#15909 = ADVANCED_FACE('',(#15910),#15936,.T.);
#15910 = FACE_BOUND('',#15911,.T.);
#15911 = EDGE_LOOP('',(#15912,#15913,#15921,#15930));
#15912 = ORIENTED_EDGE('',*,*,#15887,.F.);
#15913 = ORIENTED_EDGE('',*,*,#15914,.F.);
#15914 = EDGE_CURVE('',#15915,#15880,#15917,.T.);
#15915 = VERTEX_POINT('',#15916);
#15916 = CARTESIAN_POINT('',(54.464311330758,22.045721,0.75));
#15917 = LINE('',#15918,#15919);
#15918 = CARTESIAN_POINT('',(54.464311330758,22.495721,0.75));
#15919 = VECTOR('',#15920,1.);
#15920 = DIRECTION('',(0.,1.,0.));
#15921 = ORIENTED_EDGE('',*,*,#15922,.T.);
#15922 = EDGE_CURVE('',#15915,#15923,#15925,.T.);
#15923 = VERTEX_POINT('',#15924);
#15924 = CARTESIAN_POINT('',(54.464311330758,22.045721,1.45));
#15925 = CIRCLE('',#15926,0.85);
#15926 = AXIS2_PLACEMENT_3D('',#15927,#15928,#15929);
#15927 = CARTESIAN_POINT('',(55.238908,22.045721,1.1));
#15928 = DIRECTION('',(0.,1.,0.));
#15929 = DIRECTION('',(-1.,0.,0.));
#15930 = ORIENTED_EDGE('',*,*,#15931,.T.);
#15931 = EDGE_CURVE('',#15923,#15827,#15932,.T.);
#15932 = LINE('',#15933,#15934);
#15933 = CARTESIAN_POINT('',(54.464311330758,22.495721,1.45));
#15934 = VECTOR('',#15935,1.);
#15935 = DIRECTION('',(0.,1.,0.));
#15936 = CYLINDRICAL_SURFACE('',#15937,0.85);
#15937 = AXIS2_PLACEMENT_3D('',#15938,#15939,#15940);
#15938 = CARTESIAN_POINT('',(55.238908,22.145721,1.1));
#15939 = DIRECTION('',(0.,-1.,0.));
#15940 = DIRECTION('',(-1.,0.,0.));
#15941 = ADVANCED_FACE('',(#15942),#15968,.T.);
#15942 = FACE_BOUND('',#15943,.T.);
#15943 = EDGE_LOOP('',(#15944,#15945,#15953,#15962));
#15944 = ORIENTED_EDGE('',*,*,#15853,.F.);
#15945 = ORIENTED_EDGE('',*,*,#15946,.F.);
#15946 = EDGE_CURVE('',#15947,#15846,#15949,.T.);
#15947 = VERTEX_POINT('',#15948);
#15948 = CARTESIAN_POINT('',(56.013504669241,22.045721,1.45));
#15949 = LINE('',#15950,#15951);
#15950 = CARTESIAN_POINT('',(56.013504669241,22.495721,1.45));
#15951 = VECTOR('',#15952,1.);
#15952 = DIRECTION('',(0.,1.,0.));
#15953 = ORIENTED_EDGE('',*,*,#15954,.T.);
#15954 = EDGE_CURVE('',#15947,#15955,#15957,.T.);
#15955 = VERTEX_POINT('',#15956);
#15956 = CARTESIAN_POINT('',(56.013504669241,22.045721,0.75));
#15957 = CIRCLE('',#15958,0.85);
#15958 = AXIS2_PLACEMENT_3D('',#15959,#15960,#15961);
#15959 = CARTESIAN_POINT('',(55.238908,22.045721,1.1));
#15960 = DIRECTION('',(0.,1.,0.));
#15961 = DIRECTION('',(-1.,0.,0.));
#15962 = ORIENTED_EDGE('',*,*,#15963,.T.);
#15963 = EDGE_CURVE('',#15955,#15854,#15964,.T.);
#15964 = LINE('',#15965,#15966);
#15965 = CARTESIAN_POINT('',(56.013504669241,22.495721,0.75));
#15966 = VECTOR('',#15967,1.);
#15967 = DIRECTION('',(0.,1.,0.));
#15968 = CYLINDRICAL_SURFACE('',#15969,0.85);
#15969 = AXIS2_PLACEMENT_3D('',#15970,#15971,#15972);
#15970 = CARTESIAN_POINT('',(55.238908,22.145721,1.1));
#15971 = DIRECTION('',(0.,-1.,0.));
#15972 = DIRECTION('',(-1.,0.,0.));
#15973 = ADVANCED_FACE('',(#15974),#15992,.F.);
#15974 = FACE_BOUND('',#15975,.F.);
#15975 = EDGE_LOOP('',(#15976,#15985,#15990,#15991));
#15976 = ORIENTED_EDGE('',*,*,#15977,.F.);
#15977 = EDGE_CURVE('',#15978,#15978,#15980,.T.);
#15978 = VERTEX_POINT('',#15979);
#15979 = CARTESIAN_POINT('',(55.238582991884,22.045721,1.1));
#15980 = CIRCLE('',#15981,3.250081158851E-04);
#15981 = AXIS2_PLACEMENT_3D('',#15982,#15983,#15984);
#15982 = CARTESIAN_POINT('',(55.238908,22.045721,1.1));
#15983 = DIRECTION('',(0.,-1.,0.));
#15984 = DIRECTION('',(1.,0.,0.));
#15985 = ORIENTED_EDGE('',*,*,#15986,.T.);
#15986 = EDGE_CURVE('',#15978,#15897,#15987,.T.);
#15987 = B_SPLINE_CURVE_WITH_KNOTS('',1,(#15988,#15989),.UNSPECIFIED.,
  .F.,.F.,(2,2),(0.649449589716,0.749449597968),
  .PIECEWISE_BEZIER_KNOTS.);
#15988 = CARTESIAN_POINT('',(55.238582991884,22.045721,1.1));
#15989 = CARTESIAN_POINT('',(55.23854236587,22.145721,1.1));
#15990 = ORIENTED_EDGE('',*,*,#15896,.T.);
#15991 = ORIENTED_EDGE('',*,*,#15986,.F.);
#15992 = CONICAL_SURFACE('',#15993,6.116265326384E-05,4.062601225057E-04
  );
#15993 = AXIS2_PLACEMENT_3D('',#15994,#15995,#15996);
#15994 = CARTESIAN_POINT('',(55.238908,21.396271463879,1.1));
#15995 = DIRECTION('',(0.,1.,0.));
#15996 = DIRECTION('',(1.,0.,0.));
#15997 = ADVANCED_FACE('',(#15998,#16048),#16051,.F.);
#15998 = FACE_BOUND('',#15999,.T.);
#15999 = EDGE_LOOP('',(#16000,#16008,#16017,#16023,#16024,#16032,#16041,
    #16047));
#16000 = ORIENTED_EDGE('',*,*,#16001,.F.);
#16001 = EDGE_CURVE('',#16002,#15915,#16004,.T.);
#16002 = VERTEX_POINT('',#16003);
#16003 = CARTESIAN_POINT('',(54.814643931288,22.045721,0.75));
#16004 = LINE('',#16005,#16006);
#16005 = CARTESIAN_POINT('',(54.322392861009,22.045721,0.75));
#16006 = VECTOR('',#16007,1.);
#16007 = DIRECTION('',(-1.,0.,-2.22044604925E-16));
#16008 = ORIENTED_EDGE('',*,*,#16009,.F.);
#16009 = EDGE_CURVE('',#16010,#16002,#16012,.T.);
#16010 = VERTEX_POINT('',#16011);
#16011 = CARTESIAN_POINT('',(55.663172068712,22.045721,0.75));
#16012 = CIRCLE('',#16013,0.55);
#16013 = AXIS2_PLACEMENT_3D('',#16014,#16015,#16016);
#16014 = CARTESIAN_POINT('',(55.238908,22.045721,1.1));
#16015 = DIRECTION('',(0.,1.,0.));
#16016 = DIRECTION('',(-1.,0.,0.));
#16017 = ORIENTED_EDGE('',*,*,#16018,.F.);
#16018 = EDGE_CURVE('',#15955,#16010,#16019,.T.);
#16019 = LINE('',#16020,#16021);
#16020 = CARTESIAN_POINT('',(54.322392861009,22.045721,0.75));
#16021 = VECTOR('',#16022,1.);
#16022 = DIRECTION('',(-1.,0.,-2.22044604925E-16));
#16023 = ORIENTED_EDGE('',*,*,#15954,.F.);
#16024 = ORIENTED_EDGE('',*,*,#16025,.T.);
#16025 = EDGE_CURVE('',#15947,#16026,#16028,.T.);
#16026 = VERTEX_POINT('',#16027);
#16027 = CARTESIAN_POINT('',(55.663172068712,22.045721,1.45));
#16028 = LINE('',#16029,#16030);
#16029 = CARTESIAN_POINT('',(54.322392861009,22.045721,1.45));
#16030 = VECTOR('',#16031,1.);
#16031 = DIRECTION('',(-1.,0.,-1.110223024625E-16));
#16032 = ORIENTED_EDGE('',*,*,#16033,.F.);
#16033 = EDGE_CURVE('',#16034,#16026,#16036,.T.);
#16034 = VERTEX_POINT('',#16035);
#16035 = CARTESIAN_POINT('',(54.814643931288,22.045721,1.45));
#16036 = CIRCLE('',#16037,0.55);
#16037 = AXIS2_PLACEMENT_3D('',#16038,#16039,#16040);
#16038 = CARTESIAN_POINT('',(55.238908,22.045721,1.1));
#16039 = DIRECTION('',(0.,1.,0.));
#16040 = DIRECTION('',(-1.,0.,0.));
#16041 = ORIENTED_EDGE('',*,*,#16042,.T.);
#16042 = EDGE_CURVE('',#16034,#15923,#16043,.T.);
#16043 = LINE('',#16044,#16045);
#16044 = CARTESIAN_POINT('',(54.322392861009,22.045721,1.45));
#16045 = VECTOR('',#16046,1.);
#16046 = DIRECTION('',(-1.,0.,-1.110223024625E-16));
#16047 = ORIENTED_EDGE('',*,*,#15922,.F.);
#16048 = FACE_BOUND('',#16049,.T.);
#16049 = EDGE_LOOP('',(#16050));
#16050 = ORIENTED_EDGE('',*,*,#15977,.F.);
#16051 = PLANE('',#16052);
#16052 = AXIS2_PLACEMENT_3D('',#16053,#16054,#16055);
#16053 = CARTESIAN_POINT('',(55.266410442306,22.045721,2.01366055628));
#16054 = DIRECTION('',(0.,1.,0.));
#16055 = DIRECTION('',(-1.,0.,0.));
#16056 = ADVANCED_FACE('',(#16057),#16068,.T.);
#16057 = FACE_BOUND('',#16058,.T.);
#16058 = EDGE_LOOP('',(#16059,#16060,#16066,#16067));
#16059 = ORIENTED_EDGE('',*,*,#15845,.F.);
#16060 = ORIENTED_EDGE('',*,*,#16061,.T.);
#16061 = EDGE_CURVE('',#15837,#16026,#16062,.T.);
#16062 = LINE('',#16063,#16064);
#16063 = CARTESIAN_POINT('',(55.663172068712,22.145721,1.45));
#16064 = VECTOR('',#16065,1.);
#16065 = DIRECTION('',(0.,-1.,0.));
#16066 = ORIENTED_EDGE('',*,*,#16025,.F.);
#16067 = ORIENTED_EDGE('',*,*,#15946,.T.);
#16068 = PLANE('',#16069);
#16069 = AXIS2_PLACEMENT_3D('',#16070,#16071,#16072);
#16070 = CARTESIAN_POINT('',(55.663172068712,22.145721,1.45));
#16071 = DIRECTION('',(-1.110223024625E-16,0.,1.));
#16072 = DIRECTION('',(-1.,0.,-1.110223024625E-16));
#16073 = ADVANCED_FACE('',(#16074),#16085,.T.);
#16074 = FACE_BOUND('',#16075,.T.);
#16075 = EDGE_LOOP('',(#16076,#16077,#16083,#16084));
#16076 = ORIENTED_EDGE('',*,*,#15836,.F.);
#16077 = ORIENTED_EDGE('',*,*,#16078,.T.);
#16078 = EDGE_CURVE('',#15829,#16034,#16079,.T.);
#16079 = LINE('',#16080,#16081);
#16080 = CARTESIAN_POINT('',(54.814643931288,22.145721,1.45));
#16081 = VECTOR('',#16082,1.);
#16082 = DIRECTION('',(0.,-1.,0.));
#16083 = ORIENTED_EDGE('',*,*,#16033,.T.);
#16084 = ORIENTED_EDGE('',*,*,#16061,.F.);
#16085 = CYLINDRICAL_SURFACE('',#16086,0.55);
#16086 = AXIS2_PLACEMENT_3D('',#16087,#16088,#16089);
#16087 = CARTESIAN_POINT('',(55.238908,22.145721,1.1));
#16088 = DIRECTION('',(0.,1.,0.));
#16089 = DIRECTION('',(-1.,0.,0.));
#16090 = ADVANCED_FACE('',(#16091),#16097,.T.);
#16091 = FACE_BOUND('',#16092,.T.);
#16092 = EDGE_LOOP('',(#16093,#16094,#16095,#16096));
#16093 = ORIENTED_EDGE('',*,*,#15826,.F.);
#16094 = ORIENTED_EDGE('',*,*,#15931,.F.);
#16095 = ORIENTED_EDGE('',*,*,#16042,.F.);
#16096 = ORIENTED_EDGE('',*,*,#16078,.F.);
#16097 = PLANE('',#16098);
#16098 = AXIS2_PLACEMENT_3D('',#16099,#16100,#16101);
#16099 = CARTESIAN_POINT('',(54.464311330758,22.145721,1.45));
#16100 = DIRECTION('',(-1.110223024625E-16,0.,1.));
#16101 = DIRECTION('',(-1.,0.,-1.110223024625E-16));
#16102 = ADVANCED_FACE('',(#16103),#16114,.T.);
#16103 = FACE_BOUND('',#16104,.T.);
#16104 = EDGE_LOOP('',(#16105,#16106,#16107,#16108));
#16105 = ORIENTED_EDGE('',*,*,#15862,.F.);
#16106 = ORIENTED_EDGE('',*,*,#15963,.F.);
#16107 = ORIENTED_EDGE('',*,*,#16018,.T.);
#16108 = ORIENTED_EDGE('',*,*,#16109,.F.);
#16109 = EDGE_CURVE('',#15863,#16010,#16110,.T.);
#16110 = LINE('',#16111,#16112);
#16111 = CARTESIAN_POINT('',(55.663172068712,22.145721,0.75));
#16112 = VECTOR('',#16113,1.);
#16113 = DIRECTION('',(0.,-1.,0.));
#16114 = PLANE('',#16115);
#16115 = AXIS2_PLACEMENT_3D('',#16116,#16117,#16118);
#16116 = CARTESIAN_POINT('',(56.013504669241,22.145721,0.75));
#16117 = DIRECTION('',(2.22044604925E-16,0.,-1.));
#16118 = DIRECTION('',(1.,0.,2.22044604925E-16));
#16119 = ADVANCED_FACE('',(#16120),#16131,.T.);
#16120 = FACE_BOUND('',#16121,.T.);
#16121 = EDGE_LOOP('',(#16122,#16123,#16129,#16130));
#16122 = ORIENTED_EDGE('',*,*,#15879,.F.);
#16123 = ORIENTED_EDGE('',*,*,#16124,.T.);
#16124 = EDGE_CURVE('',#15871,#16002,#16125,.T.);
#16125 = LINE('',#16126,#16127);
#16126 = CARTESIAN_POINT('',(54.814643931288,22.145721,0.75));
#16127 = VECTOR('',#16128,1.);
#16128 = DIRECTION('',(0.,-1.,0.));
#16129 = ORIENTED_EDGE('',*,*,#16001,.T.);
#16130 = ORIENTED_EDGE('',*,*,#15914,.T.);
#16131 = PLANE('',#16132);
#16132 = AXIS2_PLACEMENT_3D('',#16133,#16134,#16135);
#16133 = CARTESIAN_POINT('',(54.814643931288,22.145721,0.75));
#16134 = DIRECTION('',(2.22044604925E-16,0.,-1.));
#16135 = DIRECTION('',(1.,0.,2.22044604925E-16));
#16136 = ADVANCED_FACE('',(#16137),#16143,.T.);
#16137 = FACE_BOUND('',#16138,.T.);
#16138 = EDGE_LOOP('',(#16139,#16140,#16141,#16142));
#16139 = ORIENTED_EDGE('',*,*,#15870,.F.);
#16140 = ORIENTED_EDGE('',*,*,#16109,.T.);
#16141 = ORIENTED_EDGE('',*,*,#16009,.T.);
#16142 = ORIENTED_EDGE('',*,*,#16124,.F.);
#16143 = CYLINDRICAL_SURFACE('',#16144,0.55);
#16144 = AXIS2_PLACEMENT_3D('',#16145,#16146,#16147);
#16145 = CARTESIAN_POINT('',(55.238908,22.145721,1.1));
#16146 = DIRECTION('',(0.,1.,0.));
#16147 = DIRECTION('',(-1.,0.,0.));
#16148 = ( GEOMETRIC_REPRESENTATION_CONTEXT(3) 
GLOBAL_UNCERTAINTY_ASSIGNED_CONTEXT((#16152)) 
GLOBAL_UNIT_ASSIGNED_CONTEXT((#16149,#16150,#16151)) 
REPRESENTATION_CONTEXT('Context #1',
  '3D Context with UNIT and UNCERTAINTY') );
#16149 = ( LENGTH_UNIT() NAMED_UNIT(*) SI_UNIT(.MILLI.,.METRE.) );
#16150 = ( NAMED_UNIT(*) PLANE_ANGLE_UNIT() SI_UNIT($,.RADIAN.) );
#16151 = ( NAMED_UNIT(*) SI_UNIT($,.STERADIAN.) SOLID_ANGLE_UNIT() );
#16152 = UNCERTAINTY_MEASURE_WITH_UNIT(LENGTH_MEASURE(1.E-06),#16149,
  'distance_accuracy_value','confusion accuracy');
#16153 = SHAPE_DEFINITION_REPRESENTATION(#16154,#15819);
#16154 = PRODUCT_DEFINITION_SHAPE('','',#16155);
#16155 = PRODUCT_DEFINITION('design','',#16156,#16159);
#16156 = PRODUCT_DEFINITION_FORMATION('','',#16157);
#16157 = PRODUCT('6','6','',(#16158));
#16158 = PRODUCT_CONTEXT('',#2,'mechanical');
#16159 = PRODUCT_DEFINITION_CONTEXT('part definition',#2,'design');
#16160 = CONTEXT_DEPENDENT_SHAPE_REPRESENTATION(#16161,#16163);
#16161 = ( REPRESENTATION_RELATIONSHIP('','',#15819,#9716) 
REPRESENTATION_RELATIONSHIP_WITH_TRANSFORMATION(#16162) 
SHAPE_REPRESENTATION_RELATIONSHIP() );
#16162 = ITEM_DEFINED_TRANSFORMATION('','',#11,#9745);
#16163 = PRODUCT_DEFINITION_SHAPE('Placement','Placement of an item',
  #16164);
#16164 = NEXT_ASSEMBLY_USAGE_OCCURRENCE('14','6:1','',#9711,#16155,$);
#16165 = PRODUCT_RELATED_PRODUCT_CATEGORY('part',$,(#16157));
#16166 = CONTEXT_DEPENDENT_SHAPE_REPRESENTATION(#16167,#16169);
#16167 = ( REPRESENTATION_RELATIONSHIP('','',#9716,#9699) 
REPRESENTATION_RELATIONSHIP_WITH_TRANSFORMATION(#16168) 
SHAPE_REPRESENTATION_RELATIONSHIP() );
#16168 = ITEM_DEFINED_TRANSFORMATION('','',#11,#9700);
#16169 = PRODUCT_DEFINITION_SHAPE('Placement','Placement of an item',
  #16170);
#16170 = NEXT_ASSEMBLY_USAGE_OCCURRENCE('15','1:1','',#9694,#9711,$);
#16171 = PRODUCT_RELATED_PRODUCT_CATEGORY('part',$,(#9713));
#16172 = CONTEXT_DEPENDENT_SHAPE_REPRESENTATION(#16173,#16175);
#16173 = ( REPRESENTATION_RELATIONSHIP('','',#9699,#9682) 
REPRESENTATION_RELATIONSHIP_WITH_TRANSFORMATION(#16174) 
SHAPE_REPRESENTATION_RELATIONSHIP() );
#16174 = ITEM_DEFINED_TRANSFORMATION('','',#11,#9683);
#16175 = PRODUCT_DEFINITION_SHAPE('Placement','Placement of an item',
  #16176);
#16176 = NEXT_ASSEMBLY_USAGE_OCCURRENCE('16','','',#9677,#9694,$);
#16177 = PRODUCT_RELATED_PRODUCT_CATEGORY('part',$,(#9696));
#16178 = CONTEXT_DEPENDENT_SHAPE_REPRESENTATION(#16179,#16181);
#16179 = ( REPRESENTATION_RELATIONSHIP('','',#9682,#10) 
REPRESENTATION_RELATIONSHIP_WITH_TRANSFORMATION(#16180) 
SHAPE_REPRESENTATION_RELATIONSHIP() );
#16180 = ITEM_DEFINED_TRANSFORMATION('','',#11,#27);
#16181 = PRODUCT_DEFINITION_SHAPE('Placement','Placement of an item',
  #16182);
#16182 = NEXT_ASSEMBLY_USAGE_OCCURRENCE('17','','',#5,#9677,$);
#16183 = PRODUCT_RELATED_PRODUCT_CATEGORY('part',$,(#9679));
#16184 = SHAPE_DEFINITION_REPRESENTATION(#16185,#16191);
#16185 = PRODUCT_DEFINITION_SHAPE('','',#16186);
#16186 = PRODUCT_DEFINITION('design','',#16187,#16190);
#16187 = PRODUCT_DEFINITION_FORMATION('','',#16188);
#16188 = PRODUCT('C1','C1','',(#16189));
#16189 = PRODUCT_CONTEXT('',#2,'mechanical');
#16190 = PRODUCT_DEFINITION_CONTEXT('part definition',#2,'design');
#16191 = SHAPE_REPRESENTATION('',(#11,#16192),#16196);
#16192 = AXIS2_PLACEMENT_3D('',#16193,#16194,#16195);
#16193 = CARTESIAN_POINT('',(12.178028657422,7.930934431348,
    0.619998514652));
#16194 = DIRECTION('',(0.,0.,1.));
#16195 = DIRECTION('',(-4.371138828674E-08,1.,0.));
#16196 = ( GEOMETRIC_REPRESENTATION_CONTEXT(3) 
GLOBAL_UNCERTAINTY_ASSIGNED_CONTEXT((#16200)) 
GLOBAL_UNIT_ASSIGNED_CONTEXT((#16197,#16198,#16199)) 
REPRESENTATION_CONTEXT('Context #1',
  '3D Context with UNIT and UNCERTAINTY') );
#16197 = ( LENGTH_UNIT() NAMED_UNIT(*) SI_UNIT(.MILLI.,.METRE.) );
#16198 = ( NAMED_UNIT(*) PLANE_ANGLE_UNIT() SI_UNIT($,.RADIAN.) );
#16199 = ( NAMED_UNIT(*) SI_UNIT($,.STERADIAN.) SOLID_ANGLE_UNIT() );
#16200 = UNCERTAINTY_MEASURE_WITH_UNIT(LENGTH_MEASURE(1.E-07),#16197,
  'distance_accuracy_value','confusion accuracy');
#16201 = ADVANCED_BREP_SHAPE_REPRESENTATION('',(#11,#16202),#17480);
#16202 = MANIFOLD_SOLID_BREP('',#16203);
#16203 = CLOSED_SHELL('',(#16204,#16244,#16275,#16306,#16328,#16368,
    #16408,#16448,#16488,#16528,#16552,#16575,#16598,#16616,#16634,
    #16658,#16676,#16694,#16718,#16735,#16752,#16769,#16786,#16804,
    #16822,#16840,#16858,#16875,#16892,#16904,#16944,#16984,#17024,
    #17064,#17104,#17128,#17151,#17174,#17192,#17210,#17234,#17252,
    #17270,#17294,#17311,#17328,#17345,#17362,#17380,#17398,#17416,
    #17434,#17451,#17468));
#16204 = ADVANCED_FACE('',(#16205),#16239,.F.);
#16205 = FACE_BOUND('',#16206,.T.);
#16206 = EDGE_LOOP('',(#16207,#16217,#16225,#16233));
#16207 = ORIENTED_EDGE('',*,*,#16208,.F.);
#16208 = EDGE_CURVE('',#16209,#16211,#16213,.T.);
#16209 = VERTEX_POINT('',#16210);
#16210 = CARTESIAN_POINT('',(-0.6,1.2E-02,0.625));
#16211 = VERTEX_POINT('',#16212);
#16212 = CARTESIAN_POINT('',(-0.6,1.262,0.625));
#16213 = LINE('',#16214,#16215);
#16214 = CARTESIAN_POINT('',(-0.6,1.262,0.625));
#16215 = VECTOR('',#16216,1.);
#16216 = DIRECTION('',(0.,1.,8.673617379884E-17));
#16217 = ORIENTED_EDGE('',*,*,#16218,.F.);
#16218 = EDGE_CURVE('',#16219,#16209,#16221,.T.);
#16219 = VERTEX_POINT('',#16220);
#16220 = CARTESIAN_POINT('',(0.6,1.2E-02,0.625));
#16221 = LINE('',#16222,#16223);
#16222 = CARTESIAN_POINT('',(1.,1.2E-02,0.625));
#16223 = VECTOR('',#16224,1.);
#16224 = DIRECTION('',(-1.,-0.,-0.));
#16225 = ORIENTED_EDGE('',*,*,#16226,.F.);
#16226 = EDGE_CURVE('',#16227,#16219,#16229,.T.);
#16227 = VERTEX_POINT('',#16228);
#16228 = CARTESIAN_POINT('',(0.6,1.262,0.625));
#16229 = LINE('',#16230,#16231);
#16230 = CARTESIAN_POINT('',(0.6,1.262,0.625));
#16231 = VECTOR('',#16232,1.);
#16232 = DIRECTION('',(0.,-1.,-8.673617379884E-17));
#16233 = ORIENTED_EDGE('',*,*,#16234,.T.);
#16234 = EDGE_CURVE('',#16227,#16211,#16235,.T.);
#16235 = LINE('',#16236,#16237);
#16236 = CARTESIAN_POINT('',(1.,1.262,0.625));
#16237 = VECTOR('',#16238,1.);
#16238 = DIRECTION('',(-1.,-0.,-0.));
#16239 = PLANE('',#16240);
#16240 = AXIS2_PLACEMENT_3D('',#16241,#16242,#16243);
#16241 = CARTESIAN_POINT('',(1.,1.262,0.625));
#16242 = DIRECTION('',(0.,8.673617379884E-17,-1.));
#16243 = DIRECTION('',(0.,1.,8.673617379884E-17));
#16244 = ADVANCED_FACE('',(#16245),#16270,.F.);
#16245 = FACE_BOUND('',#16246,.T.);
#16246 = EDGE_LOOP('',(#16247,#16255,#16263,#16269));
#16247 = ORIENTED_EDGE('',*,*,#16248,.F.);
#16248 = EDGE_CURVE('',#16249,#16209,#16251,.T.);
#16249 = VERTEX_POINT('',#16250);
#16250 = CARTESIAN_POINT('',(-0.6,1.2E-02,-0.625));
#16251 = LINE('',#16252,#16253);
#16252 = CARTESIAN_POINT('',(-0.6,1.2E-02,0.625));
#16253 = VECTOR('',#16254,1.);
#16254 = DIRECTION('',(0.,0.,1.));
#16255 = ORIENTED_EDGE('',*,*,#16256,.F.);
#16256 = EDGE_CURVE('',#16257,#16249,#16259,.T.);
#16257 = VERTEX_POINT('',#16258);
#16258 = CARTESIAN_POINT('',(0.6,1.2E-02,-0.625));
#16259 = LINE('',#16260,#16261);
#16260 = CARTESIAN_POINT('',(1.,1.2E-02,-0.625));
#16261 = VECTOR('',#16262,1.);
#16262 = DIRECTION('',(-1.,-0.,-0.));
#16263 = ORIENTED_EDGE('',*,*,#16264,.F.);
#16264 = EDGE_CURVE('',#16219,#16257,#16265,.T.);
#16265 = LINE('',#16266,#16267);
#16266 = CARTESIAN_POINT('',(0.6,1.2E-02,0.625));
#16267 = VECTOR('',#16268,1.);
#16268 = DIRECTION('',(0.,0.,-1.));
#16269 = ORIENTED_EDGE('',*,*,#16218,.T.);
#16270 = PLANE('',#16271);
#16271 = AXIS2_PLACEMENT_3D('',#16272,#16273,#16274);
#16272 = CARTESIAN_POINT('',(1.,1.2E-02,0.625));
#16273 = DIRECTION('',(-0.,1.,0.));
#16274 = DIRECTION('',(0.,0.,1.));
#16275 = ADVANCED_FACE('',(#16276),#16301,.F.);
#16276 = FACE_BOUND('',#16277,.T.);
#16277 = EDGE_LOOP('',(#16278,#16286,#16294,#16300));
#16278 = ORIENTED_EDGE('',*,*,#16279,.F.);
#16279 = EDGE_CURVE('',#16280,#16249,#16282,.T.);
#16280 = VERTEX_POINT('',#16281);
#16281 = CARTESIAN_POINT('',(-0.6,1.262,-0.625));
#16282 = LINE('',#16283,#16284);
#16283 = CARTESIAN_POINT('',(-0.6,1.2E-02,-0.625));
#16284 = VECTOR('',#16285,1.);
#16285 = DIRECTION('',(0.,-1.,8.673617379884E-17));
#16286 = ORIENTED_EDGE('',*,*,#16287,.F.);
#16287 = EDGE_CURVE('',#16288,#16280,#16290,.T.);
#16288 = VERTEX_POINT('',#16289);
#16289 = CARTESIAN_POINT('',(0.6,1.262,-0.625));
#16290 = LINE('',#16291,#16292);
#16291 = CARTESIAN_POINT('',(1.,1.262,-0.625));
#16292 = VECTOR('',#16293,1.);
#16293 = DIRECTION('',(-1.,-0.,-0.));
#16294 = ORIENTED_EDGE('',*,*,#16295,.F.);
#16295 = EDGE_CURVE('',#16257,#16288,#16296,.T.);
#16296 = LINE('',#16297,#16298);
#16297 = CARTESIAN_POINT('',(0.6,1.2E-02,-0.625));
#16298 = VECTOR('',#16299,1.);
#16299 = DIRECTION('',(0.,1.,-8.673617379884E-17));
#16300 = ORIENTED_EDGE('',*,*,#16256,.T.);
#16301 = PLANE('',#16302);
#16302 = AXIS2_PLACEMENT_3D('',#16303,#16304,#16305);
#16303 = CARTESIAN_POINT('',(1.,1.2E-02,-0.625));
#16304 = DIRECTION('',(-0.,8.673617379884E-17,1.));
#16305 = DIRECTION('',(0.,-1.,8.673617379884E-17));
#16306 = ADVANCED_FACE('',(#16307),#16323,.F.);
#16307 = FACE_BOUND('',#16308,.T.);
#16308 = EDGE_LOOP('',(#16309,#16315,#16316,#16322));
#16309 = ORIENTED_EDGE('',*,*,#16310,.F.);
#16310 = EDGE_CURVE('',#16211,#16280,#16311,.T.);
#16311 = LINE('',#16312,#16313);
#16312 = CARTESIAN_POINT('',(-0.6,1.262,-0.625));
#16313 = VECTOR('',#16314,1.);
#16314 = DIRECTION('',(0.,0.,-1.));
#16315 = ORIENTED_EDGE('',*,*,#16234,.F.);
#16316 = ORIENTED_EDGE('',*,*,#16317,.F.);
#16317 = EDGE_CURVE('',#16288,#16227,#16318,.T.);
#16318 = LINE('',#16319,#16320);
#16319 = CARTESIAN_POINT('',(0.6,1.262,-0.625));
#16320 = VECTOR('',#16321,1.);
#16321 = DIRECTION('',(0.,0.,1.));
#16322 = ORIENTED_EDGE('',*,*,#16287,.T.);
#16323 = PLANE('',#16324);
#16324 = AXIS2_PLACEMENT_3D('',#16325,#16326,#16327);
#16325 = CARTESIAN_POINT('',(1.,1.262,-0.625));
#16326 = DIRECTION('',(0.,-1.,0.));
#16327 = DIRECTION('',(0.,-0.,-1.));
#16328 = ADVANCED_FACE('',(#16329),#16363,.T.);
#16329 = FACE_BOUND('',#16330,.T.);
#16330 = EDGE_LOOP('',(#16331,#16341,#16349,#16357));
#16331 = ORIENTED_EDGE('',*,*,#16332,.T.);
#16332 = EDGE_CURVE('',#16333,#16335,#16337,.T.);
#16333 = VERTEX_POINT('',#16334);
#16334 = CARTESIAN_POINT('',(0.988,1.274,-0.625));
#16335 = VERTEX_POINT('',#16336);
#16336 = CARTESIAN_POINT('',(0.612,1.274,-0.625));
#16337 = LINE('',#16338,#16339);
#16338 = CARTESIAN_POINT('',(0.6,1.274,-0.625));
#16339 = VECTOR('',#16340,1.);
#16340 = DIRECTION('',(-1.,-0.,-0.));
#16341 = ORIENTED_EDGE('',*,*,#16342,.T.);
#16342 = EDGE_CURVE('',#16335,#16343,#16345,.T.);
#16343 = VERTEX_POINT('',#16344);
#16344 = CARTESIAN_POINT('',(0.612,1.274,0.625));
#16345 = LINE('',#16346,#16347);
#16346 = CARTESIAN_POINT('',(0.612,1.274,0.637));
#16347 = VECTOR('',#16348,1.);
#16348 = DIRECTION('',(0.,0.,1.));
#16349 = ORIENTED_EDGE('',*,*,#16350,.T.);
#16350 = EDGE_CURVE('',#16343,#16351,#16353,.T.);
#16351 = VERTEX_POINT('',#16352);
#16352 = CARTESIAN_POINT('',(0.988,1.274,0.625));
#16353 = LINE('',#16354,#16355);
#16354 = CARTESIAN_POINT('',(0.6,1.274,0.625));
#16355 = VECTOR('',#16356,1.);
#16356 = DIRECTION('',(1.,0.,0.));
#16357 = ORIENTED_EDGE('',*,*,#16358,.T.);
#16358 = EDGE_CURVE('',#16351,#16333,#16359,.T.);
#16359 = LINE('',#16360,#16361);
#16360 = CARTESIAN_POINT('',(0.988,1.274,-0.637));
#16361 = VECTOR('',#16362,1.);
#16362 = DIRECTION('',(-0.,-0.,-1.));
#16363 = PLANE('',#16364);
#16364 = AXIS2_PLACEMENT_3D('',#16365,#16366,#16367);
#16365 = CARTESIAN_POINT('',(0.6,1.274,-0.637));
#16366 = DIRECTION('',(0.,1.,0.));
#16367 = DIRECTION('',(0.,-0.,1.));
#16368 = ADVANCED_FACE('',(#16369),#16403,.T.);
#16369 = FACE_BOUND('',#16370,.T.);
#16370 = EDGE_LOOP('',(#16371,#16381,#16389,#16397));
#16371 = ORIENTED_EDGE('',*,*,#16372,.T.);
#16372 = EDGE_CURVE('',#16373,#16375,#16377,.T.);
#16373 = VERTEX_POINT('',#16374);
#16374 = CARTESIAN_POINT('',(0.612,1.2E-02,-0.637));
#16375 = VERTEX_POINT('',#16376);
#16376 = CARTESIAN_POINT('',(0.612,1.262,-0.637));
#16377 = LINE('',#16378,#16379);
#16378 = CARTESIAN_POINT('',(0.612,1.274,-0.637));
#16379 = VECTOR('',#16380,1.);
#16380 = DIRECTION('',(0.,1.,-8.510221134109E-17));
#16381 = ORIENTED_EDGE('',*,*,#16382,.T.);
#16382 = EDGE_CURVE('',#16375,#16383,#16385,.T.);
#16383 = VERTEX_POINT('',#16384);
#16384 = CARTESIAN_POINT('',(0.988,1.262,-0.637));
#16385 = LINE('',#16386,#16387);
#16386 = CARTESIAN_POINT('',(0.6,1.262,-0.637));
#16387 = VECTOR('',#16388,1.);
#16388 = DIRECTION('',(1.,0.,0.));
#16389 = ORIENTED_EDGE('',*,*,#16390,.T.);
#16390 = EDGE_CURVE('',#16383,#16391,#16393,.T.);
#16391 = VERTEX_POINT('',#16392);
#16392 = CARTESIAN_POINT('',(0.988,1.2E-02,-0.637));
#16393 = LINE('',#16394,#16395);
#16394 = CARTESIAN_POINT('',(0.988,0.,-0.637));
#16395 = VECTOR('',#16396,1.);
#16396 = DIRECTION('',(-0.,-1.,8.510221134109E-17));
#16397 = ORIENTED_EDGE('',*,*,#16398,.T.);
#16398 = EDGE_CURVE('',#16391,#16373,#16399,.T.);
#16399 = LINE('',#16400,#16401);
#16400 = CARTESIAN_POINT('',(0.6,1.2E-02,-0.637));
#16401 = VECTOR('',#16402,1.);
#16402 = DIRECTION('',(-1.,-0.,-0.));
#16403 = PLANE('',#16404);
#16404 = AXIS2_PLACEMENT_3D('',#16405,#16406,#16407);
#16405 = CARTESIAN_POINT('',(0.6,0.,-0.637));
#16406 = DIRECTION('',(0.,-8.510221134109E-17,-1.));
#16407 = DIRECTION('',(0.,1.,-8.510221134109E-17));
#16408 = ADVANCED_FACE('',(#16409),#16443,.T.);
#16409 = FACE_BOUND('',#16410,.T.);
#16410 = EDGE_LOOP('',(#16411,#16421,#16429,#16437));
#16411 = ORIENTED_EDGE('',*,*,#16412,.T.);
#16412 = EDGE_CURVE('',#16413,#16415,#16417,.T.);
#16413 = VERTEX_POINT('',#16414);
#16414 = CARTESIAN_POINT('',(0.988,0.,0.625));
#16415 = VERTEX_POINT('',#16416);
#16416 = CARTESIAN_POINT('',(0.612,0.,0.625));
#16417 = LINE('',#16418,#16419);
#16418 = CARTESIAN_POINT('',(0.6,0.,0.625));
#16419 = VECTOR('',#16420,1.);
#16420 = DIRECTION('',(-1.,-0.,-0.));
#16421 = ORIENTED_EDGE('',*,*,#16422,.T.);
#16422 = EDGE_CURVE('',#16415,#16423,#16425,.T.);
#16423 = VERTEX_POINT('',#16424);
#16424 = CARTESIAN_POINT('',(0.612,0.,-0.625));
#16425 = LINE('',#16426,#16427);
#16426 = CARTESIAN_POINT('',(0.612,0.,-0.637));
#16427 = VECTOR('',#16428,1.);
#16428 = DIRECTION('',(0.,0.,-1.));
#16429 = ORIENTED_EDGE('',*,*,#16430,.T.);
#16430 = EDGE_CURVE('',#16423,#16431,#16433,.T.);
#16431 = VERTEX_POINT('',#16432);
#16432 = CARTESIAN_POINT('',(0.988,0.,-0.625));
#16433 = LINE('',#16434,#16435);
#16434 = CARTESIAN_POINT('',(0.6,0.,-0.625));
#16435 = VECTOR('',#16436,1.);
#16436 = DIRECTION('',(1.,0.,0.));
#16437 = ORIENTED_EDGE('',*,*,#16438,.T.);
#16438 = EDGE_CURVE('',#16431,#16413,#16439,.T.);
#16439 = LINE('',#16440,#16441);
#16440 = CARTESIAN_POINT('',(0.988,0.,0.637));
#16441 = VECTOR('',#16442,1.);
#16442 = DIRECTION('',(-0.,-0.,1.));
#16443 = PLANE('',#16444);
#16444 = AXIS2_PLACEMENT_3D('',#16445,#16446,#16447);
#16445 = CARTESIAN_POINT('',(0.6,0.,0.637));
#16446 = DIRECTION('',(0.,-1.,0.));
#16447 = DIRECTION('',(0.,-0.,-1.));
#16448 = ADVANCED_FACE('',(#16449),#16483,.T.);
#16449 = FACE_BOUND('',#16450,.T.);
#16450 = EDGE_LOOP('',(#16451,#16461,#16469,#16477));
#16451 = ORIENTED_EDGE('',*,*,#16452,.T.);
#16452 = EDGE_CURVE('',#16453,#16455,#16457,.T.);
#16453 = VERTEX_POINT('',#16454);
#16454 = CARTESIAN_POINT('',(0.612,1.262,0.637));
#16455 = VERTEX_POINT('',#16456);
#16456 = CARTESIAN_POINT('',(0.612,1.2E-02,0.637));
#16457 = LINE('',#16458,#16459);
#16458 = CARTESIAN_POINT('',(0.612,-1.021226536093E-18,0.637));
#16459 = VECTOR('',#16460,1.);
#16460 = DIRECTION('',(0.,-1.,-8.510221134109E-17));
#16461 = ORIENTED_EDGE('',*,*,#16462,.T.);
#16462 = EDGE_CURVE('',#16455,#16463,#16465,.T.);
#16463 = VERTEX_POINT('',#16464);
#16464 = CARTESIAN_POINT('',(0.988,1.2E-02,0.637));
#16465 = LINE('',#16466,#16467);
#16466 = CARTESIAN_POINT('',(0.6,1.2E-02,0.637));
#16467 = VECTOR('',#16468,1.);
#16468 = DIRECTION('',(1.,0.,0.));
#16469 = ORIENTED_EDGE('',*,*,#16470,.T.);
#16470 = EDGE_CURVE('',#16463,#16471,#16473,.T.);
#16471 = VERTEX_POINT('',#16472);
#16472 = CARTESIAN_POINT('',(0.988,1.262,0.637));
#16473 = LINE('',#16474,#16475);
#16474 = CARTESIAN_POINT('',(0.988,1.274,0.637));
#16475 = VECTOR('',#16476,1.);
#16476 = DIRECTION('',(-0.,1.,8.510221134109E-17));
#16477 = ORIENTED_EDGE('',*,*,#16478,.T.);
#16478 = EDGE_CURVE('',#16471,#16453,#16479,.T.);
#16479 = LINE('',#16480,#16481);
#16480 = CARTESIAN_POINT('',(0.6,1.262,0.637));
#16481 = VECTOR('',#16482,1.);
#16482 = DIRECTION('',(-1.,-0.,-0.));
#16483 = PLANE('',#16484);
#16484 = AXIS2_PLACEMENT_3D('',#16485,#16486,#16487);
#16485 = CARTESIAN_POINT('',(0.6,1.274,0.637));
#16486 = DIRECTION('',(0.,-8.510221134109E-17,1.));
#16487 = DIRECTION('',(0.,-1.,-8.510221134109E-17));
#16488 = ADVANCED_FACE('',(#16489),#16523,.T.);
#16489 = FACE_BOUND('',#16490,.T.);
#16490 = EDGE_LOOP('',(#16491,#16501,#16509,#16517));
#16491 = ORIENTED_EDGE('',*,*,#16492,.T.);
#16492 = EDGE_CURVE('',#16493,#16495,#16497,.T.);
#16493 = VERTEX_POINT('',#16494);
#16494 = CARTESIAN_POINT('',(1.,1.2E-02,0.625));
#16495 = VERTEX_POINT('',#16496);
#16496 = CARTESIAN_POINT('',(1.,1.2E-02,-0.625));
#16497 = LINE('',#16498,#16499);
#16498 = CARTESIAN_POINT('',(1.,1.2E-02,0.625));
#16499 = VECTOR('',#16500,1.);
#16500 = DIRECTION('',(0.,0.,-1.));
#16501 = ORIENTED_EDGE('',*,*,#16502,.T.);
#16502 = EDGE_CURVE('',#16495,#16503,#16505,.T.);
#16503 = VERTEX_POINT('',#16504);
#16504 = CARTESIAN_POINT('',(1.,1.262,-0.625));
#16505 = LINE('',#16506,#16507);
#16506 = CARTESIAN_POINT('',(1.,1.2E-02,-0.625));
#16507 = VECTOR('',#16508,1.);
#16508 = DIRECTION('',(0.,1.,-8.510221134109E-17));
#16509 = ORIENTED_EDGE('',*,*,#16510,.T.);
#16510 = EDGE_CURVE('',#16503,#16511,#16513,.T.);
#16511 = VERTEX_POINT('',#16512);
#16512 = CARTESIAN_POINT('',(1.,1.262,0.625));
#16513 = LINE('',#16514,#16515);
#16514 = CARTESIAN_POINT('',(1.,1.262,0.625));
#16515 = VECTOR('',#16516,1.);
#16516 = DIRECTION('',(0.,0.,1.));
#16517 = ORIENTED_EDGE('',*,*,#16518,.T.);
#16518 = EDGE_CURVE('',#16511,#16493,#16519,.T.);
#16519 = LINE('',#16520,#16521);
#16520 = CARTESIAN_POINT('',(1.,1.2E-02,0.625));
#16521 = VECTOR('',#16522,1.);
#16522 = DIRECTION('',(0.,-1.,-8.510221134109E-17));
#16523 = PLANE('',#16524);
#16524 = AXIS2_PLACEMENT_3D('',#16525,#16526,#16527);
#16525 = CARTESIAN_POINT('',(1.,1.2E-02,0.625));
#16526 = DIRECTION('',(1.,0.,0.));
#16527 = DIRECTION('',(0.,0.,-1.));
#16528 = ADVANCED_FACE('',(#16529),#16547,.T.);
#16529 = FACE_BOUND('',#16530,.T.);
#16530 = EDGE_LOOP('',(#16531,#16538,#16539,#16546));
#16531 = ORIENTED_EDGE('',*,*,#16532,.F.);
#16532 = EDGE_CURVE('',#16495,#16431,#16533,.T.);
#16533 = CIRCLE('',#16534,1.2E-02);
#16534 = AXIS2_PLACEMENT_3D('',#16535,#16536,#16537);
#16535 = CARTESIAN_POINT('',(0.988,1.2E-02,-0.625));
#16536 = DIRECTION('',(0.,-9.035018104046E-15,-1.));
#16537 = DIRECTION('',(0.,1.,-9.035018104046E-15));
#16538 = ORIENTED_EDGE('',*,*,#16492,.F.);
#16539 = ORIENTED_EDGE('',*,*,#16540,.F.);
#16540 = EDGE_CURVE('',#16413,#16493,#16541,.T.);
#16541 = CIRCLE('',#16542,1.2E-02);
#16542 = AXIS2_PLACEMENT_3D('',#16543,#16544,#16545);
#16543 = CARTESIAN_POINT('',(0.988,1.2E-02,0.625));
#16544 = DIRECTION('',(-0.,0.,1.));
#16545 = DIRECTION('',(1.,0.,0.));
#16546 = ORIENTED_EDGE('',*,*,#16438,.F.);
#16547 = CYLINDRICAL_SURFACE('',#16548,1.2E-02);
#16548 = AXIS2_PLACEMENT_3D('',#16549,#16550,#16551);
#16549 = CARTESIAN_POINT('',(0.988,1.2E-02,0.625));
#16550 = DIRECTION('',(0.,0.,-1.));
#16551 = DIRECTION('',(-1.,0.,0.));
#16552 = ADVANCED_FACE('',(#16553),#16570,.T.);
#16553 = FACE_BOUND('',#16554,.T.);
#16554 = EDGE_LOOP('',(#16555,#16562,#16563));
#16555 = ORIENTED_EDGE('',*,*,#16556,.F.);
#16556 = EDGE_CURVE('',#16495,#16391,#16557,.T.);
#16557 = CIRCLE('',#16558,1.2E-02);
#16558 = AXIS2_PLACEMENT_3D('',#16559,#16560,#16561);
#16559 = CARTESIAN_POINT('',(0.988,1.2E-02,-0.625));
#16560 = DIRECTION('',(-0.,1.,-1.411721578757E-16));
#16561 = DIRECTION('',(0.,-1.411721578757E-16,-1.));
#16562 = ORIENTED_EDGE('',*,*,#16532,.T.);
#16563 = ORIENTED_EDGE('',*,*,#16564,.F.);
#16564 = EDGE_CURVE('',#16391,#16431,#16565,.T.);
#16565 = CIRCLE('',#16566,1.2E-02);
#16566 = AXIS2_PLACEMENT_3D('',#16567,#16568,#16569);
#16567 = CARTESIAN_POINT('',(0.988,1.2E-02,-0.625));
#16568 = DIRECTION('',(-1.,-0.,-0.));
#16569 = DIRECTION('',(0.,0.,-1.));
#16570 = SPHERICAL_SURFACE('',#16571,1.2E-02);
#16571 = AXIS2_PLACEMENT_3D('',#16572,#16573,#16574);
#16572 = CARTESIAN_POINT('',(0.988,1.2E-02,-0.625));
#16573 = DIRECTION('',(0.,1.,0.));
#16574 = DIRECTION('',(1.,0.,0.));
#16575 = ADVANCED_FACE('',(#16576),#16593,.T.);
#16576 = FACE_BOUND('',#16577,.T.);
#16577 = EDGE_LOOP('',(#16578,#16585,#16586));
#16578 = ORIENTED_EDGE('',*,*,#16579,.F.);
#16579 = EDGE_CURVE('',#16413,#16463,#16580,.T.);
#16580 = CIRCLE('',#16581,1.2E-02);
#16581 = AXIS2_PLACEMENT_3D('',#16582,#16583,#16584);
#16582 = CARTESIAN_POINT('',(0.988,1.2E-02,0.625));
#16583 = DIRECTION('',(-1.,-0.,-0.));
#16584 = DIRECTION('',(0.,0.,-1.));
#16585 = ORIENTED_EDGE('',*,*,#16540,.T.);
#16586 = ORIENTED_EDGE('',*,*,#16587,.F.);
#16587 = EDGE_CURVE('',#16463,#16493,#16588,.T.);
#16588 = CIRCLE('',#16589,1.2E-02);
#16589 = AXIS2_PLACEMENT_3D('',#16590,#16591,#16592);
#16590 = CARTESIAN_POINT('',(0.988,1.2E-02,0.625));
#16591 = DIRECTION('',(-0.,1.,-6.070402788656E-15));
#16592 = DIRECTION('',(0.,-6.070402788656E-15,-1.));
#16593 = SPHERICAL_SURFACE('',#16594,1.2E-02);
#16594 = AXIS2_PLACEMENT_3D('',#16595,#16596,#16597);
#16595 = CARTESIAN_POINT('',(0.988,1.2E-02,0.625));
#16596 = DIRECTION('',(0.,1.,0.));
#16597 = DIRECTION('',(1.,0.,0.));
#16598 = ADVANCED_FACE('',(#16599),#16611,.T.);
#16599 = FACE_BOUND('',#16600,.T.);
#16600 = EDGE_LOOP('',(#16601,#16602,#16603,#16610));
#16601 = ORIENTED_EDGE('',*,*,#16564,.T.);
#16602 = ORIENTED_EDGE('',*,*,#16430,.F.);
#16603 = ORIENTED_EDGE('',*,*,#16604,.F.);
#16604 = EDGE_CURVE('',#16373,#16423,#16605,.T.);
#16605 = CIRCLE('',#16606,1.2E-02);
#16606 = AXIS2_PLACEMENT_3D('',#16607,#16608,#16609);
#16607 = CARTESIAN_POINT('',(0.612,1.2E-02,-0.625));
#16608 = DIRECTION('',(-1.,-0.,0.));
#16609 = DIRECTION('',(0.,0.,1.));
#16610 = ORIENTED_EDGE('',*,*,#16398,.F.);
#16611 = CYLINDRICAL_SURFACE('',#16612,1.2E-02);
#16612 = AXIS2_PLACEMENT_3D('',#16613,#16614,#16615);
#16613 = CARTESIAN_POINT('',(0.6,1.2E-02,-0.625));
#16614 = DIRECTION('',(1.,0.,0.));
#16615 = DIRECTION('',(0.,0.,-1.));
#16616 = ADVANCED_FACE('',(#16617),#16629,.T.);
#16617 = FACE_BOUND('',#16618,.T.);
#16618 = EDGE_LOOP('',(#16619,#16620,#16621,#16628));
#16619 = ORIENTED_EDGE('',*,*,#16556,.T.);
#16620 = ORIENTED_EDGE('',*,*,#16390,.F.);
#16621 = ORIENTED_EDGE('',*,*,#16622,.F.);
#16622 = EDGE_CURVE('',#16503,#16383,#16623,.T.);
#16623 = CIRCLE('',#16624,1.2E-02);
#16624 = AXIS2_PLACEMENT_3D('',#16625,#16626,#16627);
#16625 = CARTESIAN_POINT('',(0.988,1.262,-0.625));
#16626 = DIRECTION('',(-0.,1.,0.));
#16627 = DIRECTION('',(0.,0.,1.));
#16628 = ORIENTED_EDGE('',*,*,#16502,.F.);
#16629 = CYLINDRICAL_SURFACE('',#16630,1.2E-02);
#16630 = AXIS2_PLACEMENT_3D('',#16631,#16632,#16633);
#16631 = CARTESIAN_POINT('',(0.988,1.2E-02,-0.625));
#16632 = DIRECTION('',(0.,1.,-8.510221134109E-17));
#16633 = DIRECTION('',(0.,8.510221134109E-17,1.));
#16634 = ADVANCED_FACE('',(#16635),#16653,.T.);
#16635 = FACE_BOUND('',#16636,.T.);
#16636 = EDGE_LOOP('',(#16637,#16644,#16645,#16652));
#16637 = ORIENTED_EDGE('',*,*,#16638,.F.);
#16638 = EDGE_CURVE('',#16511,#16351,#16639,.T.);
#16639 = CIRCLE('',#16640,1.2E-02);
#16640 = AXIS2_PLACEMENT_3D('',#16641,#16642,#16643);
#16641 = CARTESIAN_POINT('',(0.988,1.262,0.625));
#16642 = DIRECTION('',(0.,-9.035018104046E-15,1.));
#16643 = DIRECTION('',(0.,-1.,-9.035018104046E-15));
#16644 = ORIENTED_EDGE('',*,*,#16510,.F.);
#16645 = ORIENTED_EDGE('',*,*,#16646,.F.);
#16646 = EDGE_CURVE('',#16333,#16503,#16647,.T.);
#16647 = CIRCLE('',#16648,1.2E-02);
#16648 = AXIS2_PLACEMENT_3D('',#16649,#16650,#16651);
#16649 = CARTESIAN_POINT('',(0.988,1.262,-0.625));
#16650 = DIRECTION('',(0.,0.,-1.));
#16651 = DIRECTION('',(-1.,0.,0.));
#16652 = ORIENTED_EDGE('',*,*,#16358,.F.);
#16653 = CYLINDRICAL_SURFACE('',#16654,1.2E-02);
#16654 = AXIS2_PLACEMENT_3D('',#16655,#16656,#16657);
#16655 = CARTESIAN_POINT('',(0.988,1.262,0.625));
#16656 = DIRECTION('',(0.,0.,1.));
#16657 = DIRECTION('',(1.,0.,-0.));
#16658 = ADVANCED_FACE('',(#16659),#16671,.T.);
#16659 = FACE_BOUND('',#16660,.T.);
#16660 = EDGE_LOOP('',(#16661,#16662,#16663,#16670));
#16661 = ORIENTED_EDGE('',*,*,#16587,.T.);
#16662 = ORIENTED_EDGE('',*,*,#16518,.F.);
#16663 = ORIENTED_EDGE('',*,*,#16664,.F.);
#16664 = EDGE_CURVE('',#16471,#16511,#16665,.T.);
#16665 = CIRCLE('',#16666,1.2E-02);
#16666 = AXIS2_PLACEMENT_3D('',#16667,#16668,#16669);
#16667 = CARTESIAN_POINT('',(0.988,1.262,0.625));
#16668 = DIRECTION('',(0.,1.,0.));
#16669 = DIRECTION('',(0.,-0.,1.));
#16670 = ORIENTED_EDGE('',*,*,#16470,.F.);
#16671 = CYLINDRICAL_SURFACE('',#16672,1.2E-02);
#16672 = AXIS2_PLACEMENT_3D('',#16673,#16674,#16675);
#16673 = CARTESIAN_POINT('',(0.988,1.2E-02,0.625));
#16674 = DIRECTION('',(0.,-1.,-8.510221134109E-17));
#16675 = DIRECTION('',(0.,8.510221134109E-17,-1.));
#16676 = ADVANCED_FACE('',(#16677),#16689,.T.);
#16677 = FACE_BOUND('',#16678,.T.);
#16678 = EDGE_LOOP('',(#16679,#16680,#16681,#16688));
#16679 = ORIENTED_EDGE('',*,*,#16579,.T.);
#16680 = ORIENTED_EDGE('',*,*,#16462,.F.);
#16681 = ORIENTED_EDGE('',*,*,#16682,.F.);
#16682 = EDGE_CURVE('',#16415,#16455,#16683,.T.);
#16683 = CIRCLE('',#16684,1.2E-02);
#16684 = AXIS2_PLACEMENT_3D('',#16685,#16686,#16687);
#16685 = CARTESIAN_POINT('',(0.612,1.2E-02,0.625));
#16686 = DIRECTION('',(-1.,0.,0.));
#16687 = DIRECTION('',(0.,0.,1.));
#16688 = ORIENTED_EDGE('',*,*,#16412,.F.);
#16689 = CYLINDRICAL_SURFACE('',#16690,1.2E-02);
#16690 = AXIS2_PLACEMENT_3D('',#16691,#16692,#16693);
#16691 = CARTESIAN_POINT('',(0.6,1.2E-02,0.625));
#16692 = DIRECTION('',(1.,0.,0.));
#16693 = DIRECTION('',(0.,0.,-1.));
#16694 = ADVANCED_FACE('',(#16695),#16713,.T.);
#16695 = FACE_BOUND('',#16696,.T.);
#16696 = EDGE_LOOP('',(#16697,#16704,#16705,#16712));
#16697 = ORIENTED_EDGE('',*,*,#16698,.F.);
#16698 = EDGE_CURVE('',#16423,#16257,#16699,.T.);
#16699 = CIRCLE('',#16700,1.2E-02);
#16700 = AXIS2_PLACEMENT_3D('',#16701,#16702,#16703);
#16701 = CARTESIAN_POINT('',(0.612,1.2E-02,-0.625));
#16702 = DIRECTION('',(9.035018104046E-15,0.,-1.));
#16703 = DIRECTION('',(-1.,0.,-9.035018104046E-15));
#16704 = ORIENTED_EDGE('',*,*,#16422,.F.);
#16705 = ORIENTED_EDGE('',*,*,#16706,.F.);
#16706 = EDGE_CURVE('',#16219,#16415,#16707,.T.);
#16707 = CIRCLE('',#16708,1.2E-02);
#16708 = AXIS2_PLACEMENT_3D('',#16709,#16710,#16711);
#16709 = CARTESIAN_POINT('',(0.612,1.2E-02,0.625));
#16710 = DIRECTION('',(0.,0.,1.));
#16711 = DIRECTION('',(1.,0.,-0.));
#16712 = ORIENTED_EDGE('',*,*,#16264,.T.);
#16713 = CYLINDRICAL_SURFACE('',#16714,1.2E-02);
#16714 = AXIS2_PLACEMENT_3D('',#16715,#16716,#16717);
#16715 = CARTESIAN_POINT('',(0.612,1.2E-02,0.637));
#16716 = DIRECTION('',(0.,0.,1.));
#16717 = DIRECTION('',(1.,0.,-0.));
#16718 = ADVANCED_FACE('',(#16719),#16730,.T.);
#16719 = FACE_BOUND('',#16720,.T.);
#16720 = EDGE_LOOP('',(#16721,#16722,#16723));
#16721 = ORIENTED_EDGE('',*,*,#16604,.T.);
#16722 = ORIENTED_EDGE('',*,*,#16698,.T.);
#16723 = ORIENTED_EDGE('',*,*,#16724,.F.);
#16724 = EDGE_CURVE('',#16373,#16257,#16725,.T.);
#16725 = CIRCLE('',#16726,1.2E-02);
#16726 = AXIS2_PLACEMENT_3D('',#16727,#16728,#16729);
#16727 = CARTESIAN_POINT('',(0.612,1.2E-02,-0.625));
#16728 = DIRECTION('',(-0.,1.,-1.411721578757E-16));
#16729 = DIRECTION('',(0.,-1.411721578757E-16,-1.));
#16730 = SPHERICAL_SURFACE('',#16731,1.2E-02);
#16731 = AXIS2_PLACEMENT_3D('',#16732,#16733,#16734);
#16732 = CARTESIAN_POINT('',(0.612,1.2E-02,-0.625));
#16733 = DIRECTION('',(0.,1.,0.));
#16734 = DIRECTION('',(1.,0.,0.));
#16735 = ADVANCED_FACE('',(#16736),#16747,.T.);
#16736 = FACE_BOUND('',#16737,.T.);
#16737 = EDGE_LOOP('',(#16738,#16739,#16740));
#16738 = ORIENTED_EDGE('',*,*,#16646,.T.);
#16739 = ORIENTED_EDGE('',*,*,#16622,.T.);
#16740 = ORIENTED_EDGE('',*,*,#16741,.F.);
#16741 = EDGE_CURVE('',#16333,#16383,#16742,.T.);
#16742 = CIRCLE('',#16743,1.2E-02);
#16743 = AXIS2_PLACEMENT_3D('',#16744,#16745,#16746);
#16744 = CARTESIAN_POINT('',(0.988,1.262,-0.625));
#16745 = DIRECTION('',(-1.,0.,-0.));
#16746 = DIRECTION('',(0.,0.,-1.));
#16747 = SPHERICAL_SURFACE('',#16748,1.2E-02);
#16748 = AXIS2_PLACEMENT_3D('',#16749,#16750,#16751);
#16749 = CARTESIAN_POINT('',(0.988,1.262,-0.625));
#16750 = DIRECTION('',(0.,1.,0.));
#16751 = DIRECTION('',(1.,0.,0.));
#16752 = ADVANCED_FACE('',(#16753),#16764,.T.);
#16753 = FACE_BOUND('',#16754,.T.);
#16754 = EDGE_LOOP('',(#16755,#16756,#16757));
#16755 = ORIENTED_EDGE('',*,*,#16664,.T.);
#16756 = ORIENTED_EDGE('',*,*,#16638,.T.);
#16757 = ORIENTED_EDGE('',*,*,#16758,.F.);
#16758 = EDGE_CURVE('',#16471,#16351,#16759,.T.);
#16759 = CIRCLE('',#16760,1.2E-02);
#16760 = AXIS2_PLACEMENT_3D('',#16761,#16762,#16763);
#16761 = CARTESIAN_POINT('',(0.988,1.262,0.625));
#16762 = DIRECTION('',(-1.,-0.,-0.));
#16763 = DIRECTION('',(0.,0.,-1.));
#16764 = SPHERICAL_SURFACE('',#16765,1.2E-02);
#16765 = AXIS2_PLACEMENT_3D('',#16766,#16767,#16768);
#16766 = CARTESIAN_POINT('',(0.988,1.262,0.625));
#16767 = DIRECTION('',(0.,1.,0.));
#16768 = DIRECTION('',(1.,0.,0.));
#16769 = ADVANCED_FACE('',(#16770),#16781,.T.);
#16770 = FACE_BOUND('',#16771,.T.);
#16771 = EDGE_LOOP('',(#16772,#16773,#16774));
#16772 = ORIENTED_EDGE('',*,*,#16706,.T.);
#16773 = ORIENTED_EDGE('',*,*,#16682,.T.);
#16774 = ORIENTED_EDGE('',*,*,#16775,.F.);
#16775 = EDGE_CURVE('',#16219,#16455,#16776,.T.);
#16776 = CIRCLE('',#16777,1.2E-02);
#16777 = AXIS2_PLACEMENT_3D('',#16778,#16779,#16780);
#16778 = CARTESIAN_POINT('',(0.612,1.2E-02,0.625));
#16779 = DIRECTION('',(-6.211574946532E-15,1.,1.411721578757E-16));
#16780 = DIRECTION('',(1.,6.211574946532E-15,0.));
#16781 = SPHERICAL_SURFACE('',#16782,1.2E-02);
#16782 = AXIS2_PLACEMENT_3D('',#16783,#16784,#16785);
#16783 = CARTESIAN_POINT('',(0.612,1.2E-02,0.625));
#16784 = DIRECTION('',(0.,1.,0.));
#16785 = DIRECTION('',(1.,0.,0.));
#16786 = ADVANCED_FACE('',(#16787),#16799,.T.);
#16787 = FACE_BOUND('',#16788,.T.);
#16788 = EDGE_LOOP('',(#16789,#16790,#16791,#16798));
#16789 = ORIENTED_EDGE('',*,*,#16724,.T.);
#16790 = ORIENTED_EDGE('',*,*,#16295,.T.);
#16791 = ORIENTED_EDGE('',*,*,#16792,.F.);
#16792 = EDGE_CURVE('',#16375,#16288,#16793,.T.);
#16793 = CIRCLE('',#16794,1.2E-02);
#16794 = AXIS2_PLACEMENT_3D('',#16795,#16796,#16797);
#16795 = CARTESIAN_POINT('',(0.612,1.262,-0.625));
#16796 = DIRECTION('',(0.,1.,0.));
#16797 = DIRECTION('',(0.,-0.,1.));
#16798 = ORIENTED_EDGE('',*,*,#16372,.F.);
#16799 = CYLINDRICAL_SURFACE('',#16800,1.2E-02);
#16800 = AXIS2_PLACEMENT_3D('',#16801,#16802,#16803);
#16801 = CARTESIAN_POINT('',(0.612,1.021226536093E-18,-0.625));
#16802 = DIRECTION('',(0.,-1.,8.510221134109E-17));
#16803 = DIRECTION('',(0.,-8.510221134109E-17,-1.));
#16804 = ADVANCED_FACE('',(#16805),#16817,.T.);
#16805 = FACE_BOUND('',#16806,.T.);
#16806 = EDGE_LOOP('',(#16807,#16808,#16809,#16816));
#16807 = ORIENTED_EDGE('',*,*,#16741,.T.);
#16808 = ORIENTED_EDGE('',*,*,#16382,.F.);
#16809 = ORIENTED_EDGE('',*,*,#16810,.F.);
#16810 = EDGE_CURVE('',#16335,#16375,#16811,.T.);
#16811 = CIRCLE('',#16812,1.2E-02);
#16812 = AXIS2_PLACEMENT_3D('',#16813,#16814,#16815);
#16813 = CARTESIAN_POINT('',(0.612,1.262,-0.625));
#16814 = DIRECTION('',(-1.,0.,0.));
#16815 = DIRECTION('',(0.,0.,1.));
#16816 = ORIENTED_EDGE('',*,*,#16332,.F.);
#16817 = CYLINDRICAL_SURFACE('',#16818,1.2E-02);
#16818 = AXIS2_PLACEMENT_3D('',#16819,#16820,#16821);
#16819 = CARTESIAN_POINT('',(0.6,1.262,-0.625));
#16820 = DIRECTION('',(1.,0.,0.));
#16821 = DIRECTION('',(0.,0.,-1.));
#16822 = ADVANCED_FACE('',(#16823),#16835,.T.);
#16823 = FACE_BOUND('',#16824,.T.);
#16824 = EDGE_LOOP('',(#16825,#16826,#16827,#16834));
#16825 = ORIENTED_EDGE('',*,*,#16758,.T.);
#16826 = ORIENTED_EDGE('',*,*,#16350,.F.);
#16827 = ORIENTED_EDGE('',*,*,#16828,.F.);
#16828 = EDGE_CURVE('',#16453,#16343,#16829,.T.);
#16829 = CIRCLE('',#16830,1.2E-02);
#16830 = AXIS2_PLACEMENT_3D('',#16831,#16832,#16833);
#16831 = CARTESIAN_POINT('',(0.612,1.262,0.625));
#16832 = DIRECTION('',(-1.,0.,0.));
#16833 = DIRECTION('',(0.,0.,1.));
#16834 = ORIENTED_EDGE('',*,*,#16478,.F.);
#16835 = CYLINDRICAL_SURFACE('',#16836,1.2E-02);
#16836 = AXIS2_PLACEMENT_3D('',#16837,#16838,#16839);
#16837 = CARTESIAN_POINT('',(0.6,1.262,0.625));
#16838 = DIRECTION('',(1.,0.,0.));
#16839 = DIRECTION('',(0.,0.,-1.));
#16840 = ADVANCED_FACE('',(#16841),#16853,.T.);
#16841 = FACE_BOUND('',#16842,.T.);
#16842 = EDGE_LOOP('',(#16843,#16844,#16845,#16852));
#16843 = ORIENTED_EDGE('',*,*,#16775,.T.);
#16844 = ORIENTED_EDGE('',*,*,#16452,.F.);
#16845 = ORIENTED_EDGE('',*,*,#16846,.F.);
#16846 = EDGE_CURVE('',#16227,#16453,#16847,.T.);
#16847 = CIRCLE('',#16848,1.2E-02);
#16848 = AXIS2_PLACEMENT_3D('',#16849,#16850,#16851);
#16849 = CARTESIAN_POINT('',(0.612,1.262,0.625));
#16850 = DIRECTION('',(0.,1.,-0.));
#16851 = DIRECTION('',(0.,0.,1.));
#16852 = ORIENTED_EDGE('',*,*,#16226,.T.);
#16853 = CYLINDRICAL_SURFACE('',#16854,1.2E-02);
#16854 = AXIS2_PLACEMENT_3D('',#16855,#16856,#16857);
#16855 = CARTESIAN_POINT('',(0.612,1.274,0.625));
#16856 = DIRECTION('',(0.,1.,8.510221134109E-17));
#16857 = DIRECTION('',(0.,-8.510221134109E-17,1.));
#16858 = ADVANCED_FACE('',(#16859),#16870,.T.);
#16859 = FACE_BOUND('',#16860,.T.);
#16860 = EDGE_LOOP('',(#16861,#16862,#16863));
#16861 = ORIENTED_EDGE('',*,*,#16810,.T.);
#16862 = ORIENTED_EDGE('',*,*,#16792,.T.);
#16863 = ORIENTED_EDGE('',*,*,#16864,.F.);
#16864 = EDGE_CURVE('',#16335,#16288,#16865,.T.);
#16865 = CIRCLE('',#16866,1.2E-02);
#16866 = AXIS2_PLACEMENT_3D('',#16867,#16868,#16869);
#16867 = CARTESIAN_POINT('',(0.612,1.262,-0.625));
#16868 = DIRECTION('',(0.,-0.,1.));
#16869 = DIRECTION('',(-1.,0.,0.));
#16870 = SPHERICAL_SURFACE('',#16871,1.2E-02);
#16871 = AXIS2_PLACEMENT_3D('',#16872,#16873,#16874);
#16872 = CARTESIAN_POINT('',(0.612,1.262,-0.625));
#16873 = DIRECTION('',(0.,1.,0.));
#16874 = DIRECTION('',(1.,0.,0.));
#16875 = ADVANCED_FACE('',(#16876),#16887,.T.);
#16876 = FACE_BOUND('',#16877,.T.);
#16877 = EDGE_LOOP('',(#16878,#16879,#16880));
#16878 = ORIENTED_EDGE('',*,*,#16846,.T.);
#16879 = ORIENTED_EDGE('',*,*,#16828,.T.);
#16880 = ORIENTED_EDGE('',*,*,#16881,.F.);
#16881 = EDGE_CURVE('',#16227,#16343,#16882,.T.);
#16882 = CIRCLE('',#16883,1.2E-02);
#16883 = AXIS2_PLACEMENT_3D('',#16884,#16885,#16886);
#16884 = CARTESIAN_POINT('',(0.612,1.262,0.625));
#16885 = DIRECTION('',(9.035018104046E-15,0.,-1.));
#16886 = DIRECTION('',(1.,0.,9.035018104046E-15));
#16887 = SPHERICAL_SURFACE('',#16888,1.2E-02);
#16888 = AXIS2_PLACEMENT_3D('',#16889,#16890,#16891);
#16889 = CARTESIAN_POINT('',(0.612,1.262,0.625));
#16890 = DIRECTION('',(0.,1.,0.));
#16891 = DIRECTION('',(1.,0.,0.));
#16892 = ADVANCED_FACE('',(#16893),#16899,.T.);
#16893 = FACE_BOUND('',#16894,.T.);
#16894 = EDGE_LOOP('',(#16895,#16896,#16897,#16898));
#16895 = ORIENTED_EDGE('',*,*,#16864,.T.);
#16896 = ORIENTED_EDGE('',*,*,#16317,.T.);
#16897 = ORIENTED_EDGE('',*,*,#16881,.T.);
#16898 = ORIENTED_EDGE('',*,*,#16342,.F.);
#16899 = CYLINDRICAL_SURFACE('',#16900,1.2E-02);
#16900 = AXIS2_PLACEMENT_3D('',#16901,#16902,#16903);
#16901 = CARTESIAN_POINT('',(0.612,1.262,-0.637));
#16902 = DIRECTION('',(0.,0.,-1.));
#16903 = DIRECTION('',(-1.,0.,0.));
#16904 = ADVANCED_FACE('',(#16905),#16939,.F.);
#16905 = FACE_BOUND('',#16906,.T.);
#16906 = EDGE_LOOP('',(#16907,#16917,#16925,#16933));
#16907 = ORIENTED_EDGE('',*,*,#16908,.T.);
#16908 = EDGE_CURVE('',#16909,#16911,#16913,.T.);
#16909 = VERTEX_POINT('',#16910);
#16910 = CARTESIAN_POINT('',(-0.612,1.274,0.625));
#16911 = VERTEX_POINT('',#16912);
#16912 = CARTESIAN_POINT('',(-0.612,1.274,-0.625));
#16913 = LINE('',#16914,#16915);
#16914 = CARTESIAN_POINT('',(-0.612,1.274,-0.637));
#16915 = VECTOR('',#16916,1.);
#16916 = DIRECTION('',(-0.,-0.,-1.));
#16917 = ORIENTED_EDGE('',*,*,#16918,.T.);
#16918 = EDGE_CURVE('',#16911,#16919,#16921,.T.);
#16919 = VERTEX_POINT('',#16920);
#16920 = CARTESIAN_POINT('',(-0.988,1.274,-0.625));
#16921 = LINE('',#16922,#16923);
#16922 = CARTESIAN_POINT('',(-0.6,1.274,-0.625));
#16923 = VECTOR('',#16924,1.);
#16924 = DIRECTION('',(-1.,0.,0.));
#16925 = ORIENTED_EDGE('',*,*,#16926,.T.);
#16926 = EDGE_CURVE('',#16919,#16927,#16929,.T.);
#16927 = VERTEX_POINT('',#16928);
#16928 = CARTESIAN_POINT('',(-0.988,1.274,0.625));
#16929 = LINE('',#16930,#16931);
#16930 = CARTESIAN_POINT('',(-0.988,1.274,-0.637));
#16931 = VECTOR('',#16932,1.);
#16932 = DIRECTION('',(0.,0.,1.));
#16933 = ORIENTED_EDGE('',*,*,#16934,.T.);
#16934 = EDGE_CURVE('',#16927,#16909,#16935,.T.);
#16935 = LINE('',#16936,#16937);
#16936 = CARTESIAN_POINT('',(-0.6,1.274,0.625));
#16937 = VECTOR('',#16938,1.);
#16938 = DIRECTION('',(1.,-0.,-0.));
#16939 = PLANE('',#16940);
#16940 = AXIS2_PLACEMENT_3D('',#16941,#16942,#16943);
#16941 = CARTESIAN_POINT('',(-0.6,1.274,-0.637));
#16942 = DIRECTION('',(0.,-1.,0.));
#16943 = DIRECTION('',(0.,-0.,-1.));
#16944 = ADVANCED_FACE('',(#16945),#16979,.F.);
#16945 = FACE_BOUND('',#16946,.T.);
#16946 = EDGE_LOOP('',(#16947,#16957,#16965,#16973));
#16947 = ORIENTED_EDGE('',*,*,#16948,.T.);
#16948 = EDGE_CURVE('',#16949,#16951,#16953,.T.);
#16949 = VERTEX_POINT('',#16950);
#16950 = CARTESIAN_POINT('',(-0.612,1.2E-02,0.637));
#16951 = VERTEX_POINT('',#16952);
#16952 = CARTESIAN_POINT('',(-0.612,1.262,0.637));
#16953 = LINE('',#16954,#16955);
#16954 = CARTESIAN_POINT('',(-0.612,1.274,0.637));
#16955 = VECTOR('',#16956,1.);
#16956 = DIRECTION('',(-0.,1.,8.510221134109E-17));
#16957 = ORIENTED_EDGE('',*,*,#16958,.T.);
#16958 = EDGE_CURVE('',#16951,#16959,#16961,.T.);
#16959 = VERTEX_POINT('',#16960);
#16960 = CARTESIAN_POINT('',(-0.988,1.262,0.637));
#16961 = LINE('',#16962,#16963);
#16962 = CARTESIAN_POINT('',(-0.6,1.262,0.637));
#16963 = VECTOR('',#16964,1.);
#16964 = DIRECTION('',(-1.,0.,0.));
#16965 = ORIENTED_EDGE('',*,*,#16966,.T.);
#16966 = EDGE_CURVE('',#16959,#16967,#16969,.T.);
#16967 = VERTEX_POINT('',#16968);
#16968 = CARTESIAN_POINT('',(-0.988,1.2E-02,0.637));
#16969 = LINE('',#16970,#16971);
#16970 = CARTESIAN_POINT('',(-0.988,1.274,0.637));
#16971 = VECTOR('',#16972,1.);
#16972 = DIRECTION('',(0.,-1.,-8.510221134109E-17));
#16973 = ORIENTED_EDGE('',*,*,#16974,.T.);
#16974 = EDGE_CURVE('',#16967,#16949,#16975,.T.);
#16975 = LINE('',#16976,#16977);
#16976 = CARTESIAN_POINT('',(-0.6,1.2E-02,0.637));
#16977 = VECTOR('',#16978,1.);
#16978 = DIRECTION('',(1.,-0.,-0.));
#16979 = PLANE('',#16980);
#16980 = AXIS2_PLACEMENT_3D('',#16981,#16982,#16983);
#16981 = CARTESIAN_POINT('',(-0.6,1.274,0.637));
#16982 = DIRECTION('',(0.,8.510221134109E-17,-1.));
#16983 = DIRECTION('',(0.,1.,8.510221134109E-17));
#16984 = ADVANCED_FACE('',(#16985),#17019,.F.);
#16985 = FACE_BOUND('',#16986,.T.);
#16986 = EDGE_LOOP('',(#16987,#16997,#17005,#17013));
#16987 = ORIENTED_EDGE('',*,*,#16988,.T.);
#16988 = EDGE_CURVE('',#16989,#16991,#16993,.T.);
#16989 = VERTEX_POINT('',#16990);
#16990 = CARTESIAN_POINT('',(-0.988,0.,0.625));
#16991 = VERTEX_POINT('',#16992);
#16992 = CARTESIAN_POINT('',(-0.988,0.,-0.625));
#16993 = LINE('',#16994,#16995);
#16994 = CARTESIAN_POINT('',(-0.988,0.,0.637));
#16995 = VECTOR('',#16996,1.);
#16996 = DIRECTION('',(0.,0.,-1.));
#16997 = ORIENTED_EDGE('',*,*,#16998,.T.);
#16998 = EDGE_CURVE('',#16991,#16999,#17001,.T.);
#16999 = VERTEX_POINT('',#17000);
#17000 = CARTESIAN_POINT('',(-0.612,0.,-0.625));
#17001 = LINE('',#17002,#17003);
#17002 = CARTESIAN_POINT('',(-0.6,0.,-0.625));
#17003 = VECTOR('',#17004,1.);
#17004 = DIRECTION('',(1.,-0.,-0.));
#17005 = ORIENTED_EDGE('',*,*,#17006,.T.);
#17006 = EDGE_CURVE('',#16999,#17007,#17009,.T.);
#17007 = VERTEX_POINT('',#17008);
#17008 = CARTESIAN_POINT('',(-0.612,0.,0.625));
#17009 = LINE('',#17010,#17011);
#17010 = CARTESIAN_POINT('',(-0.612,0.,0.637));
#17011 = VECTOR('',#17012,1.);
#17012 = DIRECTION('',(-0.,-0.,1.));
#17013 = ORIENTED_EDGE('',*,*,#17014,.T.);
#17014 = EDGE_CURVE('',#17007,#16989,#17015,.T.);
#17015 = LINE('',#17016,#17017);
#17016 = CARTESIAN_POINT('',(-0.6,0.,0.625));
#17017 = VECTOR('',#17018,1.);
#17018 = DIRECTION('',(-1.,0.,0.));
#17019 = PLANE('',#17020);
#17020 = AXIS2_PLACEMENT_3D('',#17021,#17022,#17023);
#17021 = CARTESIAN_POINT('',(-0.6,0.,0.637));
#17022 = DIRECTION('',(0.,1.,0.));
#17023 = DIRECTION('',(0.,-0.,1.));
#17024 = ADVANCED_FACE('',(#17025),#17059,.F.);
#17025 = FACE_BOUND('',#17026,.T.);
#17026 = EDGE_LOOP('',(#17027,#17037,#17045,#17053));
#17027 = ORIENTED_EDGE('',*,*,#17028,.T.);
#17028 = EDGE_CURVE('',#17029,#17031,#17033,.T.);
#17029 = VERTEX_POINT('',#17030);
#17030 = CARTESIAN_POINT('',(-0.612,1.262,-0.637));
#17031 = VERTEX_POINT('',#17032);
#17032 = CARTESIAN_POINT('',(-0.612,1.2E-02,-0.637));
#17033 = LINE('',#17034,#17035);
#17034 = CARTESIAN_POINT('',(-0.612,0.,-0.637));
#17035 = VECTOR('',#17036,1.);
#17036 = DIRECTION('',(-0.,-1.,8.510221134109E-17));
#17037 = ORIENTED_EDGE('',*,*,#17038,.T.);
#17038 = EDGE_CURVE('',#17031,#17039,#17041,.T.);
#17039 = VERTEX_POINT('',#17040);
#17040 = CARTESIAN_POINT('',(-0.988,1.2E-02,-0.637));
#17041 = LINE('',#17042,#17043);
#17042 = CARTESIAN_POINT('',(-0.6,1.2E-02,-0.637));
#17043 = VECTOR('',#17044,1.);
#17044 = DIRECTION('',(-1.,0.,0.));
#17045 = ORIENTED_EDGE('',*,*,#17046,.T.);
#17046 = EDGE_CURVE('',#17039,#17047,#17049,.T.);
#17047 = VERTEX_POINT('',#17048);
#17048 = CARTESIAN_POINT('',(-0.988,1.262,-0.637));
#17049 = LINE('',#17050,#17051);
#17050 = CARTESIAN_POINT('',(-0.988,0.,-0.637));
#17051 = VECTOR('',#17052,1.);
#17052 = DIRECTION('',(0.,1.,-8.510221134109E-17));
#17053 = ORIENTED_EDGE('',*,*,#17054,.T.);
#17054 = EDGE_CURVE('',#17047,#17029,#17055,.T.);
#17055 = LINE('',#17056,#17057);
#17056 = CARTESIAN_POINT('',(-0.6,1.262,-0.637));
#17057 = VECTOR('',#17058,1.);
#17058 = DIRECTION('',(1.,-0.,-0.));
#17059 = PLANE('',#17060);
#17060 = AXIS2_PLACEMENT_3D('',#17061,#17062,#17063);
#17061 = CARTESIAN_POINT('',(-0.6,0.,-0.637));
#17062 = DIRECTION('',(0.,8.510221134109E-17,1.));
#17063 = DIRECTION('',(0.,-1.,8.510221134109E-17));
#17064 = ADVANCED_FACE('',(#17065),#17099,.F.);
#17065 = FACE_BOUND('',#17066,.T.);
#17066 = EDGE_LOOP('',(#17067,#17077,#17085,#17093));
#17067 = ORIENTED_EDGE('',*,*,#17068,.T.);
#17068 = EDGE_CURVE('',#17069,#17071,#17073,.T.);
#17069 = VERTEX_POINT('',#17070);
#17070 = CARTESIAN_POINT('',(-1.,1.262,0.625));
#17071 = VERTEX_POINT('',#17072);
#17072 = CARTESIAN_POINT('',(-1.,1.262,-0.625));
#17073 = LINE('',#17074,#17075);
#17074 = CARTESIAN_POINT('',(-1.,1.262,0.625));
#17075 = VECTOR('',#17076,1.);
#17076 = DIRECTION('',(-0.,-0.,-1.));
#17077 = ORIENTED_EDGE('',*,*,#17078,.T.);
#17078 = EDGE_CURVE('',#17071,#17079,#17081,.T.);
#17079 = VERTEX_POINT('',#17080);
#17080 = CARTESIAN_POINT('',(-1.,1.2E-02,-0.625));
#17081 = LINE('',#17082,#17083);
#17082 = CARTESIAN_POINT('',(-1.,1.2E-02,-0.625));
#17083 = VECTOR('',#17084,1.);
#17084 = DIRECTION('',(-0.,-1.,8.510221134109E-17));
#17085 = ORIENTED_EDGE('',*,*,#17086,.T.);
#17086 = EDGE_CURVE('',#17079,#17087,#17089,.T.);
#17087 = VERTEX_POINT('',#17088);
#17088 = CARTESIAN_POINT('',(-1.,1.2E-02,0.625));
#17089 = LINE('',#17090,#17091);
#17090 = CARTESIAN_POINT('',(-1.,1.2E-02,0.625));
#17091 = VECTOR('',#17092,1.);
#17092 = DIRECTION('',(-0.,-0.,1.));
#17093 = ORIENTED_EDGE('',*,*,#17094,.T.);
#17094 = EDGE_CURVE('',#17087,#17069,#17095,.T.);
#17095 = LINE('',#17096,#17097);
#17096 = CARTESIAN_POINT('',(-1.,1.2E-02,0.625));
#17097 = VECTOR('',#17098,1.);
#17098 = DIRECTION('',(-0.,1.,8.510221134109E-17));
#17099 = PLANE('',#17100);
#17100 = AXIS2_PLACEMENT_3D('',#17101,#17102,#17103);
#17101 = CARTESIAN_POINT('',(-1.,1.2E-02,0.625));
#17102 = DIRECTION('',(1.,0.,0.));
#17103 = DIRECTION('',(0.,0.,-1.));
#17104 = ADVANCED_FACE('',(#17105),#17123,.T.);
#17105 = FACE_BOUND('',#17106,.T.);
#17106 = EDGE_LOOP('',(#17107,#17114,#17115,#17122));
#17107 = ORIENTED_EDGE('',*,*,#17108,.F.);
#17108 = EDGE_CURVE('',#16991,#17079,#17109,.T.);
#17109 = CIRCLE('',#17110,1.2E-02);
#17110 = AXIS2_PLACEMENT_3D('',#17111,#17112,#17113);
#17111 = CARTESIAN_POINT('',(-0.988,1.2E-02,-0.625));
#17112 = DIRECTION('',(-0.,0.,-1.));
#17113 = DIRECTION('',(-1.,0.,0.));
#17114 = ORIENTED_EDGE('',*,*,#16988,.F.);
#17115 = ORIENTED_EDGE('',*,*,#17116,.F.);
#17116 = EDGE_CURVE('',#17087,#16989,#17117,.T.);
#17117 = CIRCLE('',#17118,1.2E-02);
#17118 = AXIS2_PLACEMENT_3D('',#17119,#17120,#17121);
#17119 = CARTESIAN_POINT('',(-0.988,1.2E-02,0.625));
#17120 = DIRECTION('',(0.,0.,1.));
#17121 = DIRECTION('',(1.,0.,-0.));
#17122 = ORIENTED_EDGE('',*,*,#17086,.F.);
#17123 = CYLINDRICAL_SURFACE('',#17124,1.2E-02);
#17124 = AXIS2_PLACEMENT_3D('',#17125,#17126,#17127);
#17125 = CARTESIAN_POINT('',(-0.988,1.2E-02,0.637));
#17126 = DIRECTION('',(0.,0.,-1.));
#17127 = DIRECTION('',(-1.,0.,0.));
#17128 = ADVANCED_FACE('',(#17129),#17146,.T.);
#17129 = FACE_BOUND('',#17130,.T.);
#17130 = EDGE_LOOP('',(#17131,#17138,#17139));
#17131 = ORIENTED_EDGE('',*,*,#17132,.F.);
#17132 = EDGE_CURVE('',#16991,#17039,#17133,.T.);
#17133 = CIRCLE('',#17134,1.2E-02);
#17134 = AXIS2_PLACEMENT_3D('',#17135,#17136,#17137);
#17135 = CARTESIAN_POINT('',(-0.988,1.2E-02,-0.625));
#17136 = DIRECTION('',(1.,0.,-0.));
#17137 = DIRECTION('',(0.,0.,1.));
#17138 = ORIENTED_EDGE('',*,*,#17108,.T.);
#17139 = ORIENTED_EDGE('',*,*,#17140,.F.);
#17140 = EDGE_CURVE('',#17039,#17079,#17141,.T.);
#17141 = CIRCLE('',#17142,1.2E-02);
#17142 = AXIS2_PLACEMENT_3D('',#17143,#17144,#17145);
#17143 = CARTESIAN_POINT('',(-0.988,1.2E-02,-0.625));
#17144 = DIRECTION('',(-0.,1.,-1.411721578757E-16));
#17145 = DIRECTION('',(0.,-1.411721578757E-16,-1.));
#17146 = SPHERICAL_SURFACE('',#17147,1.2E-02);
#17147 = AXIS2_PLACEMENT_3D('',#17148,#17149,#17150);
#17148 = CARTESIAN_POINT('',(-0.988,1.2E-02,-0.625));
#17149 = DIRECTION('',(0.,1.,0.));
#17150 = DIRECTION('',(1.,0.,0.));
#17151 = ADVANCED_FACE('',(#17152),#17169,.T.);
#17152 = FACE_BOUND('',#17153,.T.);
#17153 = EDGE_LOOP('',(#17154,#17161,#17162));
#17154 = ORIENTED_EDGE('',*,*,#17155,.F.);
#17155 = EDGE_CURVE('',#17087,#16967,#17156,.T.);
#17156 = CIRCLE('',#17157,1.2E-02);
#17157 = AXIS2_PLACEMENT_3D('',#17158,#17159,#17160);
#17158 = CARTESIAN_POINT('',(-0.988,1.2E-02,0.625));
#17159 = DIRECTION('',(0.,1.,1.411721578757E-16));
#17160 = DIRECTION('',(0.,1.411721578757E-16,-1.));
#17161 = ORIENTED_EDGE('',*,*,#17116,.T.);
#17162 = ORIENTED_EDGE('',*,*,#17163,.F.);
#17163 = EDGE_CURVE('',#16967,#16989,#17164,.T.);
#17164 = CIRCLE('',#17165,1.2E-02);
#17165 = AXIS2_PLACEMENT_3D('',#17166,#17167,#17168);
#17166 = CARTESIAN_POINT('',(-0.988,1.2E-02,0.625));
#17167 = DIRECTION('',(1.,0.,-0.));
#17168 = DIRECTION('',(0.,0.,1.));
#17169 = SPHERICAL_SURFACE('',#17170,1.2E-02);
#17170 = AXIS2_PLACEMENT_3D('',#17171,#17172,#17173);
#17171 = CARTESIAN_POINT('',(-0.988,1.2E-02,0.625));
#17172 = DIRECTION('',(0.,1.,0.));
#17173 = DIRECTION('',(1.,0.,0.));
#17174 = ADVANCED_FACE('',(#17175),#17187,.T.);
#17175 = FACE_BOUND('',#17176,.T.);
#17176 = EDGE_LOOP('',(#17177,#17178,#17179,#17186));
#17177 = ORIENTED_EDGE('',*,*,#17140,.T.);
#17178 = ORIENTED_EDGE('',*,*,#17078,.F.);
#17179 = ORIENTED_EDGE('',*,*,#17180,.F.);
#17180 = EDGE_CURVE('',#17047,#17071,#17181,.T.);
#17181 = CIRCLE('',#17182,1.2E-02);
#17182 = AXIS2_PLACEMENT_3D('',#17183,#17184,#17185);
#17183 = CARTESIAN_POINT('',(-0.988,1.262,-0.625));
#17184 = DIRECTION('',(0.,1.,0.));
#17185 = DIRECTION('',(0.,-0.,1.));
#17186 = ORIENTED_EDGE('',*,*,#17046,.F.);
#17187 = CYLINDRICAL_SURFACE('',#17188,1.2E-02);
#17188 = AXIS2_PLACEMENT_3D('',#17189,#17190,#17191);
#17189 = CARTESIAN_POINT('',(-0.988,1.021226536093E-18,-0.625));
#17190 = DIRECTION('',(0.,1.,-8.510221134109E-17));
#17191 = DIRECTION('',(0.,8.510221134109E-17,1.));
#17192 = ADVANCED_FACE('',(#17193),#17205,.T.);
#17193 = FACE_BOUND('',#17194,.T.);
#17194 = EDGE_LOOP('',(#17195,#17196,#17197,#17204));
#17195 = ORIENTED_EDGE('',*,*,#17132,.T.);
#17196 = ORIENTED_EDGE('',*,*,#17038,.F.);
#17197 = ORIENTED_EDGE('',*,*,#17198,.F.);
#17198 = EDGE_CURVE('',#16999,#17031,#17199,.T.);
#17199 = CIRCLE('',#17200,1.2E-02);
#17200 = AXIS2_PLACEMENT_3D('',#17201,#17202,#17203);
#17201 = CARTESIAN_POINT('',(-0.612,1.2E-02,-0.625));
#17202 = DIRECTION('',(1.,0.,0.));
#17203 = DIRECTION('',(0.,0.,-1.));
#17204 = ORIENTED_EDGE('',*,*,#16998,.F.);
#17205 = CYLINDRICAL_SURFACE('',#17206,1.2E-02);
#17206 = AXIS2_PLACEMENT_3D('',#17207,#17208,#17209);
#17207 = CARTESIAN_POINT('',(-0.6,1.2E-02,-0.625));
#17208 = DIRECTION('',(-1.,0.,0.));
#17209 = DIRECTION('',(0.,0.,1.));
#17210 = ADVANCED_FACE('',(#17211),#17229,.T.);
#17211 = FACE_BOUND('',#17212,.T.);
#17212 = EDGE_LOOP('',(#17213,#17220,#17221,#17228));
#17213 = ORIENTED_EDGE('',*,*,#17214,.F.);
#17214 = EDGE_CURVE('',#17007,#16209,#17215,.T.);
#17215 = CIRCLE('',#17216,1.2E-02);
#17216 = AXIS2_PLACEMENT_3D('',#17217,#17218,#17219);
#17217 = CARTESIAN_POINT('',(-0.612,1.2E-02,0.625));
#17218 = DIRECTION('',(-0.,0.,1.));
#17219 = DIRECTION('',(1.,0.,0.));
#17220 = ORIENTED_EDGE('',*,*,#17006,.F.);
#17221 = ORIENTED_EDGE('',*,*,#17222,.F.);
#17222 = EDGE_CURVE('',#16249,#16999,#17223,.T.);
#17223 = CIRCLE('',#17224,1.2E-02);
#17224 = AXIS2_PLACEMENT_3D('',#17225,#17226,#17227);
#17225 = CARTESIAN_POINT('',(-0.612,1.2E-02,-0.625));
#17226 = DIRECTION('',(0.,-9.035018104046E-15,-1.));
#17227 = DIRECTION('',(0.,1.,-9.035018104046E-15));
#17228 = ORIENTED_EDGE('',*,*,#16248,.T.);
#17229 = CYLINDRICAL_SURFACE('',#17230,1.2E-02);
#17230 = AXIS2_PLACEMENT_3D('',#17231,#17232,#17233);
#17231 = CARTESIAN_POINT('',(-0.612,1.2E-02,0.637));
#17232 = DIRECTION('',(0.,0.,-1.));
#17233 = DIRECTION('',(-1.,0.,0.));
#17234 = ADVANCED_FACE('',(#17235),#17247,.T.);
#17235 = FACE_BOUND('',#17236,.T.);
#17236 = EDGE_LOOP('',(#17237,#17238,#17239,#17246));
#17237 = ORIENTED_EDGE('',*,*,#17163,.T.);
#17238 = ORIENTED_EDGE('',*,*,#17014,.F.);
#17239 = ORIENTED_EDGE('',*,*,#17240,.F.);
#17240 = EDGE_CURVE('',#16949,#17007,#17241,.T.);
#17241 = CIRCLE('',#17242,1.2E-02);
#17242 = AXIS2_PLACEMENT_3D('',#17243,#17244,#17245);
#17243 = CARTESIAN_POINT('',(-0.612,1.2E-02,0.625));
#17244 = DIRECTION('',(1.,0.,0.));
#17245 = DIRECTION('',(0.,0.,-1.));
#17246 = ORIENTED_EDGE('',*,*,#16974,.F.);
#17247 = CYLINDRICAL_SURFACE('',#17248,1.2E-02);
#17248 = AXIS2_PLACEMENT_3D('',#17249,#17250,#17251);
#17249 = CARTESIAN_POINT('',(-0.6,1.2E-02,0.625));
#17250 = DIRECTION('',(-1.,0.,0.));
#17251 = DIRECTION('',(0.,0.,1.));
#17252 = ADVANCED_FACE('',(#17253),#17265,.T.);
#17253 = FACE_BOUND('',#17254,.T.);
#17254 = EDGE_LOOP('',(#17255,#17256,#17257,#17264));
#17255 = ORIENTED_EDGE('',*,*,#17155,.T.);
#17256 = ORIENTED_EDGE('',*,*,#16966,.F.);
#17257 = ORIENTED_EDGE('',*,*,#17258,.F.);
#17258 = EDGE_CURVE('',#17069,#16959,#17259,.T.);
#17259 = CIRCLE('',#17260,1.2E-02);
#17260 = AXIS2_PLACEMENT_3D('',#17261,#17262,#17263);
#17261 = CARTESIAN_POINT('',(-0.988,1.262,0.625));
#17262 = DIRECTION('',(0.,1.,-0.));
#17263 = DIRECTION('',(0.,0.,1.));
#17264 = ORIENTED_EDGE('',*,*,#17094,.F.);
#17265 = CYLINDRICAL_SURFACE('',#17266,1.2E-02);
#17266 = AXIS2_PLACEMENT_3D('',#17267,#17268,#17269);
#17267 = CARTESIAN_POINT('',(-0.988,1.274,0.625));
#17268 = DIRECTION('',(0.,-1.,-8.510221134109E-17));
#17269 = DIRECTION('',(0.,8.510221134109E-17,-1.));
#17270 = ADVANCED_FACE('',(#17271),#17289,.T.);
#17271 = FACE_BOUND('',#17272,.T.);
#17272 = EDGE_LOOP('',(#17273,#17280,#17281,#17288));
#17273 = ORIENTED_EDGE('',*,*,#17274,.F.);
#17274 = EDGE_CURVE('',#17071,#16919,#17275,.T.);
#17275 = CIRCLE('',#17276,1.2E-02);
#17276 = AXIS2_PLACEMENT_3D('',#17277,#17278,#17279);
#17277 = CARTESIAN_POINT('',(-0.988,1.262,-0.625));
#17278 = DIRECTION('',(0.,0.,-1.));
#17279 = DIRECTION('',(-1.,0.,0.));
#17280 = ORIENTED_EDGE('',*,*,#17068,.F.);
#17281 = ORIENTED_EDGE('',*,*,#17282,.F.);
#17282 = EDGE_CURVE('',#16927,#17069,#17283,.T.);
#17283 = CIRCLE('',#17284,1.2E-02);
#17284 = AXIS2_PLACEMENT_3D('',#17285,#17286,#17287);
#17285 = CARTESIAN_POINT('',(-0.988,1.262,0.625));
#17286 = DIRECTION('',(0.,-0.,1.));
#17287 = DIRECTION('',(1.,0.,0.));
#17288 = ORIENTED_EDGE('',*,*,#16926,.F.);
#17289 = CYLINDRICAL_SURFACE('',#17290,1.2E-02);
#17290 = AXIS2_PLACEMENT_3D('',#17291,#17292,#17293);
#17291 = CARTESIAN_POINT('',(-0.988,1.262,-0.637));
#17292 = DIRECTION('',(0.,0.,1.));
#17293 = DIRECTION('',(1.,0.,-0.));
#17294 = ADVANCED_FACE('',(#17295),#17306,.T.);
#17295 = FACE_BOUND('',#17296,.T.);
#17296 = EDGE_LOOP('',(#17297,#17298,#17299));
#17297 = ORIENTED_EDGE('',*,*,#17180,.T.);
#17298 = ORIENTED_EDGE('',*,*,#17274,.T.);
#17299 = ORIENTED_EDGE('',*,*,#17300,.F.);
#17300 = EDGE_CURVE('',#17047,#16919,#17301,.T.);
#17301 = CIRCLE('',#17302,1.2E-02);
#17302 = AXIS2_PLACEMENT_3D('',#17303,#17304,#17305);
#17303 = CARTESIAN_POINT('',(-0.988,1.262,-0.625));
#17304 = DIRECTION('',(1.,0.,-0.));
#17305 = DIRECTION('',(0.,0.,1.));
#17306 = SPHERICAL_SURFACE('',#17307,1.2E-02);
#17307 = AXIS2_PLACEMENT_3D('',#17308,#17309,#17310);
#17308 = CARTESIAN_POINT('',(-0.988,1.262,-0.625));
#17309 = DIRECTION('',(0.,1.,0.));
#17310 = DIRECTION('',(1.,0.,0.));
#17311 = ADVANCED_FACE('',(#17312),#17323,.T.);
#17312 = FACE_BOUND('',#17313,.T.);
#17313 = EDGE_LOOP('',(#17314,#17315,#17316));
#17314 = ORIENTED_EDGE('',*,*,#17222,.T.);
#17315 = ORIENTED_EDGE('',*,*,#17198,.T.);
#17316 = ORIENTED_EDGE('',*,*,#17317,.F.);
#17317 = EDGE_CURVE('',#16249,#17031,#17318,.T.);
#17318 = CIRCLE('',#17319,1.2E-02);
#17319 = AXIS2_PLACEMENT_3D('',#17320,#17321,#17322);
#17320 = CARTESIAN_POINT('',(-0.612,1.2E-02,-0.625));
#17321 = DIRECTION('',(-6.211574946532E-15,1.,-1.411721578757E-16));
#17322 = DIRECTION('',(1.,6.211574946532E-15,-1.751623080406E-46));
#17323 = SPHERICAL_SURFACE('',#17324,1.2E-02);
#17324 = AXIS2_PLACEMENT_3D('',#17325,#17326,#17327);
#17325 = CARTESIAN_POINT('',(-0.612,1.2E-02,-0.625));
#17326 = DIRECTION('',(0.,1.,0.));
#17327 = DIRECTION('',(1.,0.,0.));
#17328 = ADVANCED_FACE('',(#17329),#17340,.T.);
#17329 = FACE_BOUND('',#17330,.T.);
#17330 = EDGE_LOOP('',(#17331,#17332,#17333));
#17331 = ORIENTED_EDGE('',*,*,#17240,.T.);
#17332 = ORIENTED_EDGE('',*,*,#17214,.T.);
#17333 = ORIENTED_EDGE('',*,*,#17334,.F.);
#17334 = EDGE_CURVE('',#16949,#16209,#17335,.T.);
#17335 = CIRCLE('',#17336,1.2E-02);
#17336 = AXIS2_PLACEMENT_3D('',#17337,#17338,#17339);
#17337 = CARTESIAN_POINT('',(-0.612,1.2E-02,0.625));
#17338 = DIRECTION('',(0.,1.,6.352747104407E-15));
#17339 = DIRECTION('',(0.,6.352747104407E-15,-1.));
#17340 = SPHERICAL_SURFACE('',#17341,1.2E-02);
#17341 = AXIS2_PLACEMENT_3D('',#17342,#17343,#17344);
#17342 = CARTESIAN_POINT('',(-0.612,1.2E-02,0.625));
#17343 = DIRECTION('',(0.,1.,0.));
#17344 = DIRECTION('',(1.,0.,0.));
#17345 = ADVANCED_FACE('',(#17346),#17357,.T.);
#17346 = FACE_BOUND('',#17347,.T.);
#17347 = EDGE_LOOP('',(#17348,#17349,#17350));
#17348 = ORIENTED_EDGE('',*,*,#17282,.T.);
#17349 = ORIENTED_EDGE('',*,*,#17258,.T.);
#17350 = ORIENTED_EDGE('',*,*,#17351,.F.);
#17351 = EDGE_CURVE('',#16927,#16959,#17352,.T.);
#17352 = CIRCLE('',#17353,1.2E-02);
#17353 = AXIS2_PLACEMENT_3D('',#17354,#17355,#17356);
#17354 = CARTESIAN_POINT('',(-0.988,1.262,0.625));
#17355 = DIRECTION('',(1.,0.,-0.));
#17356 = DIRECTION('',(0.,0.,1.));
#17357 = SPHERICAL_SURFACE('',#17358,1.2E-02);
#17358 = AXIS2_PLACEMENT_3D('',#17359,#17360,#17361);
#17359 = CARTESIAN_POINT('',(-0.988,1.262,0.625));
#17360 = DIRECTION('',(0.,1.,0.));
#17361 = DIRECTION('',(1.,0.,0.));
#17362 = ADVANCED_FACE('',(#17363),#17375,.T.);
#17363 = FACE_BOUND('',#17364,.T.);
#17364 = EDGE_LOOP('',(#17365,#17366,#17367,#17374));
#17365 = ORIENTED_EDGE('',*,*,#17300,.T.);
#17366 = ORIENTED_EDGE('',*,*,#16918,.F.);
#17367 = ORIENTED_EDGE('',*,*,#17368,.F.);
#17368 = EDGE_CURVE('',#17029,#16911,#17369,.T.);
#17369 = CIRCLE('',#17370,1.2E-02);
#17370 = AXIS2_PLACEMENT_3D('',#17371,#17372,#17373);
#17371 = CARTESIAN_POINT('',(-0.612,1.262,-0.625));
#17372 = DIRECTION('',(1.,-0.,0.));
#17373 = DIRECTION('',(0.,0.,-1.));
#17374 = ORIENTED_EDGE('',*,*,#17054,.F.);
#17375 = CYLINDRICAL_SURFACE('',#17376,1.2E-02);
#17376 = AXIS2_PLACEMENT_3D('',#17377,#17378,#17379);
#17377 = CARTESIAN_POINT('',(-0.6,1.262,-0.625));
#17378 = DIRECTION('',(-1.,0.,0.));
#17379 = DIRECTION('',(0.,0.,1.));
#17380 = ADVANCED_FACE('',(#17381),#17393,.T.);
#17381 = FACE_BOUND('',#17382,.T.);
#17382 = EDGE_LOOP('',(#17383,#17384,#17385,#17392));
#17383 = ORIENTED_EDGE('',*,*,#17317,.T.);
#17384 = ORIENTED_EDGE('',*,*,#17028,.F.);
#17385 = ORIENTED_EDGE('',*,*,#17386,.F.);
#17386 = EDGE_CURVE('',#16280,#17029,#17387,.T.);
#17387 = CIRCLE('',#17388,1.2E-02);
#17388 = AXIS2_PLACEMENT_3D('',#17389,#17390,#17391);
#17389 = CARTESIAN_POINT('',(-0.612,1.262,-0.625));
#17390 = DIRECTION('',(-0.,1.,0.));
#17391 = DIRECTION('',(0.,0.,1.));
#17392 = ORIENTED_EDGE('',*,*,#16279,.T.);
#17393 = CYLINDRICAL_SURFACE('',#17394,1.2E-02);
#17394 = AXIS2_PLACEMENT_3D('',#17395,#17396,#17397);
#17395 = CARTESIAN_POINT('',(-0.612,1.274,-0.625));
#17396 = DIRECTION('',(0.,1.,-8.510221134109E-17));
#17397 = DIRECTION('',(0.,8.510221134109E-17,1.));
#17398 = ADVANCED_FACE('',(#17399),#17411,.T.);
#17399 = FACE_BOUND('',#17400,.T.);
#17400 = EDGE_LOOP('',(#17401,#17402,#17403,#17410));
#17401 = ORIENTED_EDGE('',*,*,#17334,.T.);
#17402 = ORIENTED_EDGE('',*,*,#16208,.T.);
#17403 = ORIENTED_EDGE('',*,*,#17404,.F.);
#17404 = EDGE_CURVE('',#16951,#16211,#17405,.T.);
#17405 = CIRCLE('',#17406,1.2E-02);
#17406 = AXIS2_PLACEMENT_3D('',#17407,#17408,#17409);
#17407 = CARTESIAN_POINT('',(-0.612,1.262,0.625));
#17408 = DIRECTION('',(0.,1.,0.));
#17409 = DIRECTION('',(0.,-0.,1.));
#17410 = ORIENTED_EDGE('',*,*,#16948,.F.);
#17411 = CYLINDRICAL_SURFACE('',#17412,1.2E-02);
#17412 = AXIS2_PLACEMENT_3D('',#17413,#17414,#17415);
#17413 = CARTESIAN_POINT('',(-0.612,1.274,0.625));
#17414 = DIRECTION('',(0.,-1.,-8.510221134109E-17));
#17415 = DIRECTION('',(0.,8.510221134109E-17,-1.));
#17416 = ADVANCED_FACE('',(#17417),#17429,.T.);
#17417 = FACE_BOUND('',#17418,.T.);
#17418 = EDGE_LOOP('',(#17419,#17420,#17421,#17428));
#17419 = ORIENTED_EDGE('',*,*,#17351,.T.);
#17420 = ORIENTED_EDGE('',*,*,#16958,.F.);
#17421 = ORIENTED_EDGE('',*,*,#17422,.F.);
#17422 = EDGE_CURVE('',#16909,#16951,#17423,.T.);
#17423 = CIRCLE('',#17424,1.2E-02);
#17424 = AXIS2_PLACEMENT_3D('',#17425,#17426,#17427);
#17425 = CARTESIAN_POINT('',(-0.612,1.262,0.625));
#17426 = DIRECTION('',(1.,0.,0.));
#17427 = DIRECTION('',(0.,0.,-1.));
#17428 = ORIENTED_EDGE('',*,*,#16934,.F.);
#17429 = CYLINDRICAL_SURFACE('',#17430,1.2E-02);
#17430 = AXIS2_PLACEMENT_3D('',#17431,#17432,#17433);
#17431 = CARTESIAN_POINT('',(-0.6,1.262,0.625));
#17432 = DIRECTION('',(-1.,0.,0.));
#17433 = DIRECTION('',(0.,0.,1.));
#17434 = ADVANCED_FACE('',(#17435),#17446,.T.);
#17435 = FACE_BOUND('',#17436,.T.);
#17436 = EDGE_LOOP('',(#17437,#17438,#17439));
#17437 = ORIENTED_EDGE('',*,*,#17386,.T.);
#17438 = ORIENTED_EDGE('',*,*,#17368,.T.);
#17439 = ORIENTED_EDGE('',*,*,#17440,.F.);
#17440 = EDGE_CURVE('',#16280,#16911,#17441,.T.);
#17441 = CIRCLE('',#17442,1.2E-02);
#17442 = AXIS2_PLACEMENT_3D('',#17443,#17444,#17445);
#17443 = CARTESIAN_POINT('',(-0.612,1.262,-0.625));
#17444 = DIRECTION('',(9.035018104046E-15,0.,1.));
#17445 = DIRECTION('',(-1.,0.,9.035018104046E-15));
#17446 = SPHERICAL_SURFACE('',#17447,1.2E-02);
#17447 = AXIS2_PLACEMENT_3D('',#17448,#17449,#17450);
#17448 = CARTESIAN_POINT('',(-0.612,1.262,-0.625));
#17449 = DIRECTION('',(0.,1.,0.));
#17450 = DIRECTION('',(1.,0.,0.));
#17451 = ADVANCED_FACE('',(#17452),#17463,.T.);
#17452 = FACE_BOUND('',#17453,.T.);
#17453 = EDGE_LOOP('',(#17454,#17455,#17456));
#17454 = ORIENTED_EDGE('',*,*,#17422,.T.);
#17455 = ORIENTED_EDGE('',*,*,#17404,.T.);
#17456 = ORIENTED_EDGE('',*,*,#17457,.F.);
#17457 = EDGE_CURVE('',#16909,#16211,#17458,.T.);
#17458 = CIRCLE('',#17459,1.2E-02);
#17459 = AXIS2_PLACEMENT_3D('',#17460,#17461,#17462);
#17460 = CARTESIAN_POINT('',(-0.612,1.262,0.625));
#17461 = DIRECTION('',(0.,0.,-1.));
#17462 = DIRECTION('',(1.,0.,0.));
#17463 = SPHERICAL_SURFACE('',#17464,1.2E-02);
#17464 = AXIS2_PLACEMENT_3D('',#17465,#17466,#17467);
#17465 = CARTESIAN_POINT('',(-0.612,1.262,0.625));
#17466 = DIRECTION('',(0.,1.,0.));
#17467 = DIRECTION('',(1.,0.,0.));
#17468 = ADVANCED_FACE('',(#17469),#17475,.T.);
#17469 = FACE_BOUND('',#17470,.T.);
#17470 = EDGE_LOOP('',(#17471,#17472,#17473,#17474));
#17471 = ORIENTED_EDGE('',*,*,#17440,.T.);
#17472 = ORIENTED_EDGE('',*,*,#16908,.F.);
#17473 = ORIENTED_EDGE('',*,*,#17457,.T.);
#17474 = ORIENTED_EDGE('',*,*,#16310,.T.);
#17475 = CYLINDRICAL_SURFACE('',#17476,1.2E-02);
#17476 = AXIS2_PLACEMENT_3D('',#17477,#17478,#17479);
#17477 = CARTESIAN_POINT('',(-0.612,1.262,0.637));
#17478 = DIRECTION('',(0.,0.,1.));
#17479 = DIRECTION('',(1.,0.,-0.));
#17480 = ( GEOMETRIC_REPRESENTATION_CONTEXT(3) 
GLOBAL_UNCERTAINTY_ASSIGNED_CONTEXT((#17484)) 
GLOBAL_UNIT_ASSIGNED_CONTEXT((#17481,#17482,#17483)) 
REPRESENTATION_CONTEXT('Context #1',
  '3D Context with UNIT and UNCERTAINTY') );
#17481 = ( LENGTH_UNIT() NAMED_UNIT(*) SI_UNIT(.MILLI.,.METRE.) );
#17482 = ( NAMED_UNIT(*) PLANE_ANGLE_UNIT() SI_UNIT($,.RADIAN.) );
#17483 = ( NAMED_UNIT(*) SI_UNIT($,.STERADIAN.) SOLID_ANGLE_UNIT() );
#17484 = UNCERTAINTY_MEASURE_WITH_UNIT(LENGTH_MEASURE(1.E-07),#17481,
  'distance_accuracy_value','confusion accuracy');
#17485 = SHAPE_DEFINITION_REPRESENTATION(#17486,#16201);
#17486 = PRODUCT_DEFINITION_SHAPE('','',#17487);
#17487 = PRODUCT_DEFINITION('design','',#17488,#17491);
#17488 = PRODUCT_DEFINITION_FORMATION('','',#17489);
#17489 = PRODUCT('0805 cap','0805 cap','',(#17490));
#17490 = PRODUCT_CONTEXT('',#2,'mechanical');
#17491 = PRODUCT_DEFINITION_CONTEXT('part definition',#2,'design');
#17492 = CONTEXT_DEPENDENT_SHAPE_REPRESENTATION(#17493,#17495);
#17493 = ( REPRESENTATION_RELATIONSHIP('','',#16201,#16191) 
REPRESENTATION_RELATIONSHIP_WITH_TRANSFORMATION(#17494) 
SHAPE_REPRESENTATION_RELATIONSHIP() );
#17494 = ITEM_DEFINED_TRANSFORMATION('','',#11,#16192);
#17495 = PRODUCT_DEFINITION_SHAPE('Placement','Placement of an item',
  #17496);
#17496 = NEXT_ASSEMBLY_USAGE_OCCURRENCE('18','','',#16186,#17487,$);
#17497 = PRODUCT_RELATED_PRODUCT_CATEGORY('part',$,(#17489));
#17498 = CONTEXT_DEPENDENT_SHAPE_REPRESENTATION(#17499,#17501);
#17499 = ( REPRESENTATION_RELATIONSHIP('','',#16191,#10) 
REPRESENTATION_RELATIONSHIP_WITH_TRANSFORMATION(#17500) 
SHAPE_REPRESENTATION_RELATIONSHIP() );
#17500 = ITEM_DEFINED_TRANSFORMATION('','',#11,#31);
#17501 = PRODUCT_DEFINITION_SHAPE('Placement','Placement of an item',
  #17502);
#17502 = NEXT_ASSEMBLY_USAGE_OCCURRENCE('19','','',#5,#16186,$);
#17503 = PRODUCT_RELATED_PRODUCT_CATEGORY('part',$,(#16188));
#17504 = MECHANICAL_DESIGN_GEOMETRIC_PRESENTATION_REPRESENTATION('',(
    #17505),#15801);
#17505 = STYLED_ITEM('color',(#17506),#12582);
#17506 = PRESENTATION_STYLE_ASSIGNMENT((#17507));
#17507 = SURFACE_STYLE_USAGE(.BOTH.,#17508);
#17508 = SURFACE_SIDE_STYLE('',(#17509));
#17509 = SURFACE_STYLE_FILL_AREA(#17510);
#17510 = FILL_AREA_STYLE('',(#17511));
#17511 = FILL_AREA_STYLE_COLOUR('',#17512);
#17512 = COLOUR_RGB('',0.525490190653,0.525490190653,0.525490190653);
#17513 = MECHANICAL_DESIGN_GEOMETRIC_PRESENTATION_REPRESENTATION('',(
    #17514,#17522,#17529,#17536,#17543,#17550,#17557,#17564,#17571,
    #17578,#17585,#17592),#10752);
#17514 = STYLED_ITEM('color',(#17515),#9912);
#17515 = PRESENTATION_STYLE_ASSIGNMENT((#17516));
#17516 = SURFACE_STYLE_USAGE(.BOTH.,#17517);
#17517 = SURFACE_SIDE_STYLE('',(#17518));
#17518 = SURFACE_STYLE_FILL_AREA(#17519);
#17519 = FILL_AREA_STYLE('',(#17520));
#17520 = FILL_AREA_STYLE_COLOUR('',#17521);
#17521 = COLOUR_RGB('',0.83137256512,0.83137256512,0.83137256512);
#17522 = OVER_RIDING_STYLED_ITEM('overriding color',(#17523),#10184,
  #17514);
#17523 = PRESENTATION_STYLE_ASSIGNMENT((#17524));
#17524 = SURFACE_STYLE_USAGE(.BOTH.,#17525);
#17525 = SURFACE_SIDE_STYLE('',(#17526));
#17526 = SURFACE_STYLE_FILL_AREA(#17527);
#17527 = FILL_AREA_STYLE('',(#17528));
#17528 = FILL_AREA_STYLE_COLOUR('',#17521);
#17529 = OVER_RIDING_STYLED_ITEM('overriding color',(#17530),#10206,
  #17514);
#17530 = PRESENTATION_STYLE_ASSIGNMENT((#17531));
#17531 = SURFACE_STYLE_USAGE(.BOTH.,#17532);
#17532 = SURFACE_SIDE_STYLE('',(#17533));
#17533 = SURFACE_STYLE_FILL_AREA(#17534);
#17534 = FILL_AREA_STYLE('',(#17535));
#17535 = FILL_AREA_STYLE_COLOUR('',#17521);
#17536 = OVER_RIDING_STYLED_ITEM('overriding color',(#17537),#10278,
  #17514);
#17537 = PRESENTATION_STYLE_ASSIGNMENT((#17538));
#17538 = SURFACE_STYLE_USAGE(.BOTH.,#17539);
#17539 = SURFACE_SIDE_STYLE('',(#17540));
#17540 = SURFACE_STYLE_FILL_AREA(#17541);
#17541 = FILL_AREA_STYLE('',(#17542));
#17542 = FILL_AREA_STYLE_COLOUR('',#17521);
#17543 = OVER_RIDING_STYLED_ITEM('overriding color',(#17544),#10295,
  #17514);
#17544 = PRESENTATION_STYLE_ASSIGNMENT((#17545));
#17545 = SURFACE_STYLE_USAGE(.BOTH.,#17546);
#17546 = SURFACE_SIDE_STYLE('',(#17547));
#17547 = SURFACE_STYLE_FILL_AREA(#17548);
#17548 = FILL_AREA_STYLE('',(#17549));
#17549 = FILL_AREA_STYLE_COLOUR('',#17521);
#17550 = OVER_RIDING_STYLED_ITEM('overriding color',(#17551),#10312,
  #17514);
#17551 = PRESENTATION_STYLE_ASSIGNMENT((#17552));
#17552 = SURFACE_STYLE_USAGE(.BOTH.,#17553);
#17553 = SURFACE_SIDE_STYLE('',(#17554));
#17554 = SURFACE_STYLE_FILL_AREA(#17555);
#17555 = FILL_AREA_STYLE('',(#17556));
#17556 = FILL_AREA_STYLE_COLOUR('',#17521);
#17557 = STYLED_ITEM('color',(#17558),#10332);
#17558 = PRESENTATION_STYLE_ASSIGNMENT((#17559));
#17559 = SURFACE_STYLE_USAGE(.BOTH.,#17560);
#17560 = SURFACE_SIDE_STYLE('',(#17561));
#17561 = SURFACE_STYLE_FILL_AREA(#17562);
#17562 = FILL_AREA_STYLE('',(#17563));
#17563 = FILL_AREA_STYLE_COLOUR('',#17521);
#17564 = OVER_RIDING_STYLED_ITEM('overriding color',(#17565),#10604,
  #17557);
#17565 = PRESENTATION_STYLE_ASSIGNMENT((#17566));
#17566 = SURFACE_STYLE_USAGE(.BOTH.,#17567);
#17567 = SURFACE_SIDE_STYLE('',(#17568));
#17568 = SURFACE_STYLE_FILL_AREA(#17569);
#17569 = FILL_AREA_STYLE('',(#17570));
#17570 = FILL_AREA_STYLE_COLOUR('',#17521);
#17571 = OVER_RIDING_STYLED_ITEM('overriding color',(#17572),#10635,
  #17557);
#17572 = PRESENTATION_STYLE_ASSIGNMENT((#17573));
#17573 = SURFACE_STYLE_USAGE(.BOTH.,#17574);
#17574 = SURFACE_SIDE_STYLE('',(#17575));
#17575 = SURFACE_STYLE_FILL_AREA(#17576);
#17576 = FILL_AREA_STYLE('',(#17577));
#17577 = FILL_AREA_STYLE_COLOUR('',#17521);
#17578 = OVER_RIDING_STYLED_ITEM('overriding color',(#17579),#10698,
  #17557);
#17579 = PRESENTATION_STYLE_ASSIGNMENT((#17580));
#17580 = SURFACE_STYLE_USAGE(.BOTH.,#17581);
#17581 = SURFACE_SIDE_STYLE('',(#17582));
#17582 = SURFACE_STYLE_FILL_AREA(#17583);
#17583 = FILL_AREA_STYLE('',(#17584));
#17584 = FILL_AREA_STYLE_COLOUR('',#17521);
#17585 = OVER_RIDING_STYLED_ITEM('overriding color',(#17586),#10715,
  #17557);
#17586 = PRESENTATION_STYLE_ASSIGNMENT((#17587));
#17587 = SURFACE_STYLE_USAGE(.BOTH.,#17588);
#17588 = SURFACE_SIDE_STYLE('',(#17589));
#17589 = SURFACE_STYLE_FILL_AREA(#17590);
#17590 = FILL_AREA_STYLE('',(#17591));
#17591 = FILL_AREA_STYLE_COLOUR('',#17521);
#17592 = OVER_RIDING_STYLED_ITEM('overriding color',(#17593),#10740,
  #17557);
#17593 = PRESENTATION_STYLE_ASSIGNMENT((#17594));
#17594 = SURFACE_STYLE_USAGE(.BOTH.,#17595);
#17595 = SURFACE_SIDE_STYLE('',(#17596));
#17596 = SURFACE_STYLE_FILL_AREA(#17597);
#17597 = FILL_AREA_STYLE('',(#17598));
#17598 = FILL_AREA_STYLE_COLOUR('',#17521);
#17599 = MECHANICAL_DESIGN_GEOMETRIC_PRESENTATION_REPRESENTATION('',(
    #17600),#466);
#17600 = STYLED_ITEM('color',(#17601),#59);
#17601 = PRESENTATION_STYLE_ASSIGNMENT((#17602,#17608));
#17602 = SURFACE_STYLE_USAGE(.BOTH.,#17603);
#17603 = SURFACE_SIDE_STYLE('',(#17604));
#17604 = SURFACE_STYLE_FILL_AREA(#17605);
#17605 = FILL_AREA_STYLE('',(#17606));
#17606 = FILL_AREA_STYLE_COLOUR('',#17607);
#17607 = COLOUR_RGB('',0.,0.501960785193,0.);
#17608 = CURVE_STYLE('',#17609,POSITIVE_LENGTH_MEASURE(0.1),#17607);
#17609 = DRAUGHTING_PRE_DEFINED_CURVE_FONT('continuous');
#17610 = MECHANICAL_DESIGN_GEOMETRIC_PRESENTATION_REPRESENTATION('',(
    #17611,#17619,#17627,#17634,#17641,#17648,#17655,#17663,#17671,
    #17679,#17686,#17693,#17700,#17707,#17714,#17721,#17728,#17735,
    #17742,#17749,#17756,#17763,#17770,#17777,#17784,#17791,#17798,
    #17805,#17812,#17819,#17826,#17833,#17840,#17847,#17854,#17861,
    #17868,#17875,#17882,#17889,#17896),#2467);
#17611 = STYLED_ITEM('color',(#17612),#508);
#17612 = PRESENTATION_STYLE_ASSIGNMENT((#17613));
#17613 = SURFACE_STYLE_USAGE(.BOTH.,#17614);
#17614 = SURFACE_SIDE_STYLE('',(#17615));
#17615 = SURFACE_STYLE_FILL_AREA(#17616);
#17616 = FILL_AREA_STYLE('',(#17617));
#17617 = FILL_AREA_STYLE_COLOUR('',#17618);
#17618 = COLOUR_RGB('',0.796078417252,0.823529417451,0.937254901616);
#17619 = OVER_RIDING_STYLED_ITEM('overriding color',(#17620),#550,#17611
  );
#17620 = PRESENTATION_STYLE_ASSIGNMENT((#17621));
#17621 = SURFACE_STYLE_USAGE(.BOTH.,#17622);
#17622 = SURFACE_SIDE_STYLE('',(#17623));
#17623 = SURFACE_STYLE_FILL_AREA(#17624);
#17624 = FILL_AREA_STYLE('',(#17625));
#17625 = FILL_AREA_STYLE_COLOUR('',#17626);
#17626 = COLOUR_RGB('',0.941176459967,0.941176459967,0.941176459967);
#17627 = OVER_RIDING_STYLED_ITEM('overriding color',(#17628),#612,#17611
  );
#17628 = PRESENTATION_STYLE_ASSIGNMENT((#17629));
#17629 = SURFACE_STYLE_USAGE(.BOTH.,#17630);
#17630 = SURFACE_SIDE_STYLE('',(#17631));
#17631 = SURFACE_STYLE_FILL_AREA(#17632);
#17632 = FILL_AREA_STYLE('',(#17633));
#17633 = FILL_AREA_STYLE_COLOUR('',#17626);
#17634 = OVER_RIDING_STYLED_ITEM('overriding color',(#17635),#634,#17611
  );
#17635 = PRESENTATION_STYLE_ASSIGNMENT((#17636));
#17636 = SURFACE_STYLE_USAGE(.BOTH.,#17637);
#17637 = SURFACE_SIDE_STYLE('',(#17638));
#17638 = SURFACE_STYLE_FILL_AREA(#17639);
#17639 = FILL_AREA_STYLE('',(#17640));
#17640 = FILL_AREA_STYLE_COLOUR('',#17626);
#17641 = OVER_RIDING_STYLED_ITEM('overriding color',(#17642),#646,#17611
  );
#17642 = PRESENTATION_STYLE_ASSIGNMENT((#17643));
#17643 = SURFACE_STYLE_USAGE(.BOTH.,#17644);
#17644 = SURFACE_SIDE_STYLE('',(#17645));
#17645 = SURFACE_STYLE_FILL_AREA(#17646);
#17646 = FILL_AREA_STYLE('',(#17647));
#17647 = FILL_AREA_STYLE_COLOUR('',#17626);
#17648 = STYLED_ITEM('color',(#17649),#658);
#17649 = PRESENTATION_STYLE_ASSIGNMENT((#17650));
#17650 = SURFACE_STYLE_USAGE(.BOTH.,#17651);
#17651 = SURFACE_SIDE_STYLE('',(#17652));
#17652 = SURFACE_STYLE_FILL_AREA(#17653);
#17653 = FILL_AREA_STYLE('',(#17654));
#17654 = FILL_AREA_STYLE_COLOUR('',#17618);
#17655 = OVER_RIDING_STYLED_ITEM('overriding color',(#17656),#660,#17648
  );
#17656 = PRESENTATION_STYLE_ASSIGNMENT((#17657));
#17657 = SURFACE_STYLE_USAGE(.BOTH.,#17658);
#17658 = SURFACE_SIDE_STYLE('',(#17659));
#17659 = SURFACE_STYLE_FILL_AREA(#17660);
#17660 = FILL_AREA_STYLE('',(#17661));
#17661 = FILL_AREA_STYLE_COLOUR('',#17662);
#17662 = COLOUR_RGB('',0.250980388104,0.250980388104,0.250980388104);
#17663 = OVER_RIDING_STYLED_ITEM('overriding color',(#17664),#1284,
  #17648);
#17664 = PRESENTATION_STYLE_ASSIGNMENT((#17665));
#17665 = SURFACE_STYLE_USAGE(.BOTH.,#17666);
#17666 = SURFACE_SIDE_STYLE('',(#17667));
#17667 = SURFACE_STYLE_FILL_AREA(#17668);
#17668 = FILL_AREA_STYLE('',(#17669));
#17669 = FILL_AREA_STYLE_COLOUR('',#17670);
#17670 = COLOUR_RGB('',0.705882360366,0.705882360366,0.705882360366);
#17671 = OVER_RIDING_STYLED_ITEM('overriding color',(#17672),#1347,
  #17648);
#17672 = PRESENTATION_STYLE_ASSIGNMENT((#17673));
#17673 = SURFACE_STYLE_USAGE(.BOTH.,#17674);
#17674 = SURFACE_SIDE_STYLE('',(#17675));
#17675 = SURFACE_STYLE_FILL_AREA(#17676);
#17676 = FILL_AREA_STYLE('',(#17677));
#17677 = FILL_AREA_STYLE_COLOUR('',#17678);
#17678 = DRAUGHTING_PRE_DEFINED_COLOUR('white');
#17679 = OVER_RIDING_STYLED_ITEM('overriding color',(#17680),#1372,
  #17648);
#17680 = PRESENTATION_STYLE_ASSIGNMENT((#17681));
#17681 = SURFACE_STYLE_USAGE(.BOTH.,#17682);
#17682 = SURFACE_SIDE_STYLE('',(#17683));
#17683 = SURFACE_STYLE_FILL_AREA(#17684);
#17684 = FILL_AREA_STYLE('',(#17685));
#17685 = FILL_AREA_STYLE_COLOUR('',#17678);
#17686 = OVER_RIDING_STYLED_ITEM('overriding color',(#17687),#1422,
  #17648);
#17687 = PRESENTATION_STYLE_ASSIGNMENT((#17688));
#17688 = SURFACE_STYLE_USAGE(.BOTH.,#17689);
#17689 = SURFACE_SIDE_STYLE('',(#17690));
#17690 = SURFACE_STYLE_FILL_AREA(#17691);
#17691 = FILL_AREA_STYLE('',(#17692));
#17692 = FILL_AREA_STYLE_COLOUR('',#17662);
#17693 = OVER_RIDING_STYLED_ITEM('overriding color',(#17694),#1434,
  #17648);
#17694 = PRESENTATION_STYLE_ASSIGNMENT((#17695));
#17695 = SURFACE_STYLE_USAGE(.BOTH.,#17696);
#17696 = SURFACE_SIDE_STYLE('',(#17697));
#17697 = SURFACE_STYLE_FILL_AREA(#17698);
#17698 = FILL_AREA_STYLE('',(#17699));
#17699 = FILL_AREA_STYLE_COLOUR('',#17678);
#17700 = OVER_RIDING_STYLED_ITEM('overriding color',(#17701),#1544,
  #17648);
#17701 = PRESENTATION_STYLE_ASSIGNMENT((#17702));
#17702 = SURFACE_STYLE_USAGE(.BOTH.,#17703);
#17703 = SURFACE_SIDE_STYLE('',(#17704));
#17704 = SURFACE_STYLE_FILL_AREA(#17705);
#17705 = FILL_AREA_STYLE('',(#17706));
#17706 = FILL_AREA_STYLE_COLOUR('',#17662);
#17707 = OVER_RIDING_STYLED_ITEM('overriding color',(#17708),#1557,
  #17648);
#17708 = PRESENTATION_STYLE_ASSIGNMENT((#17709));
#17709 = SURFACE_STYLE_USAGE(.BOTH.,#17710);
#17710 = SURFACE_SIDE_STYLE('',(#17711));
#17711 = SURFACE_STYLE_FILL_AREA(#17712);
#17712 = FILL_AREA_STYLE('',(#17713));
#17713 = FILL_AREA_STYLE_COLOUR('',#17662);
#17714 = OVER_RIDING_STYLED_ITEM('overriding color',(#17715),#1570,
  #17648);
#17715 = PRESENTATION_STYLE_ASSIGNMENT((#17716));
#17716 = SURFACE_STYLE_USAGE(.BOTH.,#17717);
#17717 = SURFACE_SIDE_STYLE('',(#17718));
#17718 = SURFACE_STYLE_FILL_AREA(#17719);
#17719 = FILL_AREA_STYLE('',(#17720));
#17720 = FILL_AREA_STYLE_COLOUR('',#17678);
#17721 = OVER_RIDING_STYLED_ITEM('overriding color',(#17722),#1620,
  #17648);
#17722 = PRESENTATION_STYLE_ASSIGNMENT((#17723));
#17723 = SURFACE_STYLE_USAGE(.BOTH.,#17724);
#17724 = SURFACE_SIDE_STYLE('',(#17725));
#17725 = SURFACE_STYLE_FILL_AREA(#17726);
#17726 = FILL_AREA_STYLE('',(#17727));
#17727 = FILL_AREA_STYLE_COLOUR('',#17662);
#17728 = OVER_RIDING_STYLED_ITEM('overriding color',(#17729),#1632,
  #17648);
#17729 = PRESENTATION_STYLE_ASSIGNMENT((#17730));
#17730 = SURFACE_STYLE_USAGE(.BOTH.,#17731);
#17731 = SURFACE_SIDE_STYLE('',(#17732));
#17732 = SURFACE_STYLE_FILL_AREA(#17733);
#17733 = FILL_AREA_STYLE('',(#17734));
#17734 = FILL_AREA_STYLE_COLOUR('',#17662);
#17735 = OVER_RIDING_STYLED_ITEM('overriding color',(#17736),#1663,
  #17648);
#17736 = PRESENTATION_STYLE_ASSIGNMENT((#17737));
#17737 = SURFACE_STYLE_USAGE(.BOTH.,#17738);
#17738 = SURFACE_SIDE_STYLE('',(#17739));
#17739 = SURFACE_STYLE_FILL_AREA(#17740);
#17740 = FILL_AREA_STYLE('',(#17741));
#17741 = FILL_AREA_STYLE_COLOUR('',#17670);
#17742 = OVER_RIDING_STYLED_ITEM('overriding color',(#17743),#1735,
  #17648);
#17743 = PRESENTATION_STYLE_ASSIGNMENT((#17744));
#17744 = SURFACE_STYLE_USAGE(.BOTH.,#17745);
#17745 = SURFACE_SIDE_STYLE('',(#17746));
#17746 = SURFACE_STYLE_FILL_AREA(#17747);
#17747 = FILL_AREA_STYLE('',(#17748));
#17748 = FILL_AREA_STYLE_COLOUR('',#17670);
#17749 = OVER_RIDING_STYLED_ITEM('overriding color',(#17750),#1798,
  #17648);
#17750 = PRESENTATION_STYLE_ASSIGNMENT((#17751));
#17751 = SURFACE_STYLE_USAGE(.BOTH.,#17752);
#17752 = SURFACE_SIDE_STYLE('',(#17753));
#17753 = SURFACE_STYLE_FILL_AREA(#17754);
#17754 = FILL_AREA_STYLE('',(#17755));
#17755 = FILL_AREA_STYLE_COLOUR('',#17662);
#17756 = OVER_RIDING_STYLED_ITEM('overriding color',(#17757),#1829,
  #17648);
#17757 = PRESENTATION_STYLE_ASSIGNMENT((#17758));
#17758 = SURFACE_STYLE_USAGE(.BOTH.,#17759);
#17759 = SURFACE_SIDE_STYLE('',(#17760));
#17760 = SURFACE_STYLE_FILL_AREA(#17761);
#17761 = FILL_AREA_STYLE('',(#17762));
#17762 = FILL_AREA_STYLE_COLOUR('',#17670);
#17763 = OVER_RIDING_STYLED_ITEM('overriding color',(#17764),#1860,
  #17648);
#17764 = PRESENTATION_STYLE_ASSIGNMENT((#17765));
#17765 = SURFACE_STYLE_USAGE(.BOTH.,#17766);
#17766 = SURFACE_SIDE_STYLE('',(#17767));
#17767 = SURFACE_STYLE_FILL_AREA(#17768);
#17768 = FILL_AREA_STYLE('',(#17769));
#17769 = FILL_AREA_STYLE_COLOUR('',#17670);
#17770 = OVER_RIDING_STYLED_ITEM('overriding color',(#17771),#1884,
  #17648);
#17771 = PRESENTATION_STYLE_ASSIGNMENT((#17772));
#17772 = SURFACE_STYLE_USAGE(.BOTH.,#17773);
#17773 = SURFACE_SIDE_STYLE('',(#17774));
#17774 = SURFACE_STYLE_FILL_AREA(#17775);
#17775 = FILL_AREA_STYLE('',(#17776));
#17776 = FILL_AREA_STYLE_COLOUR('',#17670);
#17777 = OVER_RIDING_STYLED_ITEM('overriding color',(#17778),#1931,
  #17648);
#17778 = PRESENTATION_STYLE_ASSIGNMENT((#17779));
#17779 = SURFACE_STYLE_USAGE(.BOTH.,#17780);
#17780 = SURFACE_SIDE_STYLE('',(#17781));
#17781 = SURFACE_STYLE_FILL_AREA(#17782);
#17782 = FILL_AREA_STYLE('',(#17783));
#17783 = FILL_AREA_STYLE_COLOUR('',#17670);
#17784 = OVER_RIDING_STYLED_ITEM('overriding color',(#17785),#1955,
  #17648);
#17785 = PRESENTATION_STYLE_ASSIGNMENT((#17786));
#17786 = SURFACE_STYLE_USAGE(.BOTH.,#17787);
#17787 = SURFACE_SIDE_STYLE('',(#17788));
#17788 = SURFACE_STYLE_FILL_AREA(#17789);
#17789 = FILL_AREA_STYLE('',(#17790));
#17790 = FILL_AREA_STYLE_COLOUR('',#17670);
#17791 = OVER_RIDING_STYLED_ITEM('overriding color',(#17792),#1979,
  #17648);
#17792 = PRESENTATION_STYLE_ASSIGNMENT((#17793));
#17793 = SURFACE_STYLE_USAGE(.BOTH.,#17794);
#17794 = SURFACE_SIDE_STYLE('',(#17795));
#17795 = SURFACE_STYLE_FILL_AREA(#17796);
#17796 = FILL_AREA_STYLE('',(#17797));
#17797 = FILL_AREA_STYLE_COLOUR('',#17670);
#17798 = OVER_RIDING_STYLED_ITEM('overriding color',(#17799),#2224,
  #17648);
#17799 = PRESENTATION_STYLE_ASSIGNMENT((#17800));
#17800 = SURFACE_STYLE_USAGE(.BOTH.,#17801);
#17801 = SURFACE_SIDE_STYLE('',(#17802));
#17802 = SURFACE_STYLE_FILL_AREA(#17803);
#17803 = FILL_AREA_STYLE('',(#17804));
#17804 = FILL_AREA_STYLE_COLOUR('',#17670);
#17805 = OVER_RIDING_STYLED_ITEM('overriding color',(#17806),#2241,
  #17648);
#17806 = PRESENTATION_STYLE_ASSIGNMENT((#17807));
#17807 = SURFACE_STYLE_USAGE(.BOTH.,#17808);
#17808 = SURFACE_SIDE_STYLE('',(#17809));
#17809 = SURFACE_STYLE_FILL_AREA(#17810);
#17810 = FILL_AREA_STYLE('',(#17811));
#17811 = FILL_AREA_STYLE_COLOUR('',#17670);
#17812 = OVER_RIDING_STYLED_ITEM('overriding color',(#17813),#2262,
  #17648);
#17813 = PRESENTATION_STYLE_ASSIGNMENT((#17814));
#17814 = SURFACE_STYLE_USAGE(.BOTH.,#17815);
#17815 = SURFACE_SIDE_STYLE('',(#17816));
#17816 = SURFACE_STYLE_FILL_AREA(#17817);
#17817 = FILL_AREA_STYLE('',(#17818));
#17818 = FILL_AREA_STYLE_COLOUR('',#17670);
#17819 = OVER_RIDING_STYLED_ITEM('overriding color',(#17820),#2283,
  #17648);
#17820 = PRESENTATION_STYLE_ASSIGNMENT((#17821));
#17821 = SURFACE_STYLE_USAGE(.BOTH.,#17822);
#17822 = SURFACE_SIDE_STYLE('',(#17823));
#17823 = SURFACE_STYLE_FILL_AREA(#17824);
#17824 = FILL_AREA_STYLE('',(#17825));
#17825 = FILL_AREA_STYLE_COLOUR('',#17662);
#17826 = OVER_RIDING_STYLED_ITEM('overriding color',(#17827),#2300,
  #17648);
#17827 = PRESENTATION_STYLE_ASSIGNMENT((#17828));
#17828 = SURFACE_STYLE_USAGE(.BOTH.,#17829);
#17829 = SURFACE_SIDE_STYLE('',(#17830));
#17830 = SURFACE_STYLE_FILL_AREA(#17831);
#17831 = FILL_AREA_STYLE('',(#17832));
#17832 = FILL_AREA_STYLE_COLOUR('',#17670);
#17833 = OVER_RIDING_STYLED_ITEM('overriding color',(#17834),#2317,
  #17648);
#17834 = PRESENTATION_STYLE_ASSIGNMENT((#17835));
#17835 = SURFACE_STYLE_USAGE(.BOTH.,#17836);
#17836 = SURFACE_SIDE_STYLE('',(#17837));
#17837 = SURFACE_STYLE_FILL_AREA(#17838);
#17838 = FILL_AREA_STYLE('',(#17839));
#17839 = FILL_AREA_STYLE_COLOUR('',#17670);
#17840 = OVER_RIDING_STYLED_ITEM('overriding color',(#17841),#2329,
  #17648);
#17841 = PRESENTATION_STYLE_ASSIGNMENT((#17842));
#17842 = SURFACE_STYLE_USAGE(.BOTH.,#17843);
#17843 = SURFACE_SIDE_STYLE('',(#17844));
#17844 = SURFACE_STYLE_FILL_AREA(#17845);
#17845 = FILL_AREA_STYLE('',(#17846));
#17846 = FILL_AREA_STYLE_COLOUR('',#17670);
#17847 = OVER_RIDING_STYLED_ITEM('overriding color',(#17848),#2346,
  #17648);
#17848 = PRESENTATION_STYLE_ASSIGNMENT((#17849));
#17849 = SURFACE_STYLE_USAGE(.BOTH.,#17850);
#17850 = SURFACE_SIDE_STYLE('',(#17851));
#17851 = SURFACE_STYLE_FILL_AREA(#17852);
#17852 = FILL_AREA_STYLE('',(#17853));
#17853 = FILL_AREA_STYLE_COLOUR('',#17670);
#17854 = OVER_RIDING_STYLED_ITEM('overriding color',(#17855),#2363,
  #17648);
#17855 = PRESENTATION_STYLE_ASSIGNMENT((#17856));
#17856 = SURFACE_STYLE_USAGE(.BOTH.,#17857);
#17857 = SURFACE_SIDE_STYLE('',(#17858));
#17858 = SURFACE_STYLE_FILL_AREA(#17859);
#17859 = FILL_AREA_STYLE('',(#17860));
#17860 = FILL_AREA_STYLE_COLOUR('',#17662);
#17861 = OVER_RIDING_STYLED_ITEM('overriding color',(#17862),#2375,
  #17648);
#17862 = PRESENTATION_STYLE_ASSIGNMENT((#17863));
#17863 = SURFACE_STYLE_USAGE(.BOTH.,#17864);
#17864 = SURFACE_SIDE_STYLE('',(#17865));
#17865 = SURFACE_STYLE_FILL_AREA(#17866);
#17866 = FILL_AREA_STYLE('',(#17867));
#17867 = FILL_AREA_STYLE_COLOUR('',#17670);
#17868 = OVER_RIDING_STYLED_ITEM('overriding color',(#17869),#2392,
  #17648);
#17869 = PRESENTATION_STYLE_ASSIGNMENT((#17870));
#17870 = SURFACE_STYLE_USAGE(.BOTH.,#17871);
#17871 = SURFACE_SIDE_STYLE('',(#17872));
#17872 = SURFACE_STYLE_FILL_AREA(#17873);
#17873 = FILL_AREA_STYLE('',(#17874));
#17874 = FILL_AREA_STYLE_COLOUR('',#17670);
#17875 = OVER_RIDING_STYLED_ITEM('overriding color',(#17876),#2409,
  #17648);
#17876 = PRESENTATION_STYLE_ASSIGNMENT((#17877));
#17877 = SURFACE_STYLE_USAGE(.BOTH.,#17878);
#17878 = SURFACE_SIDE_STYLE('',(#17879));
#17879 = SURFACE_STYLE_FILL_AREA(#17880);
#17880 = FILL_AREA_STYLE('',(#17881));
#17881 = FILL_AREA_STYLE_COLOUR('',#17662);
#17882 = OVER_RIDING_STYLED_ITEM('overriding color',(#17883),#2421,
  #17648);
#17883 = PRESENTATION_STYLE_ASSIGNMENT((#17884));
#17884 = SURFACE_STYLE_USAGE(.BOTH.,#17885);
#17885 = SURFACE_SIDE_STYLE('',(#17886));
#17886 = SURFACE_STYLE_FILL_AREA(#17887);
#17887 = FILL_AREA_STYLE('',(#17888));
#17888 = FILL_AREA_STYLE_COLOUR('',#17662);
#17889 = OVER_RIDING_STYLED_ITEM('overriding color',(#17890),#2438,
  #17648);
#17890 = PRESENTATION_STYLE_ASSIGNMENT((#17891));
#17891 = SURFACE_STYLE_USAGE(.BOTH.,#17892);
#17892 = SURFACE_SIDE_STYLE('',(#17893));
#17893 = SURFACE_STYLE_FILL_AREA(#17894);
#17894 = FILL_AREA_STYLE('',(#17895));
#17895 = FILL_AREA_STYLE_COLOUR('',#17670);
#17896 = OVER_RIDING_STYLED_ITEM('overriding color',(#17897),#2455,
  #17648);
#17897 = PRESENTATION_STYLE_ASSIGNMENT((#17898));
#17898 = SURFACE_STYLE_USAGE(.BOTH.,#17899);
#17899 = SURFACE_SIDE_STYLE('',(#17900));
#17900 = SURFACE_STYLE_FILL_AREA(#17901);
#17901 = FILL_AREA_STYLE('',(#17902));
#17902 = FILL_AREA_STYLE_COLOUR('',#17670);
#17903 = MECHANICAL_DESIGN_GEOMETRIC_PRESENTATION_REPRESENTATION('',(
    #17904),#16148);
#17904 = STYLED_ITEM('color',(#17905),#15820);
#17905 = PRESENTATION_STYLE_ASSIGNMENT((#17906));
#17906 = SURFACE_STYLE_USAGE(.BOTH.,#17907);
#17907 = SURFACE_SIDE_STYLE('',(#17908));
#17908 = SURFACE_STYLE_FILL_AREA(#17909);
#17909 = FILL_AREA_STYLE('',(#17910));
#17910 = FILL_AREA_STYLE_COLOUR('',#17911);
#17911 = COLOUR_RGB('',0.992156872037,0.988235296747,0.933333342953);
#17912 = MECHANICAL_DESIGN_GEOMETRIC_PRESENTATION_REPRESENTATION('',(
    #17913,#17920,#17927,#17934,#17941,#17948,#17955,#17962,#17969),
  #11242);
#17913 = STYLED_ITEM('color',(#17914),#11012);
#17914 = PRESENTATION_STYLE_ASSIGNMENT((#17915));
#17915 = SURFACE_STYLE_USAGE(.BOTH.,#17916);
#17916 = SURFACE_SIDE_STYLE('',(#17917));
#17917 = SURFACE_STYLE_FILL_AREA(#17918);
#17918 = FILL_AREA_STYLE('',(#17919));
#17919 = FILL_AREA_STYLE_COLOUR('',#17521);
#17920 = OVER_RIDING_STYLED_ITEM('overriding color',(#17921),#11042,
  #17913);
#17921 = PRESENTATION_STYLE_ASSIGNMENT((#17922));
#17922 = SURFACE_STYLE_USAGE(.BOTH.,#17923);
#17923 = SURFACE_SIDE_STYLE('',(#17924));
#17924 = SURFACE_STYLE_FILL_AREA(#17925);
#17925 = FILL_AREA_STYLE('',(#17926));
#17926 = FILL_AREA_STYLE_COLOUR('',#17521);
#17927 = OVER_RIDING_STYLED_ITEM('overriding color',(#17928),#11066,
  #17913);
#17928 = PRESENTATION_STYLE_ASSIGNMENT((#17929));
#17929 = SURFACE_STYLE_USAGE(.BOTH.,#17930);
#17930 = SURFACE_SIDE_STYLE('',(#17931));
#17931 = SURFACE_STYLE_FILL_AREA(#17932);
#17932 = FILL_AREA_STYLE('',(#17933));
#17933 = FILL_AREA_STYLE_COLOUR('',#17521);
#17934 = OVER_RIDING_STYLED_ITEM('overriding color',(#17935),#11099,
  #17913);
#17935 = PRESENTATION_STYLE_ASSIGNMENT((#17936));
#17936 = SURFACE_STYLE_USAGE(.BOTH.,#17937);
#17937 = SURFACE_SIDE_STYLE('',(#17938));
#17938 = SURFACE_STYLE_FILL_AREA(#17939);
#17939 = FILL_AREA_STYLE('',(#17940));
#17940 = FILL_AREA_STYLE_COLOUR('',#17521);
#17941 = OVER_RIDING_STYLED_ITEM('overriding color',(#17942),#11124,
  #17913);
#17942 = PRESENTATION_STYLE_ASSIGNMENT((#17943));
#17943 = SURFACE_STYLE_USAGE(.BOTH.,#17944);
#17944 = SURFACE_SIDE_STYLE('',(#17945));
#17945 = SURFACE_STYLE_FILL_AREA(#17946);
#17946 = FILL_AREA_STYLE('',(#17947));
#17947 = FILL_AREA_STYLE_COLOUR('',#17521);
#17948 = OVER_RIDING_STYLED_ITEM('overriding color',(#17949),#11148,
  #17913);
#17949 = PRESENTATION_STYLE_ASSIGNMENT((#17950));
#17950 = SURFACE_STYLE_USAGE(.BOTH.,#17951);
#17951 = SURFACE_SIDE_STYLE('',(#17952));
#17952 = SURFACE_STYLE_FILL_AREA(#17953);
#17953 = FILL_AREA_STYLE('',(#17954));
#17954 = FILL_AREA_STYLE_COLOUR('',#17521);
#17955 = OVER_RIDING_STYLED_ITEM('overriding color',(#17956),#11181,
  #17913);
#17956 = PRESENTATION_STYLE_ASSIGNMENT((#17957));
#17957 = SURFACE_STYLE_USAGE(.BOTH.,#17958);
#17958 = SURFACE_SIDE_STYLE('',(#17959));
#17959 = SURFACE_STYLE_FILL_AREA(#17960);
#17960 = FILL_AREA_STYLE('',(#17961));
#17961 = FILL_AREA_STYLE_COLOUR('',#17521);
#17962 = OVER_RIDING_STYLED_ITEM('overriding color',(#17963),#11206,
  #17913);
#17963 = PRESENTATION_STYLE_ASSIGNMENT((#17964));
#17964 = SURFACE_STYLE_USAGE(.BOTH.,#17965);
#17965 = SURFACE_SIDE_STYLE('',(#17966));
#17966 = SURFACE_STYLE_FILL_AREA(#17967);
#17967 = FILL_AREA_STYLE('',(#17968));
#17968 = FILL_AREA_STYLE_COLOUR('',#17521);
#17969 = OVER_RIDING_STYLED_ITEM('overriding color',(#17970),#11226,
  #17913);
#17970 = PRESENTATION_STYLE_ASSIGNMENT((#17971));
#17971 = SURFACE_STYLE_USAGE(.BOTH.,#17972);
#17972 = SURFACE_SIDE_STYLE('',(#17973));
#17973 = SURFACE_STYLE_FILL_AREA(#17974);
#17974 = FILL_AREA_STYLE('',(#17975));
#17975 = FILL_AREA_STYLE_COLOUR('',#17521);
#17976 = MECHANICAL_DESIGN_GEOMETRIC_PRESENTATION_REPRESENTATION('',(
    #17977,#17984,#17991,#17998,#18005,#18012),#10993);
#17977 = STYLED_ITEM('color',(#17978),#10771);
#17978 = PRESENTATION_STYLE_ASSIGNMENT((#17979));
#17979 = SURFACE_STYLE_USAGE(.BOTH.,#17980);
#17980 = SURFACE_SIDE_STYLE('',(#17981));
#17981 = SURFACE_STYLE_FILL_AREA(#17982);
#17982 = FILL_AREA_STYLE('',(#17983));
#17983 = FILL_AREA_STYLE_COLOUR('',#17521);
#17984 = OVER_RIDING_STYLED_ITEM('overriding color',(#17985),#10815,
  #17977);
#17985 = PRESENTATION_STYLE_ASSIGNMENT((#17986));
#17986 = SURFACE_STYLE_USAGE(.BOTH.,#17987);
#17987 = SURFACE_SIDE_STYLE('',(#17988));
#17988 = SURFACE_STYLE_FILL_AREA(#17989);
#17989 = FILL_AREA_STYLE('',(#17990));
#17990 = FILL_AREA_STYLE_COLOUR('',#17521);
#17991 = OVER_RIDING_STYLED_ITEM('overriding color',(#17992),#10864,
  #17977);
#17992 = PRESENTATION_STYLE_ASSIGNMENT((#17993));
#17993 = SURFACE_STYLE_USAGE(.BOTH.,#17994);
#17994 = SURFACE_SIDE_STYLE('',(#17995));
#17995 = SURFACE_STYLE_FILL_AREA(#17996);
#17996 = FILL_AREA_STYLE('',(#17997));
#17997 = FILL_AREA_STYLE_COLOUR('',#17521);
#17998 = OVER_RIDING_STYLED_ITEM('overriding color',(#17999),#10945,
  #17977);
#17999 = PRESENTATION_STYLE_ASSIGNMENT((#18000));
#18000 = SURFACE_STYLE_USAGE(.BOTH.,#18001);
#18001 = SURFACE_SIDE_STYLE('',(#18002));
#18002 = SURFACE_STYLE_FILL_AREA(#18003);
#18003 = FILL_AREA_STYLE('',(#18004));
#18004 = FILL_AREA_STYLE_COLOUR('',#17521);
#18005 = OVER_RIDING_STYLED_ITEM('overriding color',(#18006),#10962,
  #17977);
#18006 = PRESENTATION_STYLE_ASSIGNMENT((#18007));
#18007 = SURFACE_STYLE_USAGE(.BOTH.,#18008);
#18008 = SURFACE_SIDE_STYLE('',(#18009));
#18009 = SURFACE_STYLE_FILL_AREA(#18010);
#18010 = FILL_AREA_STYLE('',(#18011));
#18011 = FILL_AREA_STYLE_COLOUR('',#17521);
#18012 = OVER_RIDING_STYLED_ITEM('overriding color',(#18013),#10979,
  #17977);
#18013 = PRESENTATION_STYLE_ASSIGNMENT((#18014));
#18014 = SURFACE_STYLE_USAGE(.BOTH.,#18015);
#18015 = SURFACE_SIDE_STYLE('',(#18016));
#18016 = SURFACE_STYLE_FILL_AREA(#18017);
#18017 = FILL_AREA_STYLE('',(#18018));
#18018 = FILL_AREA_STYLE_COLOUR('',#17521);
#18019 = MECHANICAL_DESIGN_GEOMETRIC_PRESENTATION_REPRESENTATION('',(
    #18020,#18028,#18035,#18042,#18049,#18056),#11789);
#18020 = STYLED_ITEM('color',(#18021),#11261);
#18021 = PRESENTATION_STYLE_ASSIGNMENT((#18022));
#18022 = SURFACE_STYLE_USAGE(.BOTH.,#18023);
#18023 = SURFACE_SIDE_STYLE('',(#18024));
#18024 = SURFACE_STYLE_FILL_AREA(#18025);
#18025 = FILL_AREA_STYLE('',(#18026));
#18026 = FILL_AREA_STYLE_COLOUR('',#18027);
#18027 = COLOUR_RGB('',0.862745083778,0.627450987486,5.882352716007E-02
  );
#18028 = OVER_RIDING_STYLED_ITEM('overriding color',(#18029),#11627,
  #18020);
#18029 = PRESENTATION_STYLE_ASSIGNMENT((#18030));
#18030 = SURFACE_STYLE_USAGE(.BOTH.,#18031);
#18031 = SURFACE_SIDE_STYLE('',(#18032));
#18032 = SURFACE_STYLE_FILL_AREA(#18033);
#18033 = FILL_AREA_STYLE('',(#18034));
#18034 = FILL_AREA_STYLE_COLOUR('',#18027);
#18035 = OVER_RIDING_STYLED_ITEM('overriding color',(#18036),#11658,
  #18020);
#18036 = PRESENTATION_STYLE_ASSIGNMENT((#18037));
#18037 = SURFACE_STYLE_USAGE(.BOTH.,#18038);
#18038 = SURFACE_SIDE_STYLE('',(#18039));
#18039 = SURFACE_STYLE_FILL_AREA(#18040);
#18040 = FILL_AREA_STYLE('',(#18041));
#18041 = FILL_AREA_STYLE_COLOUR('',#18027);
#18042 = OVER_RIDING_STYLED_ITEM('overriding color',(#18043),#11728,
  #18020);
#18043 = PRESENTATION_STYLE_ASSIGNMENT((#18044));
#18044 = SURFACE_STYLE_USAGE(.BOTH.,#18045);
#18045 = SURFACE_SIDE_STYLE('',(#18046));
#18046 = SURFACE_STYLE_FILL_AREA(#18047);
#18047 = FILL_AREA_STYLE('',(#18048));
#18048 = FILL_AREA_STYLE_COLOUR('',#18027);
#18049 = OVER_RIDING_STYLED_ITEM('overriding color',(#18050),#11745,
  #18020);
#18050 = PRESENTATION_STYLE_ASSIGNMENT((#18051));
#18051 = SURFACE_STYLE_USAGE(.BOTH.,#18052);
#18052 = SURFACE_SIDE_STYLE('',(#18053));
#18053 = SURFACE_STYLE_FILL_AREA(#18054);
#18054 = FILL_AREA_STYLE('',(#18055));
#18055 = FILL_AREA_STYLE_COLOUR('',#18027);
#18056 = OVER_RIDING_STYLED_ITEM('overriding color',(#18057),#11777,
  #18020);
#18057 = PRESENTATION_STYLE_ASSIGNMENT((#18058));
#18058 = SURFACE_STYLE_USAGE(.BOTH.,#18059);
#18059 = SURFACE_SIDE_STYLE('',(#18060));
#18060 = SURFACE_STYLE_FILL_AREA(#18061);
#18061 = FILL_AREA_STYLE('',(#18062));
#18062 = FILL_AREA_STYLE_COLOUR('',#18027);
#18063 = MECHANICAL_DESIGN_GEOMETRIC_PRESENTATION_REPRESENTATION('',(
    #18064,#18071,#18078,#18085),#9893);
#18064 = STYLED_ITEM('color',(#18065),#9755);
#18065 = PRESENTATION_STYLE_ASSIGNMENT((#18066));
#18066 = SURFACE_STYLE_USAGE(.BOTH.,#18067);
#18067 = SURFACE_SIDE_STYLE('',(#18068));
#18068 = SURFACE_STYLE_FILL_AREA(#18069);
#18069 = FILL_AREA_STYLE('',(#18070));
#18070 = FILL_AREA_STYLE_COLOUR('',#18027);
#18071 = OVER_RIDING_STYLED_ITEM('overriding color',(#18072),#9802,
  #18064);
#18072 = PRESENTATION_STYLE_ASSIGNMENT((#18073));
#18073 = SURFACE_STYLE_USAGE(.BOTH.,#18074);
#18074 = SURFACE_SIDE_STYLE('',(#18075));
#18075 = SURFACE_STYLE_FILL_AREA(#18076);
#18076 = FILL_AREA_STYLE('',(#18077));
#18077 = FILL_AREA_STYLE_COLOUR('',#18027);
#18078 = OVER_RIDING_STYLED_ITEM('overriding color',(#18079),#9826,
  #18064);
#18079 = PRESENTATION_STYLE_ASSIGNMENT((#18080));
#18080 = SURFACE_STYLE_USAGE(.BOTH.,#18081);
#18081 = SURFACE_SIDE_STYLE('',(#18082));
#18082 = SURFACE_STYLE_FILL_AREA(#18083);
#18083 = FILL_AREA_STYLE('',(#18084));
#18084 = FILL_AREA_STYLE_COLOUR('',#18027);
#18085 = OVER_RIDING_STYLED_ITEM('overriding color',(#18086),#9883,
  #18064);
#18086 = PRESENTATION_STYLE_ASSIGNMENT((#18087));
#18087 = SURFACE_STYLE_USAGE(.BOTH.,#18088);
#18088 = SURFACE_SIDE_STYLE('',(#18089));
#18089 = SURFACE_STYLE_FILL_AREA(#18090);
#18090 = FILL_AREA_STYLE('',(#18091));
#18091 = FILL_AREA_STYLE_COLOUR('',#18027);
#18092 = MECHANICAL_DESIGN_GEOMETRIC_PRESENTATION_REPRESENTATION('',(
    #18093),#12563);
#18093 = STYLED_ITEM('color',(#18094),#11808);
#18094 = PRESENTATION_STYLE_ASSIGNMENT((#18095));
#18095 = SURFACE_STYLE_USAGE(.BOTH.,#18096);
#18096 = SURFACE_SIDE_STYLE('',(#18097));
#18097 = SURFACE_STYLE_FILL_AREA(#18098);
#18098 = FILL_AREA_STYLE('',(#18099));
#18099 = FILL_AREA_STYLE_COLOUR('',#18100);
#18100 = COLOUR_RGB('',0.949019609525,0.925490190256,0.607843139708);
#18101 = MECHANICAL_DESIGN_GEOMETRIC_PRESENTATION_REPRESENTATION('',(
    #18102,#18110,#18118,#18125,#18132),#17480);
#18102 = STYLED_ITEM('color',(#18103),#16202);
#18103 = PRESENTATION_STYLE_ASSIGNMENT((#18104));
#18104 = SURFACE_STYLE_USAGE(.BOTH.,#18105);
#18105 = SURFACE_SIDE_STYLE('',(#18106));
#18106 = SURFACE_STYLE_FILL_AREA(#18107);
#18107 = FILL_AREA_STYLE('',(#18108));
#18108 = FILL_AREA_STYLE_COLOUR('',#18109);
#18109 = COLOUR_RGB('',0.752941164258,0.752941164258,0.752941164258);
#18110 = OVER_RIDING_STYLED_ITEM('overriding color',(#18111),#16204,
  #18102);
#18111 = PRESENTATION_STYLE_ASSIGNMENT((#18112));
#18112 = SURFACE_STYLE_USAGE(.BOTH.,#18113);
#18113 = SURFACE_SIDE_STYLE('',(#18114));
#18114 = SURFACE_STYLE_FILL_AREA(#18115);
#18115 = FILL_AREA_STYLE('',(#18116));
#18116 = FILL_AREA_STYLE_COLOUR('',#18117);
#18117 = COLOUR_RGB('',0.55686275255,0.494117641438,0.286274508045);
#18118 = OVER_RIDING_STYLED_ITEM('overriding color',(#18119),#16244,
  #18102);
#18119 = PRESENTATION_STYLE_ASSIGNMENT((#18120));
#18120 = SURFACE_STYLE_USAGE(.BOTH.,#18121);
#18121 = SURFACE_SIDE_STYLE('',(#18122));
#18122 = SURFACE_STYLE_FILL_AREA(#18123);
#18123 = FILL_AREA_STYLE('',(#18124));
#18124 = FILL_AREA_STYLE_COLOUR('',#18117);
#18125 = OVER_RIDING_STYLED_ITEM('overriding color',(#18126),#16275,
  #18102);
#18126 = PRESENTATION_STYLE_ASSIGNMENT((#18127));
#18127 = SURFACE_STYLE_USAGE(.BOTH.,#18128);
#18128 = SURFACE_SIDE_STYLE('',(#18129));
#18129 = SURFACE_STYLE_FILL_AREA(#18130);
#18130 = FILL_AREA_STYLE('',(#18131));
#18131 = FILL_AREA_STYLE_COLOUR('',#18117);
#18132 = OVER_RIDING_STYLED_ITEM('overriding color',(#18133),#16306,
  #18102);
#18133 = PRESENTATION_STYLE_ASSIGNMENT((#18134));
#18134 = SURFACE_STYLE_USAGE(.BOTH.,#18135);
#18135 = SURFACE_SIDE_STYLE('',(#18136));
#18136 = SURFACE_STYLE_FILL_AREA(#18137);
#18137 = FILL_AREA_STYLE('',(#18138));
#18138 = FILL_AREA_STYLE_COLOUR('',#18117);
ENDSEC;
END-ISO-10303-21;
